date,price,ticker,source_column,log_price
2010-01-04,1132.989990234375,^GSPC,Adj Close,7.032615426244385
2010-01-05,1136.52001953125,^GSPC,Adj Close,7.035726258211145
2010-01-06,1137.1400146484375,^GSPC,Adj Close,7.036271630098969
2010-01-07,1141.68994140625,^GSPC,Adj Close,7.040264848453623
2010-01-08,1144.97998046875,^GSPC,Adj Close,7.043142431528719
2010-01-11,1146.97998046875,^GSPC,Adj Close,7.044887663157303
2010-01-12,1136.219970703125,^GSPC,Adj Close,7.03546221671836
2010-01-13,1145.6800537109375,^GSPC,Adj Close,7.04375367305172
2010-01-14,1148.4599609375,^GSPC,Adj Close,7.0461771594731335
2010-01-15,1136.030029296875,^GSPC,Adj Close,7.035295033171925
2010-01-19,1150.22998046875,^GSPC,Adj Close,7.047717184379662
2010-01-20,1138.0400390625,^GSPC,Adj Close,7.037062797777801
2010-01-21,1116.47998046875,^GSPC,Adj Close,7.017936140504813
2010-01-22,1091.760009765625,^GSPC,Adj Close,6.995546360874704
2010-01-25,1096.780029296875,^GSPC,Adj Close,7.0001339199285
2010-01-26,1092.1700439453125,^GSPC,Adj Close,6.995921862080714
2010-01-27,1097.5,^GSPC,Adj Close,7.000790144949327
2010-01-28,1084.530029296875,^GSPC,Adj Close,6.988902019415047
2010-01-29,1073.8699951171875,^GSPC,Adj Close,6.979024220365065
2010-02-01,1089.18994140625,^GSPC,Adj Close,6.9931895259114345
2010-02-02,1103.3199462890625,^GSPC,Adj Close,7.006079046356637
2010-02-03,1097.280029296875,^GSPC,Adj Close,7.0005896959740985
2010-02-04,1063.1099853515625,^GSPC,Adj Close,6.968953839924292
2010-02-05,1066.18994140625,^GSPC,Adj Close,6.971846770285119
2010-02-08,1056.739990234375,^GSPC,Adj Close,6.962943967184744
2010-02-09,1070.52001953125,^GSPC,Adj Close,6.975899808958331
2010-02-10,1068.1300048828125,^GSPC,Adj Close,6.973664739530323
2010-02-11,1078.469970703125,^GSPC,Adj Close,6.9832986218654245
2010-02-12,1075.510009765625,^GSPC,Adj Close,6.980550255745483
2010-02-16,1094.8699951171875,^GSPC,Adj Close,6.998390909281745
2010-02-17,1099.510009765625,^GSPC,Adj Close,7.002619913878455
2010-02-18,1106.75,^GSPC,Adj Close,7.0091830716122505
2010-02-19,1109.1700439453125,^GSPC,Adj Close,7.011367306475841
2010-02-22,1108.010009765625,^GSPC,Adj Close,7.010320901350921
2010-02-23,1094.5999755859375,^GSPC,Adj Close,6.998144256405722
2010-02-24,1105.239990234375,^GSPC,Adj Close,7.007817776102913
2010-02-25,1102.93994140625,^GSPC,Adj Close,7.005734567550047
2010-02-26,1104.489990234375,^GSPC,Adj Close,7.007138960106905
2010-03-01,1115.7099609375,^GSPC,Adj Close,7.017246217530508
2010-03-02,1118.31005859375,^GSPC,Adj Close,7.019573948533395
2010-03-03,1118.7900390625,^GSPC,Adj Close,7.020003058054796
2010-03-04,1122.969970703125,^GSPC,Adj Close,7.023732214134367
2010-03-05,1138.699951171875,^GSPC,Adj Close,7.0376424969359705
2010-03-08,1138.5,^GSPC,Adj Close,7.037466885503794
2010-03-09,1140.449951171875,^GSPC,Adj Close,7.039178157527767
2010-03-10,1145.6099853515625,^GSPC,Adj Close,7.04369251243198
2010-03-11,1150.239990234375,^GSPC,Adj Close,7.047725886745486
2010-03-12,1149.989990234375,^GSPC,Adj Close,7.047508517175393
2010-03-15,1150.510009765625,^GSPC,Adj Close,7.047960609798829
2010-03-16,1159.4599609375,^GSPC,Adj Close,7.055709624781988
2010-03-17,1166.2099609375,^GSPC,Adj Close,7.061514420114552
2010-03-18,1165.8299560546875,^GSPC,Adj Close,7.061188520987863
2010-03-19,1159.9000244140625,^GSPC,Adj Close,7.05608909453625
2010-03-22,1165.81005859375,^GSPC,Adj Close,7.06117145363543
2010-03-23,1174.1700439453125,^GSPC,Adj Close,7.068316831420231
2010-03-24,1167.719970703125,^GSPC,Adj Close,7.062808383532942
2010-03-25,1165.72998046875,^GSPC,Adj Close,7.061102762449614
2010-03-26,1166.5899658203125,^GSPC,Adj Close,7.061840213065602
2010-03-29,1173.219970703125,^GSPC,Adj Close,7.0675073593784
2010-03-30,1173.27001953125,^GSPC,Adj Close,7.067550017841331
2010-03-31,1169.4300537109375,^GSPC,Adj Close,7.064271775523298
2010-04-01,1178.0999755859375,^GSPC,Adj Close,7.071658229528822
2010-04-05,1187.43994140625,^GSPC,Adj Close,7.07955495897191
2010-04-06,1189.43994140625,^GSPC,Adj Close,7.081237837847259
2010-04-07,1182.449951171875,^GSPC,Adj Close,7.075343794879997
2010-04-08,1186.43994140625,^GSPC,Adj Close,7.078712456310852
2010-04-09,1194.3699951171875,^GSPC,Adj Close,7.085374124607683
2010-04-12,1196.47998046875,^GSPC,Adj Close,7.087139175464824
2010-04-13,1197.300048828125,^GSPC,Adj Close,7.0878243415046605
2010-04-14,1210.6500244140625,^GSPC,Adj Close,7.098912704604569
2010-04-15,1211.6700439453125,^GSPC,Adj Close,7.099754888595746
2010-04-16,1192.1300048828125,^GSPC,Adj Close,7.083496906177198
2010-04-19,1197.52001953125,^GSPC,Adj Close,7.088008046916729
2010-04-20,1207.1700439453125,^GSPC,Adj Close,7.0960340926538
2010-04-21,1205.93994140625,^GSPC,Adj Close,7.095014576218098
2010-04-22,1208.6700439453125,^GSPC,Adj Close,7.097275896861188
2010-04-23,1217.280029296875,^GSPC,Adj Close,7.104374164544407
2010-04-26,1212.050048828125,^GSPC,Adj Close,7.100068460189314
2010-04-27,1183.7099609375,^GSPC,Adj Close,7.076408820010612
2010-04-28,1191.3599853515625,^GSPC,Adj Close,7.082850778388793
2010-04-29,1206.780029296875,^GSPC,Adj Close,7.095710958670082
2010-04-30,1186.68994140625,^GSPC,Adj Close,7.078923148530216
2010-05-03,1202.260009765625,^GSPC,Adj Close,7.091958405983478
2010-05-04,1173.5999755859375,^GSPC,Adj Close,7.06783120602606
2010-05-05,1165.8699951171875,^GSPC,Adj Close,7.06122286422528
2010-05-06,1128.1500244140625,^GSPC,Adj Close,7.028334423581316
2010-05-07,1110.8800048828125,^GSPC,Adj Close,7.012907777400409
2010-05-10,1159.72998046875,^GSPC,Adj Close,7.055942481546024
2010-05-11,1155.7900390625,^GSPC,Adj Close,7.052539405627558
2010-05-12,1171.6700439453125,^GSPC,Adj Close,7.066185398029383
2010-05-13,1157.43994140625,^GSPC,Adj Close,7.053965898140158
2010-05-14,1135.6800537109375,^GSPC,Adj Close,7.034986916752207
2010-05-17,1136.93994140625,^GSPC,Adj Close,7.036095670373216
2010-05-18,1120.800048828125,^GSPC,Adj Close,7.021798038588218
2010-05-19,1115.050048828125,^GSPC,Adj Close,7.016654569728202
2010-05-20,1071.5899658203125,^GSPC,Adj Close,6.9768987738904364
2010-05-21,1087.68994140625,^GSPC,Adj Close,6.991811406476141
2010-05-24,1073.6500244140625,^GSPC,Adj Close,6.978819360152453
2010-05-25,1074.030029296875,^GSPC,Adj Close,6.979173234917106
2010-05-26,1067.949951171875,^GSPC,Adj Close,6.973496156223455
2010-05-27,1103.06005859375,^GSPC,Adj Close,7.005843467992131
2010-05-28,1089.4100341796875,^GSPC,Adj Close,6.993391575646726
2010-06-01,1070.7099609375,^GSPC,Adj Close,6.976077222322127
2010-06-02,1098.3800048828125,^GSPC,Adj Close,7.001591650430469
2010-06-03,1102.8299560546875,^GSPC,Adj Close,7.005634842413912
2010-06-04,1064.8800048828125,^GSPC,Adj Close,6.970617400324081
2010-06-07,1050.469970703125,^GSPC,Adj Close,6.956992934158365
2010-06-08,1062.0,^GSPC,Adj Close,6.967909201801884
2010-06-09,1055.68994140625,^GSPC,Adj Close,6.961949805059996
2010-06-10,1086.8399658203125,^GSPC,Adj Close,6.9910296507261735
2010-06-11,1091.5999755859375,^GSPC,Adj Close,6.995399766468791
2010-06-14,1089.6300048828125,^GSPC,Adj Close,6.993593472537034
2010-06-15,1115.22998046875,^GSPC,Adj Close,7.016815923135535
2010-06-16,1114.6099853515625,^GSPC,Adj Close,7.016259833781439
2010-06-17,1116.0400390625,^GSPC,Adj Close,7.0175420195938285
2010-06-18,1117.510009765625,^GSPC,Adj Close,7.018858283732284
2010-06-21,1113.199951171875,^GSPC,Adj Close,7.014993985788885
2010-06-22,1095.31005859375,^GSPC,Adj Close,6.998792760701895
2010-06-23,1092.0400390625,^GSPC,Adj Close,6.995802821440826
2010-06-24,1073.68994140625,^GSPC,Adj Close,6.978856538235875
2010-06-25,1076.760009765625,^GSPC,Adj Close,6.98171182016742
2010-06-28,1074.5699462890625,^GSPC,Adj Close,6.979675810556766
2010-06-29,1041.239990234375,^GSPC,Adj Close,6.948167580214557
2010-06-30,1030.7099609375,^GSPC,Adj Close,6.938003126241222
2010-07-01,1027.3699951171875,^GSPC,Adj Close,6.934757412931978
2010-07-02,1022.5800170898438,^GSPC,Adj Close,6.930084141177676
2010-07-06,1028.06005859375,^GSPC,Adj Close,6.935428867065133
2010-07-07,1060.27001953125,^GSPC,Adj Close,6.966278890073397
2010-07-08,1070.25,^GSPC,Adj Close,6.975647545025056
2010-07-09,1077.9599609375,^GSPC,Adj Close,6.982825608791685
2010-07-12,1078.75,^GSPC,Adj Close,6.983558242397637
2010-07-13,1095.3399658203125,^GSPC,Adj Close,6.998820065133211
2010-07-14,1095.1700439453125,^GSPC,Adj Close,6.998664921468418
2010-07-15,1096.47998046875,^GSPC,Adj Close,6.999860310024831
2010-07-16,1064.8800048828125,^GSPC,Adj Close,6.970617400324081
2010-07-19,1071.25,^GSPC,Adj Close,6.97658146991199
2010-07-20,1083.47998046875,^GSPC,Adj Close,6.987933344080982
2010-07-21,1069.5899658203125,^GSPC,Adj Close,6.9750306444986965
2010-07-22,1093.6700439453125,^GSPC,Adj Close,6.997294332321122
2010-07-23,1102.6600341796875,^GSPC,Adj Close,7.005480752505466
2010-07-26,1115.010009765625,^GSPC,Adj Close,7.016618661222196
2010-07-27,1113.8399658203125,^GSPC,Adj Close,7.015568752914676
2010-07-28,1106.1300048828125,^GSPC,Adj Close,7.008622720276397
2010-07-29,1101.530029296875,^GSPC,Adj Close,7.00445542805588
2010-07-30,1101.5999755859375,^GSPC,Adj Close,7.004518925252079
2010-08-02,1125.8599853515625,^GSPC,Adj Close,7.026302454033245
2010-08-03,1120.4599609375,^GSPC,Adj Close,7.021494559391915
2010-08-04,1127.239990234375,^GSPC,Adj Close,7.027527437451943
2010-08-05,1125.81005859375,^GSPC,Adj Close,7.0262581076087285
2010-08-06,1121.6400146484375,^GSPC,Adj Close,7.022547192042331
2010-08-09,1127.7900390625,^GSPC,Adj Close,7.028015279149737
2010-08-10,1121.06005859375,^GSPC,Adj Close,7.022029997545809
2010-08-11,1089.469970703125,^GSPC,Adj Close,6.993446591547848
2010-08-12,1083.6099853515625,^GSPC,Adj Close,6.988053325147776
2010-08-13,1079.25,^GSPC,Adj Close,6.984021634435587
2010-08-16,1079.3800048828125,^GSPC,Adj Close,6.984142085724298
2010-08-17,1092.5400390625,^GSPC,Adj Close,6.996260575325646
2010-08-18,1094.1600341796875,^GSPC,Adj Close,6.997742255811585
2010-08-19,1075.6300048828125,^GSPC,Adj Close,6.980661819954689
2010-08-20,1071.68994140625,^GSPC,Adj Close,6.976992066031769
2010-08-23,1067.3599853515625,^GSPC,Adj Close,6.972943575237216
2010-08-24,1051.8699951171875,^GSPC,Adj Close,6.958324806875225
2010-08-25,1055.3299560546875,^GSPC,Adj Close,6.961608751566862
2010-08-26,1047.219970703125,^GSPC,Adj Close,6.95389428498597
2010-08-27,1064.5899658203125,^GSPC,Adj Close,6.970344995389253
2010-08-30,1048.9200439453125,^GSPC,Adj Close,6.955516384276168
2010-08-31,1049.3299560546875,^GSPC,Adj Close,6.95590710236466
2010-09-01,1080.2900390625,^GSPC,Adj Close,6.98498483875141
2010-09-02,1090.0999755859375,^GSPC,Adj Close,6.994024691738145
2010-09-03,1104.510009765625,^GSPC,Adj Close,7.007157085531306
2010-09-07,1091.8399658203125,^GSPC,Adj Close,6.995619594118538
2010-09-08,1098.8699951171875,^GSPC,Adj Close,7.002037653609441
2010-09-09,1104.1800537109375,^GSPC,Adj Close,7.0068583056684375
2010-09-10,1109.550048828125,^GSPC,Adj Close,7.011709850709128
2010-09-13,1121.9000244140625,^GSPC,Adj Close,7.022778977312273
2010-09-14,1121.0999755859375,^GSPC,Adj Close,7.022065603382665
2010-09-15,1125.0699462890625,^GSPC,Adj Close,7.025600487184934
2010-09-16,1124.6600341796875,^GSPC,Adj Close,7.025236077129088
2010-09-17,1125.5899658203125,^GSPC,Adj Close,7.02606259124402
2010-09-20,1142.7099609375,^GSPC,Adj Close,7.041157879133578
2010-09-21,1139.780029296875,^GSPC,Adj Close,7.038590566012863
2010-09-22,1134.280029296875,^GSPC,Adj Close,7.033753393218412
2010-09-23,1124.8299560546875,^GSPC,Adj Close,7.025387153040571
2010-09-24,1148.6700439453125,^GSPC,Adj Close,7.046360068588379
2010-09-27,1142.1600341796875,^GSPC,Adj Close,7.040676515406445
2010-09-28,1147.699951171875,^GSPC,Adj Close,7.045515176142294
2010-09-29,1144.72998046875,^GSPC,Adj Close,7.042924063259149
2010-09-30,1141.199951171875,^GSPC,Adj Close,7.039835576552694
2010-10-01,1146.239990234375,^GSPC,Adj Close,7.044242290912589
2010-10-04,1137.030029296875,^GSPC,Adj Close,7.036174904392867
2010-10-05,1160.75,^GSPC,Adj Close,7.056821626900031
2010-10-06,1159.969970703125,^GSPC,Adj Close,7.056149396440436
2010-10-07,1158.06005859375,^GSPC,Adj Close,7.054501520858642
2010-10-08,1165.1500244140625,^GSPC,Adj Close,7.060605134029926
2010-10-11,1165.3199462890625,^GSPC,Adj Close,7.060750960303113
2010-10-12,1169.77001953125,^GSPC,Adj Close,7.064562443967263
2010-10-13,1178.0999755859375,^GSPC,Adj Close,7.071658229528822
2010-10-14,1173.81005859375,^GSPC,Adj Close,7.068010197344419
2010-10-15,1176.18994140625,^GSPC,Adj Close,7.070035630217694
2010-10-18,1184.7099609375,^GSPC,Adj Close,7.0772532649084
2010-10-19,1165.9000244140625,^GSPC,Adj Close,7.061248620879345
2010-10-20,1178.1700439453125,^GSPC,Adj Close,7.071717703493023
2010-10-21,1180.260009765625,^GSPC,Adj Close,7.073490040445823
2010-10-22,1183.0799560546875,^GSPC,Adj Close,7.075876449230114
2010-10-25,1185.6199951171875,^GSPC,Adj Close,7.078021119376995
2010-10-26,1185.6400146484375,^GSPC,Adj Close,7.078038004519213
2010-10-27,1182.449951171875,^GSPC,Adj Close,7.075343794879997
2010-10-28,1183.780029296875,^GSPC,Adj Close,7.076468012116753
2010-10-29,1183.260009765625,^GSPC,Adj Close,7.076028628303185
2010-11-01,1184.3800048828125,^GSPC,Adj Close,7.076974714020438
2010-11-02,1193.5699462890625,^GSPC,Adj Close,7.084704050085132
2010-11-03,1197.9599609375,^GSPC,Adj Close,7.088375356528817
2010-11-04,1221.06005859375,^GSPC,Adj Close,7.1074746609384825
2010-11-05,1225.8499755859375,^GSPC,Adj Close,7.111389739992093
2010-11-08,1223.25,^GSPC,Adj Close,7.109266530169233
2010-11-09,1213.4000244140625,^GSPC,Adj Close,7.101181635628572
2010-11-10,1218.7099609375,^GSPC,Adj Close,7.105548169208297
2010-11-11,1213.5400390625,^GSPC,Adj Close,7.10129701931744
2010-11-12,1199.2099609375,^GSPC,Adj Close,7.089418253072687
2010-11-15,1197.75,^GSPC,Adj Close,7.088200075763232
2010-11-16,1178.3399658203125,^GSPC,Adj Close,7.071861918348543
2010-11-17,1178.5899658203125,^GSPC,Adj Close,7.072074058724532
2010-11-18,1196.68994140625,^GSPC,Adj Close,7.087314642268179
2010-11-19,1199.72998046875,^GSPC,Adj Close,7.089851794180089
2010-11-22,1197.8399658203125,^GSPC,Adj Close,7.0882751852950285
2010-11-23,1180.72998046875,^GSPC,Adj Close,7.073888153704479
2010-11-24,1198.3499755859375,^GSPC,Adj Close,7.088700869223096
2010-11-26,1189.4000244140625,^GSPC,Adj Close,7.081204277798862
2010-11-29,1187.760009765625,^GSPC,Adj Close,7.079824467533625
2010-11-30,1180.550048828125,^GSPC,Adj Close,7.0737357519234605
2010-12-01,1206.0699462890625,^GSPC,Adj Close,7.09512237418659
2010-12-02,1221.530029296875,^GSPC,Adj Close,7.107859474347211
2010-12-03,1224.7099609375,^GSPC,Adj Close,7.110459328363563
2010-12-06,1223.1199951171875,^GSPC,Adj Close,7.109160246260262
2010-12-07,1223.75,^GSPC,Adj Close,7.10967519384472
2010-12-08,1228.280029296875,^GSPC,Adj Close,7.113370119597335
2010-12-09,1233.0,^GSPC,Adj Close,7.117205503164344
2010-12-10,1240.4000244140625,^GSPC,Adj Close,7.123189206908704
2010-12-13,1240.4599609375,^GSPC,Adj Close,7.123237526059163
2010-12-14,1241.5899658203125,^GSPC,Adj Close,7.124148067743843
2010-12-15,1235.22998046875,^GSPC,Adj Close,7.119012450728508
2010-12-16,1242.8699951171875,^GSPC,Adj Close,7.125178496432781
2010-12-17,1243.9100341796875,^GSPC,Adj Close,7.126014950892674
2010-12-20,1247.0799560546875,^GSPC,Adj Close,7.128560062353218
2010-12-21,1254.5999755859375,^GSPC,Adj Close,7.134572056203004
2010-12-22,1258.8399658203125,^GSPC,Adj Close,7.137945913828546
2010-12-23,1256.77001953125,^GSPC,Adj Close,7.136300232050942
2010-12-27,1257.5400390625,^GSPC,Adj Close,7.136912741675753
2010-12-28,1258.510009765625,^GSPC,Adj Close,7.137683768270895
2010-12-29,1259.780029296875,^GSPC,Adj Close,7.13869240478156
2010-12-30,1257.8800048828125,^GSPC,Adj Close,7.137183047085142
2010-12-31,1257.6400146484375,^GSPC,Adj Close,7.136992239432459
2011-01-03,1271.8699951171875,^GSPC,Adj Close,7.14824353358022
2011-01-04,1270.199951171875,^GSPC,Adj Close,7.146929608927585
2011-01-05,1276.56005859375,^GSPC,Adj Close,7.151924285001893
2011-01-06,1273.8499755859375,^GSPC,Adj Close,7.149799070631256
2011-01-07,1271.5,^GSPC,Adj Close,7.147952584862174
2011-01-10,1269.75,^GSPC,Adj Close,7.146575309681355
2011-01-11,1274.47998046875,^GSPC,Adj Close,7.150293515939762
2011-01-12,1285.9599609375,^GSPC,Adj Close,7.159260769738612
2011-01-13,1283.760009765625,^GSPC,Adj Close,7.157548558498153
2011-01-14,1293.239990234375,^GSPC,Adj Close,7.164905968845455
2011-01-18,1295.02001953125,^GSPC,Adj Close,7.166281433111638
2011-01-19,1281.9200439453125,^GSPC,Adj Close,7.1561142673182525
2011-01-20,1280.260009765625,^GSPC,Adj Close,7.154818468914418
2011-01-21,1283.3499755859375,^GSPC,Adj Close,7.157229106518678
2011-01-24,1290.8399658203125,^GSPC,Adj Close,7.163048421753274
2011-01-25,1291.1800537109375,^GSPC,Adj Close,7.163311849526893
2011-01-26,1296.6300048828125,^GSPC,Adj Close,7.167523873675373
2011-01-27,1299.5400390625,^GSPC,Adj Close,7.169765664736173
2011-01-28,1276.3399658203125,^GSPC,Adj Close,7.1517518593119895
2011-01-31,1286.1199951171875,^GSPC,Adj Close,7.159385209244871
2011-02-01,1307.5899658203125,^GSPC,Adj Close,7.175941001082705
2011-02-02,1304.030029296875,^GSPC,Adj Close,7.173214770823342
2011-02-03,1307.0999755859375,^GSPC,Adj Close,7.175566203113469
2011-02-04,1310.8699951171875,^GSPC,Adj Close,7.178446314176221
2011-02-07,1319.050048828125,^GSPC,Adj Close,7.184667096522174
2011-02-08,1324.5699462890625,^GSPC,Adj Close,7.188843116898013
2011-02-09,1320.8800048828125,^GSPC,Adj Close,7.186053463820213
2011-02-10,1321.8699951171875,^GSPC,Adj Close,7.186802676027711
2011-02-11,1329.1500244140625,^GSPC,Adj Close,7.192294937529598
2011-02-14,1332.3199462890625,^GSPC,Adj Close,7.194677022173667
2011-02-15,1328.010009765625,^GSPC,Adj Close,7.191436867482087
2011-02-16,1336.3199462890625,^GSPC,Adj Close,7.197674806180939
2011-02-17,1340.4300537109375,^GSPC,Adj Close,7.200745777061319
2011-02-18,1343.010009765625,^GSPC,Adj Close,7.202668649783344
2011-02-22,1315.43994140625,^GSPC,Adj Close,7.1819264448628894
2011-02-23,1307.4000244140625,^GSPC,Adj Close,7.17579572985238
2011-02-24,1306.0999755859375,^GSPC,Adj Close,7.174800857891137
2011-02-25,1319.8800048828125,^GSPC,Adj Close,7.185296106056462
2011-02-28,1327.219970703125,^GSPC,Adj Close,7.190841786007695
2011-03-01,1306.3299560546875,^GSPC,Adj Close,7.174976924216637
2011-03-02,1308.43994140625,^GSPC,Adj Close,7.1765908221061565
2011-03-03,1330.969970703125,^GSPC,Adj Close,7.193663256685396
2011-03-04,1321.1500244140625,^GSPC,Adj Close,7.186257866896026
2011-03-07,1310.1300048828125,^GSPC,Adj Close,7.1778816516397566
2011-03-08,1321.8199462890625,^GSPC,Adj Close,7.186764813169933
2011-03-09,1320.02001953125,^GSPC,Adj Close,7.185402181776962
2011-03-10,1295.1099853515625,^GSPC,Adj Close,7.166350901300632
2011-03-11,1304.280029296875,^GSPC,Adj Close,7.1734064658252015
2011-03-14,1296.3900146484375,^GSPC,Adj Close,7.167338768868428
2011-03-15,1281.8699951171875,^GSPC,Adj Close,7.1560752244735815
2011-03-16,1256.8800048828125,^GSPC,Adj Close,7.136387742524209
2011-03-17,1273.719970703125,^GSPC,Adj Close,7.149697008756084
2011-03-18,1279.2099609375,^GSPC,Adj Close,7.153997948338629
2011-03-21,1298.3800048828125,^GSPC,Adj Close,7.168872616268812
2011-03-22,1293.77001953125,^GSPC,Adj Close,7.165315730927774
2011-03-23,1297.5400390625,^GSPC,Adj Close,7.1682254731862765
2011-03-24,1309.6600341796875,^GSPC,Adj Close,7.177522866621752
2011-03-25,1313.800048828125,^GSPC,Adj Close,7.180679017623941
2011-03-28,1310.18994140625,^GSPC,Adj Close,7.17792739912455
2011-03-29,1319.43994140625,^GSPC,Adj Close,7.184962638731852
2011-03-30,1328.260009765625,^GSPC,Adj Close,7.191625101358087
2011-03-31,1325.8299560546875,^GSPC,Adj Close,7.189793924253111
2011-04-01,1332.4100341796875,^GSPC,Adj Close,7.194744637197568
2011-04-04,1332.8699951171875,^GSPC,Adj Close,7.19508978737842
2011-04-05,1332.6300048828125,^GSPC,Adj Close,7.194909715920889
2011-04-06,1335.5400390625,^GSPC,Adj Close,7.197091012679042
2011-04-07,1333.510009765625,^GSPC,Adj Close,7.195569849979817
2011-04-08,1328.1700439453125,^GSPC,Adj Close,7.191557366978842
2011-04-11,1324.4599609375,^GSPC,Adj Close,7.188760078687441
2011-04-12,1314.1600341796875,^GSPC,Adj Close,7.180952983241716
2011-04-13,1314.4100341796875,^GSPC,Adj Close,7.181143200732026
2011-04-14,1314.52001953125,^GSPC,Adj Close,7.181226873822888
2011-04-15,1319.6800537109375,^GSPC,Adj Close,7.185144602648456
2011-04-18,1305.1400146484375,^GSPC,Adj Close,7.174065604919877
2011-04-19,1312.6199951171875,^GSPC,Adj Close,7.179780415137972
2011-04-20,1330.3599853515625,^GSPC,Adj Close,7.19320485027032
2011-04-21,1337.3800048828125,^GSPC,Adj Close,7.198467758769976
2011-04-25,1335.25,^GSPC,Adj Close,7.19687381921988
2011-04-26,1347.239990234375,^GSPC,Adj Close,7.205813327010072
2011-04-27,1355.6600341796875,^GSPC,Adj Close,7.212043724809901
2011-04-28,1360.47998046875,^GSPC,Adj Close,7.215592843281336
2011-04-29,1363.6099853515625,^GSPC,Adj Close,7.2178908630233565
2011-05-02,1361.219970703125,^GSPC,Adj Close,7.216136613914311
2011-05-03,1356.6199951171875,^GSPC,Adj Close,7.212751587543258
2011-05-04,1347.3199462890625,^GSPC,Adj Close,7.205872673290426
2011-05-05,1335.0999755859375,^GSPC,Adj Close,7.196761456109732
2011-05-06,1340.199951171875,^GSPC,Adj Close,7.200574099105609
2011-05-09,1346.2900390625,^GSPC,Adj Close,7.20510796920754
2011-05-10,1357.1600341796875,^GSPC,Adj Close,7.213149585217203
2011-05-11,1342.0799560546875,^GSPC,Adj Close,7.201975895529317
2011-05-12,1348.6500244140625,^GSPC,Adj Close,7.206859389201485
2011-05-13,1337.77001953125,^GSPC,Adj Close,7.19875934215606
2011-05-16,1329.469970703125,^GSPC,Adj Close,7.192535623517964
2011-05-17,1328.97998046875,^GSPC,Adj Close,7.192166994994634
2011-05-18,1340.6800537109375,^GSPC,Adj Close,7.200932266978337
2011-05-19,1343.5999755859375,^GSPC,Adj Close,7.2031078395675046
2011-05-20,1333.27001953125,^GSPC,Adj Close,7.19538986495489
2011-05-23,1317.3699951171875,^GSPC,Adj Close,7.183392600113902
2011-05-24,1316.280029296875,^GSPC,Adj Close,7.18256487746857
2011-05-25,1320.469970703125,^GSPC,Adj Close,7.18574299062524
2011-05-26,1325.68994140625,^GSPC,Adj Close,7.189688313392939
2011-05-27,1331.0999755859375,^GSPC,Adj Close,7.193760928711705
2011-05-31,1345.199951171875,^GSPC,Adj Close,7.204297943568073
2011-06-01,1314.550048828125,^GSPC,Adj Close,7.181249717867432
2011-06-02,1312.93994140625,^GSPC,Adj Close,7.180024131753385
2011-06-03,1300.1600341796875,^GSPC,Adj Close,7.170242639088193
2011-06-06,1286.1700439453125,^GSPC,Adj Close,7.159424123074471
2011-06-07,1284.93994140625,^GSPC,Adj Close,7.158467258031803
2011-06-08,1279.56005859375,^GSPC,Adj Close,7.154271593610195
2011-06-09,1289.0,^GSPC,Adj Close,7.161622002939187
2011-06-10,1270.97998046875,^GSPC,Adj Close,7.147543520057341
2011-06-13,1271.8299560546875,^GSPC,Adj Close,7.148212052616842
2011-06-14,1287.8699951171875,^GSPC,Adj Close,7.16074496610195
2011-06-15,1265.4200439453125,^GSPC,Adj Close,7.143159396594692
2011-06-16,1267.6400146484375,^GSPC,Adj Close,7.144912194570375
2011-06-17,1271.5,^GSPC,Adj Close,7.147952584862174
2011-06-20,1278.3599853515625,^GSPC,Adj Close,7.153333273952333
2011-06-21,1295.52001953125,^GSPC,Adj Close,7.166667453013797
2011-06-22,1287.1400146484375,^GSPC,Adj Close,7.160177993169389
2011-06-23,1283.5,^GSPC,Adj Close,7.157346000311195
2011-06-24,1268.449951171875,^GSPC,Adj Close,7.145550923134337
2011-06-27,1280.0999755859375,^GSPC,Adj Close,7.154693459790067
2011-06-28,1296.6700439453125,^GSPC,Adj Close,7.1675547525260646
2011-06-29,1307.4100341796875,^GSPC,Adj Close,7.175803386060977
2011-06-30,1320.6400146484375,^GSPC,Adj Close,7.18587175765614
2011-07-01,1339.6700439453125,^GSPC,Adj Close,7.200178626762223
2011-07-05,1337.8800048828125,^GSPC,Adj Close,7.198841554217144
2011-07-06,1339.219970703125,^GSPC,Adj Close,7.19984261203675
2011-07-07,1353.219970703125,^GSPC,Adj Close,7.210242194928842
2011-07-08,1343.800048828125,^GSPC,Adj Close,7.203256736821906
2011-07-11,1319.489990234375,^GSPC,Adj Close,7.185000569885332
2011-07-12,1313.6400146484375,^GSPC,Adj Close,7.180557200055495
2011-07-13,1317.719970703125,^GSPC,Adj Close,7.183658227164617
2011-07-14,1308.8699951171875,^GSPC,Adj Close,7.176919444795282
2011-07-15,1316.1400146484375,^GSPC,Adj Close,7.182458500335565
2011-07-18,1305.43994140625,^GSPC,Adj Close,7.174295382796197
2011-07-19,1326.72998046875,^GSPC,Adj Close,7.1904725324430405
2011-07-20,1325.8399658203125,^GSPC,Adj Close,7.189801474035641
2011-07-21,1343.800048828125,^GSPC,Adj Close,7.203256736821906
2011-07-22,1345.02001953125,^GSPC,Adj Close,7.204164176335019
2011-07-25,1337.4300537109375,^GSPC,Adj Close,7.198505181111775
2011-07-26,1331.93994140625,^GSPC,Adj Close,7.194391761049446
2011-07-27,1304.8900146484375,^GSPC,Adj Close,7.173874036242155
2011-07-28,1300.6700439453125,^GSPC,Adj Close,7.17063482908665
2011-07-29,1292.280029296875,^GSPC,Adj Close,7.164163401799477
2011-08-01,1286.93994140625,^GSPC,Adj Close,7.160022540933245
2011-08-02,1254.050048828125,^GSPC,Adj Close,7.134133631742621
2011-08-03,1260.3399658203125,^GSPC,Adj Close,7.139136777695339
2011-08-04,1200.0699462890625,^GSPC,Adj Close,7.090135122651597
2011-08-05,1199.3800048828125,^GSPC,Adj Close,7.089560039662325
2011-08-08,1119.4599609375,^GSPC,Adj Close,7.0206016702697
2011-08-09,1172.530029296875,^GSPC,Adj Close,7.066919111333088
2011-08-10,1120.760009765625,^GSPC,Adj Close,7.021762314305613
2011-08-11,1172.6400146484375,^GSPC,Adj Close,7.067012908669385
2011-08-12,1178.81005859375,^GSPC,Adj Close,7.072260783736661
2011-08-15,1204.489990234375,^GSPC,Adj Close,7.093811511712695
2011-08-16,1192.760009765625,^GSPC,Adj Close,7.084025236535075
2011-08-17,1193.8900146484375,^GSPC,Adj Close,7.084972174674888
2011-08-18,1140.6500244140625,^GSPC,Adj Close,7.039353575742524
2011-08-19,1123.530029296875,^GSPC,Adj Close,7.024230819614316
2011-08-22,1123.8199462890625,^GSPC,Adj Close,7.0244888274875406
2011-08-23,1162.3499755859375,^GSPC,Adj Close,7.058199075874015
2011-08-24,1177.5999755859375,^GSPC,Adj Close,7.071233727242562
2011-08-25,1159.27001953125,^GSPC,Adj Close,7.0555457925046
2011-08-26,1176.800048828125,^GSPC,Adj Close,7.070554210779515
2011-08-29,1210.0799560546875,^GSPC,Adj Close,7.09844171579168
2011-08-30,1212.9200439453125,^GSPC,Adj Close,7.100785990815449
2011-08-31,1218.8900146484375,^GSPC,Adj Close,7.10569589952752
2011-09-01,1204.4200439453125,^GSPC,Adj Close,7.093753438735216
2011-09-02,1173.969970703125,^GSPC,Adj Close,7.068146421443463
2011-09-06,1165.239990234375,^GSPC,Adj Close,7.060682344985853
2011-09-07,1198.6199951171875,^GSPC,Adj Close,7.088926169945
2011-09-08,1185.9000244140625,^GSPC,Adj Close,7.078257279557698
2011-09-09,1154.22998046875,^GSPC,Adj Close,7.051188717046736
2011-09-12,1162.27001953125,^GSPC,Adj Close,7.058130285228759
2011-09-13,1172.8699951171875,^GSPC,Adj Close,7.067209011409113
2011-09-14,1188.6800537109375,^GSPC,Adj Close,7.080598771927344
2011-09-15,1209.1099853515625,^GSPC,Adj Close,7.097639818645448
2011-09-16,1216.010009765625,^GSPC,Adj Close,7.103330294207384
2011-09-19,1204.0899658203125,^GSPC,Adj Close,7.093479345519304
2011-09-20,1202.0899658203125,^GSPC,Adj Close,7.09181695906658
2011-09-21,1166.760009765625,^GSPC,Adj Close,7.061985963979432
2011-09-22,1129.56005859375,^GSPC,Adj Close,7.029583507220202
2011-09-23,1136.4300537109375,^GSPC,Adj Close,7.035647096049672
2011-09-26,1162.949951171875,^GSPC,Adj Close,7.058715117346641
2011-09-27,1175.3800048828125,^GSPC,Adj Close,7.069346782703936
2011-09-28,1151.06005859375,^GSPC,Adj Close,7.0484385868512405
2011-09-29,1160.4000244140625,^GSPC,Adj Close,7.0565200732866
2011-09-30,1131.4200439453125,^GSPC,Adj Close,7.031228798807733
2011-10-03,1099.22998046875,^GSPC,Adj Close,7.002365195903949
2011-10-04,1123.949951171875,^GSPC,Adj Close,7.024604502035103
2011-10-05,1144.030029296875,^GSPC,Adj Close,7.042312420980615
2011-10-06,1164.969970703125,^GSPC,Adj Close,7.060450589447095
2011-10-07,1155.4599609375,^GSPC,Adj Close,7.052253778259472
2011-10-10,1194.8900146484375,^GSPC,Adj Close,7.085809422178761
2011-10-11,1195.5400390625,^GSPC,Adj Close,7.086353277816014
2011-10-12,1207.25,^GSPC,Adj Close,7.096100324753651
2011-10-13,1203.6600341796875,^GSPC,Adj Close,7.093122222358515
2011-10-14,1224.5799560546875,^GSPC,Adj Close,7.110353171160993
2011-10-17,1200.8599853515625,^GSPC,Adj Close,7.090793233561544
2011-10-18,1225.3800048828125,^GSPC,Adj Close,7.111006282941855
2011-10-19,1209.8800048828125,^GSPC,Adj Close,7.098276464154829
2011-10-20,1215.3900146484375,^GSPC,Adj Close,7.102820303975912
2011-10-21,1238.25,^GSPC,Adj Close,7.121454371468347
2011-10-24,1254.18994140625,^GSPC,Adj Close,7.134245178148719
2011-10-25,1229.050048828125,^GSPC,Adj Close,7.113996831949337
2011-10-26,1242.0,^GSPC,Adj Close,7.124478262493424
2011-10-27,1284.5899658203125,^GSPC,Adj Close,7.158194853661558
2011-10-28,1285.0899658203125,^GSPC,Adj Close,7.1585840071901
2011-10-31,1253.300048828125,^GSPC,Adj Close,7.133535390577122
2011-11-01,1218.280029296875,^GSPC,Adj Close,7.105195330955528
2011-11-02,1237.9000244140625,^GSPC,Adj Close,7.121171694259925
2011-11-03,1261.1500244140625,^GSPC,Adj Close,7.139779301460855
2011-11-04,1253.22998046875,^GSPC,Adj Close,7.133479481923666
2011-11-07,1261.1199951171875,^GSPC,Adj Close,7.139755490134832
2011-11-08,1275.9200439453125,^GSPC,Adj Close,7.151422800456557
2011-11-09,1229.0999755859375,^GSPC,Adj Close,7.114037453357569
2011-11-10,1239.699951171875,^GSPC,Adj Close,7.122624654457051
2011-11-11,1263.8499755859375,^GSPC,Adj Close,7.141917877461565
2011-11-14,1251.780029296875,^GSPC,Adj Close,7.13232184077401
2011-11-15,1257.81005859375,^GSPC,Adj Close,7.13712743905131
2011-11-16,1236.9100341796875,^GSPC,Adj Close,7.120371640709355
2011-11-17,1216.1300048828125,^GSPC,Adj Close,7.103428968721649
2011-11-18,1215.6500244140625,^GSPC,Adj Close,7.103034212231177
2011-11-21,1192.97998046875,^GSPC,Adj Close,7.084209641126228
2011-11-22,1188.0400390625,^GSPC,Adj Close,7.080060202269222
2011-11-23,1161.7900390625,^GSPC,Adj Close,7.057717231810626
2011-11-25,1158.6700439453125,^GSPC,Adj Close,7.055028112510375
2011-11-28,1192.550048828125,^GSPC,Adj Close,7.083849191548985
2011-11-29,1195.18994140625,^GSPC,Adj Close,7.086060398518383
2011-11-30,1246.9599609375,^GSPC,Adj Close,7.12846383685461
2011-12-01,1244.5799560546875,^GSPC,Adj Close,7.126553367276757
2011-12-02,1244.280029296875,^GSPC,Adj Close,7.1263123519034295
2011-12-05,1257.0799560546875,^GSPC,Adj Close,7.136546815202696
2011-12-06,1258.469970703125,^GSPC,Adj Close,7.137651953109222
2011-12-07,1261.010009765625,^GSPC,Adj Close,7.139668273891879
2011-12-08,1234.3499755859375,^GSPC,Adj Close,7.11829977494095
2011-12-09,1255.18994140625,^GSPC,Adj Close,7.135042187848035
2011-12-12,1236.469970703125,^GSPC,Adj Close,7.120015800943256
2011-12-13,1225.72998046875,^GSPC,Adj Close,7.111291847922951
2011-12-14,1211.8199462890625,^GSPC,Adj Close,7.099878596425813
2011-12-15,1215.75,^GSPC,Adj Close,7.103116449283895
2011-12-16,1219.6600341796875,^GSPC,Adj Close,7.106327438385796
2011-12-19,1205.3499755859375,^GSPC,Adj Close,7.094525239927238
2011-12-20,1241.300048828125,^GSPC,Adj Close,7.123914535858182
2011-12-21,1243.719970703125,^GSPC,Adj Close,7.125862144023036
2011-12-22,1254.0,^GSPC,Adj Close,7.134093721192866
2011-12-23,1265.3299560546875,^GSPC,Adj Close,7.143088201975972
2011-12-27,1265.4300537109375,^GSPC,Adj Close,7.143167306795011
2011-12-28,1249.6400146484375,^GSPC,Adj Close,7.130610800538508
2011-12-29,1263.02001953125,^GSPC,Adj Close,7.141260973001789
2011-12-30,1257.5999755859375,^GSPC,Adj Close,7.136960402261725
2012-01-03,1277.06005859375,^GSPC,Adj Close,7.152315885931902
2012-01-04,1277.300048828125,^GSPC,Adj Close,7.152503792276339
2012-01-05,1281.06005859375,^GSPC,Adj Close,7.155443184945834
2012-01-06,1277.81005859375,^GSPC,Adj Close,7.152902999943295
2012-01-09,1280.699951171875,^GSPC,Adj Close,7.155162044305903
2012-01-10,1292.0799560546875,^GSPC,Adj Close,7.164008567918963
2012-01-11,1292.47998046875,^GSPC,Adj Close,7.164318117263596
2012-01-12,1295.5,^GSPC,Adj Close,7.1666520000021645
2012-01-13,1289.0899658203125,^GSPC,Adj Close,7.161691795554296
2012-01-17,1293.6700439453125,^GSPC,Adj Close,7.16523845332247
2012-01-18,1308.0400390625,^GSPC,Adj Close,7.1762851424526914
2012-01-19,1314.5,^GSPC,Adj Close,7.181211644169936
2012-01-20,1315.3800048828125,^GSPC,Adj Close,7.181880879963222
2012-01-23,1316.0,^GSPC,Adj Close,7.182352111885263
2012-01-24,1314.6500244140625,^GSPC,Adj Close,7.181325768060039
2012-01-25,1326.06005859375,^GSPC,Adj Close,7.1899674627772345
2012-01-26,1318.4300537109375,^GSPC,Adj Close,7.184196954489246
2012-01-27,1316.3299560546875,^GSPC,Adj Close,7.182602806943955
2012-01-30,1313.010009765625,^GSPC,Adj Close,7.18007749785761
2012-01-31,1312.4100341796875,^GSPC,Adj Close,7.179620446729532
2012-02-01,1324.0899658203125,^GSPC,Adj Close,7.188480684203798
2012-02-02,1325.5400390625,^GSPC,Adj Close,7.189575232034465
2012-02-03,1344.9000244140625,^GSPC,Adj Close,7.204074957982573
2012-02-06,1344.3299560546875,^GSPC,Adj Close,7.203650993969041
2012-02-07,1347.050048828125,^GSPC,Adj Close,7.205672331494512
2012-02-08,1349.9599609375,^GSPC,Adj Close,7.207830212427837
2012-02-09,1351.949951171875,^GSPC,Adj Close,7.209303237553715
2012-02-10,1342.6400146484375,^GSPC,Adj Close,7.202393114910099
2012-02-13,1351.77001953125,^GSPC,Adj Close,7.209170138236596
2012-02-14,1350.5,^GSPC,Adj Close,7.20823017323267
2012-02-15,1343.22998046875,^GSPC,Adj Close,7.202832425696454
2012-02-16,1358.0400390625,^GSPC,Adj Close,7.21379779152973
2012-02-17,1361.22998046875,^GSPC,Adj Close,7.216143967412671
2012-02-21,1362.2099609375,^GSPC,Adj Close,7.216863631170367
2012-02-22,1357.6600341796875,^GSPC,Adj Close,7.213517933758221
2012-02-23,1363.4599609375,^GSPC,Adj Close,7.217780836938827
2012-02-24,1365.739990234375,^GSPC,Adj Close,7.219451678114336
2012-02-27,1367.5899658203125,^GSPC,Adj Close,7.220805320666215
2012-02-28,1372.1800537109375,^GSPC,Adj Close,7.22415603415853
2012-02-29,1365.6800537109375,^GSPC,Adj Close,7.219407791401577
2012-03-01,1374.0899658203125,^GSPC,Adj Close,7.22554694794611
2012-03-02,1369.6300048828125,^GSPC,Adj Close,7.222295912918251
2012-03-05,1364.3299560546875,^GSPC,Adj Close,7.218418712415429
2012-03-06,1343.3599853515625,^GSPC,Adj Close,7.202929206287886
2012-03-07,1352.6300048828125,^GSPC,Adj Close,7.20980612801088
2012-03-08,1365.9100341796875,^GSPC,Adj Close,7.219576177185602
2012-03-09,1370.8699951171875,^GSPC,Adj Close,7.223200850206334
2012-03-12,1371.0899658203125,^GSPC,Adj Close,7.223361297993121
2012-03-13,1395.949951171875,^GSPC,Adj Close,7.241330431083556
2012-03-14,1394.280029296875,^GSPC,Adj Close,7.24013345299496
2012-03-15,1402.5999755859375,^GSPC,Adj Close,7.24608291869652
2012-03-16,1404.1700439453125,^GSPC,Adj Close,7.24720169117322
2012-03-19,1409.75,^GSPC,Adj Close,7.251167662687291
2012-03-20,1405.52001953125,^GSPC,Adj Close,7.248162633952901
2012-03-21,1402.8900146484375,^GSPC,Adj Close,7.246289684049127
2012-03-22,1392.780029296875,^GSPC,Adj Close,7.239057049822229
2012-03-23,1397.1099853515625,^GSPC,Adj Close,7.242161085829785
2012-03-26,1416.510009765625,^GSPC,Adj Close,7.255951385793874
2012-03-27,1412.52001953125,^GSPC,Adj Close,7.253130636039628
2012-03-28,1405.5400390625,^GSPC,Adj Close,7.248176877356339
2012-03-29,1403.280029296875,^GSPC,Adj Close,7.246567653412951
2012-03-30,1408.469970703125,^GSPC,Adj Close,7.250259267034572
2012-04-02,1419.0400390625,^GSPC,Adj Close,7.257735893155555
2012-04-03,1413.3800048828125,^GSPC,Adj Close,7.253739281335413
2012-04-04,1398.9599609375,^GSPC,Adj Close,7.2434843544828755
2012-04-05,1398.0799560546875,^GSPC,Adj Close,7.242855114330454
2012-04-09,1382.199951171875,^GSPC,Adj Close,7.231431676330912
2012-04-10,1358.5899658203125,^GSPC,Adj Close,7.214202651053726
2012-04-11,1368.7099609375,^GSPC,Adj Close,7.221623940853849
2012-04-12,1387.5699462890625,^GSPC,Adj Close,7.235309256089826
2012-04-13,1370.260009765625,^GSPC,Adj Close,7.222755788964769
2012-04-16,1369.5699462890625,^GSPC,Adj Close,7.222252061724596
2012-04-17,1390.780029296875,^GSPC,Adj Close,7.23762004088255
2012-04-18,1385.1400146484375,^GSPC,Adj Close,7.233556507120804
2012-04-19,1376.9200439453125,^GSPC,Adj Close,7.227604431643602
2012-04-20,1378.530029296875,^GSPC,Adj Close,7.22877301426494
2012-04-23,1366.93994140625,^GSPC,Adj Close,7.220329901162052
2012-04-24,1371.969970703125,^GSPC,Adj Close,7.224002920803681
2012-04-25,1390.68994140625,^GSPC,Adj Close,7.237555263702422
2012-04-26,1399.97998046875,^GSPC,Adj Close,7.24421321583593
2012-04-27,1403.3599853515625,^GSPC,Adj Close,7.246624629764954
2012-04-30,1397.9100341796875,^GSPC,Adj Close,7.242733567489584
2012-05-01,1405.8199462890625,^GSPC,Adj Close,7.248376003209268
2012-05-02,1402.31005859375,^GSPC,Adj Close,7.245876197632609
2012-05-03,1391.5699462890625,^GSPC,Adj Close,7.238187846529102
2012-05-04,1369.0999755859375,^GSPC,Adj Close,7.221908850807512
2012-05-07,1369.5799560546875,^GSPC,Adj Close,7.222259370390409
2012-05-08,1363.719970703125,^GSPC,Adj Close,7.217971517255441
2012-05-09,1354.5799560546875,^GSPC,Adj Close,7.211246689723659
2012-05-10,1357.989990234375,^GSPC,Adj Close,7.2137609371300435
2012-05-11,1353.3900146484375,^GSPC,Adj Close,7.210367845795762
2012-05-14,1338.3499755859375,^GSPC,Adj Close,7.199192772693423
2012-05-15,1330.6600341796875,^GSPC,Adj Close,7.193430364416921
2012-05-16,1324.800048828125,^GSPC,Adj Close,7.189016820487973
2012-05-17,1304.8599853515625,^GSPC,Adj Close,7.173851023082369
2012-05-18,1295.219970703125,^GSPC,Adj Close,7.166435821255614
2012-05-21,1315.989990234375,^GSPC,Adj Close,7.182344505651453
2012-05-22,1316.6300048828125,^GSPC,Adj Close,7.182830724446595
2012-05-23,1318.8599853515625,^GSPC,Adj Close,7.184522994961144
2012-05-24,1320.6800537109375,^GSPC,Adj Close,7.185902075119731
2012-05-25,1317.8199462890625,^GSPC,Adj Close,7.183734094416971
2012-05-29,1332.4200439453125,^GSPC,Adj Close,7.194752149695799
2012-05-30,1313.3199462890625,^GSPC,Adj Close,7.180313520391002
2012-05-31,1310.3299560546875,^GSPC,Adj Close,7.178034259330959
2012-06-01,1278.0400390625,^GSPC,Adj Close,7.153082963916598
2012-06-04,1278.1800537109375,^GSPC,Adj Close,7.153192512111585
2012-06-05,1285.5,^GSPC,Adj Close,7.158903026705945
2012-06-06,1315.1300048828125,^GSPC,Adj Close,7.181690802753993
2012-06-07,1314.989990234375,^GSPC,Adj Close,7.181584332593825
2012-06-08,1325.6600341796875,^GSPC,Adj Close,7.189665753393815
2012-06-11,1308.9300537109375,^GSPC,Adj Close,7.1769653295784135
2012-06-12,1324.1800537109375,^GSPC,Adj Close,7.188548719479654
2012-06-13,1314.8800048828125,^GSPC,Adj Close,7.18150068940855
2012-06-14,1329.0999755859375,^GSPC,Adj Close,7.192257282058419
2012-06-15,1342.8399658203125,^GSPC,Adj Close,7.202542027710566
2012-06-18,1344.780029296875,^GSPC,Adj Close,7.203985731669501
2012-06-19,1357.97998046875,^GSPC,Adj Close,7.213753566087114
2012-06-20,1355.68994140625,^GSPC,Adj Close,7.212065785574342
2012-06-21,1325.510009765625,^GSPC,Adj Close,7.189552577390966
2012-06-22,1335.02001953125,^GSPC,Adj Close,7.19670156662547
2012-06-25,1313.719970703125,^GSPC,Adj Close,7.180618064234867
2012-06-26,1319.989990234375,^GSPC,Adj Close,7.185379432395888
2012-06-27,1331.8499755859375,^GSPC,Adj Close,7.194324213815506
2012-06-28,1329.0400390625,^GSPC,Adj Close,7.192212185469739
2012-06-29,1362.1600341796875,^GSPC,Adj Close,7.216826979204659
2012-07-02,1365.510009765625,^GSPC,Adj Close,7.219283271363365
2012-07-03,1374.02001953125,^GSPC,Adj Close,7.22549604293179
2012-07-05,1367.5799560546875,^GSPC,Adj Close,7.220798001365469
2012-07-06,1354.6800537109375,^GSPC,Adj Close,7.211320582709887
2012-07-09,1352.4599609375,^GSPC,Adj Close,7.209680406539369
2012-07-10,1341.469970703125,^GSPC,Adj Close,7.201521284749778
2012-07-11,1341.449951171875,^GSPC,Adj Close,7.201506361060788
2012-07-12,1334.760009765625,^GSPC,Adj Close,7.196506786708328
2012-07-13,1356.780029296875,^GSPC,Adj Close,7.212869545955901
2012-07-16,1353.6400146484375,^GSPC,Adj Close,7.210552550064281
2012-07-17,1363.6700439453125,^GSPC,Adj Close,7.217934905874193
2012-07-18,1372.780029296875,^GSPC,Adj Close,7.224593181204278
2012-07-19,1376.510009765625,^GSPC,Adj Close,7.227306596452789
2012-07-20,1362.6600341796875,^GSPC,Adj Close,7.2171939759186206
2012-07-23,1350.52001953125,^GSPC,Adj Close,7.208244996914913
2012-07-24,1338.31005859375,^GSPC,Adj Close,7.199162946722489
2012-07-25,1337.8900146484375,^GSPC,Adj Close,7.198849036000371
2012-07-26,1360.02001953125,^GSPC,Adj Close,7.215254698865322
2012-07-27,1385.969970703125,^GSPC,Adj Close,7.2341555133557724
2012-07-30,1385.300048828125,^GSPC,Adj Close,7.233672036911162
2012-07-31,1379.3199462890625,^GSPC,Adj Close,7.229345864144942
2012-08-01,1375.3199462890625,^GSPC,Adj Close,7.2264416712431965
2012-08-02,1365.0,^GSPC,Adj Close,7.21890970761906
2012-08-03,1390.989990234375,^GSPC,Adj Close,7.237770995804363
2012-08-06,1394.22998046875,^GSPC,Adj Close,7.24009755652842
2012-08-07,1401.3499755859375,^GSPC,Adj Close,7.245191319271013
2012-08-08,1402.219970703125,^GSPC,Adj Close,7.245811953078467
2012-08-09,1402.800048828125,^GSPC,Adj Close,7.246225553073639
2012-08-10,1405.8699951171875,^GSPC,Adj Close,7.248411603740744
2012-08-13,1404.1099853515625,^GSPC,Adj Close,7.24715891866255
2012-08-14,1403.9300537109375,^GSPC,Adj Close,7.24703076405053
2012-08-15,1405.530029296875,^GSPC,Adj Close,7.248169755679979
2012-08-16,1415.510009765625,^GSPC,Adj Close,7.2552451760674845
2012-08-17,1418.1600341796875,^GSPC,Adj Close,7.257115559806961
2012-08-20,1418.1300048828125,^GSPC,Adj Close,7.257094384753308
2012-08-21,1413.1700439453125,^GSPC,Adj Close,7.253590717938864
2012-08-22,1413.489990234375,^GSPC,Adj Close,7.25381709556232
2012-08-23,1402.0799560546875,^GSPC,Adj Close,7.245712095964598
2012-08-24,1411.1300048828125,^GSPC,Adj Close,7.25214608430786
2012-08-27,1410.43994140625,^GSPC,Adj Close,7.251656949887337
2012-08-28,1409.300048828125,^GSPC,Adj Close,7.250848440844542
2012-08-29,1410.489990234375,^GSPC,Adj Close,7.251692433808841
2012-08-30,1399.47998046875,^GSPC,Adj Close,7.243856004079167
2012-08-31,1406.5799560546875,^GSPC,Adj Close,7.248916473846813
2012-09-04,1404.93994140625,^GSPC,Adj Close,7.247749834524124
2012-09-05,1403.43994140625,^GSPC,Adj Close,7.246681602870836
2012-09-06,1432.1199951171875,^GSPC,Adj Close,7.266911139482842
2012-09-07,1437.9200439453125,^GSPC,Adj Close,7.270952934471786
2012-09-10,1429.0799560546875,^GSPC,Adj Close,7.264786128817133
2012-09-11,1433.56005859375,^GSPC,Adj Close,7.2679161809185855
2012-09-12,1436.56005859375,^GSPC,Adj Close,7.2700066865211825
2012-09-13,1459.989990234375,^GSPC,Adj Close,7.286184858675027
2012-09-14,1465.77001953125,^GSPC,Adj Close,7.290135993967835
2012-09-17,1461.18994140625,^GSPC,Adj Close,7.287006411107569
2012-09-18,1459.3199462890625,^GSPC,Adj Close,7.285725815975452
2012-09-19,1461.050048828125,^GSPC,Adj Close,7.286910667719827
2012-09-20,1460.260009765625,^GSPC,Adj Close,7.286369787727005
2012-09-21,1460.1500244140625,^GSPC,Adj Close,7.286294465871288
2012-09-24,1456.8900146484375,^GSPC,Adj Close,7.284059315801908
2012-09-25,1441.5899658203125,^GSPC,Adj Close,7.27350192638334
2012-09-26,1433.3199462890625,^GSPC,Adj Close,7.267748673171599
2012-09-27,1447.1500244140625,^GSPC,Adj Close,7.277351400879834
2012-09-28,1440.6700439453125,^GSPC,Adj Close,7.272863592643067
2012-10-01,1444.489990234375,^GSPC,Adj Close,7.275511590311062
2012-10-02,1445.75,^GSPC,Adj Close,7.276383497038328
2012-10-03,1450.989990234375,^GSPC,Adj Close,7.280001354331361
2012-10-04,1461.4000244140625,^GSPC,Adj Close,7.287150176063059
2012-10-05,1460.9300537109375,^GSPC,Adj Close,7.286828534978984
2012-10-08,1455.8800048828125,^GSPC,Adj Close,7.283365811131555
2012-10-09,1441.47998046875,^GSPC,Adj Close,7.273425628996413
2012-10-10,1432.56005859375,^GSPC,Adj Close,7.267218373429931
2012-10-11,1432.8399658203125,^GSPC,Adj Close,7.267413743866916
2012-10-12,1428.5899658203125,^GSPC,Adj Close,7.264443198910899
2012-10-15,1440.1300048828125,^GSPC,Adj Close,7.272488669663566
2012-10-16,1454.9200439453125,^GSPC,Adj Close,7.282706225480737
2012-10-17,1460.9100341796875,^GSPC,Adj Close,7.286814831606692
2012-10-18,1457.3399658203125,^GSPC,Adj Close,7.284368111729797
2012-10-19,1433.18994140625,^GSPC,Adj Close,7.267657967129761
2012-10-22,1433.8199462890625,^GSPC,Adj Close,7.268097452808312
2012-10-23,1413.1099853515625,^GSPC,Adj Close,7.253548217837574
2012-10-24,1408.75,^GSPC,Adj Close,7.250458065353986
2012-10-25,1412.969970703125,^GSPC,Adj Close,7.253449130302381
2012-10-26,1411.93994140625,^GSPC,Adj Close,7.252719882733737
2012-10-31,1412.1600341796875,^GSPC,Adj Close,7.252875750285017
2012-11-01,1427.5899658203125,^GSPC,Adj Close,7.263742962886003
2012-11-02,1414.199951171875,^GSPC,Adj Close,7.254319244643111
2012-11-05,1417.260009765625,^GSPC,Adj Close,7.256480715988168
2012-11-06,1428.3900146484375,^GSPC,Adj Close,7.264303225110895
2012-11-07,1394.530029296875,^GSPC,Adj Close,7.24031274093169
2012-11-08,1377.510009765625,^GSPC,Adj Close,7.228032807618181
2012-11-09,1379.8499755859375,^GSPC,Adj Close,7.229730058898003
2012-11-12,1380.030029296875,^GSPC,Adj Close,7.229860538274551
2012-11-13,1374.530029296875,^GSPC,Adj Close,7.225867154799806
2012-11-14,1355.489990234375,^GSPC,Adj Close,7.2119182843554785
2012-11-15,1353.3299560546875,^GSPC,Adj Close,7.210323468398462
2012-11-16,1359.8800048828125,^GSPC,Adj Close,7.215151743133638
2012-11-19,1386.8900146484375,^GSPC,Adj Close,7.234819119873185
2012-11-20,1387.81005859375,^GSPC,Adj Close,7.235482286309013
2012-11-21,1391.030029296875,^GSPC,Adj Close,7.237799779969984
2012-11-23,1409.1500244140625,^GSPC,Adj Close,7.250741982038953
2012-11-26,1406.2900390625,^GSPC,Adj Close,7.248710337769626
2012-11-27,1398.93994140625,^GSPC,Adj Close,7.243470044084399
2012-11-28,1409.9300537109375,^GSPC,Adj Close,7.251295374844524
2012-11-29,1415.949951171875,^GSPC,Adj Close,7.255555928411406
2012-11-30,1416.1800537109375,^GSPC,Adj Close,7.255718422745474
2012-12-03,1409.4599609375,^GSPC,Adj Close,7.250961903579213
2012-12-04,1407.050048828125,^GSPC,Adj Close,7.249250627788159
2012-12-05,1409.280029296875,^GSPC,Adj Close,7.250834235442746
2012-12-06,1413.93994140625,^GSPC,Adj Close,7.254135371301456
2012-12-07,1418.0699462890625,^GSPC,Adj Close,7.257052033300806
2012-12-10,1418.550048828125,^GSPC,Adj Close,7.2573905365507825
2012-12-11,1427.8399658203125,^GSPC,Adj Close,7.263918067866075
2012-12-12,1428.47998046875,^GSPC,Adj Close,7.264366207200032
2012-12-13,1419.449951171875,^GSPC,Adj Close,7.258024717223024
2012-12-14,1413.5799560546875,^GSPC,Adj Close,7.253880741543532
2012-12-17,1430.3599853515625,^GSPC,Adj Close,7.265681429581343
2012-12-18,1446.7900390625,^GSPC,Adj Close,7.277102615248118
2012-12-19,1435.81005859375,^GSPC,Adj Close,7.269484469685297
2012-12-20,1443.68994140625,^GSPC,Adj Close,7.274957574378866
2012-12-21,1430.1500244140625,^GSPC,Adj Close,7.265534629928721
2012-12-24,1426.6600341796875,^GSPC,Adj Close,7.263091350957455
2012-12-26,1419.8299560546875,^GSPC,Adj Close,7.25829239416753
2012-12-27,1418.0999755859375,^GSPC,Adj Close,7.257073209251263
2012-12-28,1402.4300537109375,^GSPC,Adj Close,7.245961763576301
2012-12-31,1426.18994140625,^GSPC,Adj Close,7.262761790846187
2013-01-02,1462.4200439453125,^GSPC,Adj Close,7.287847906804885
2013-01-03,1459.3699951171875,^GSPC,Adj Close,7.28576011138136
2013-01-04,1466.469970703125,^GSPC,Adj Close,7.290613411360341
2013-01-07,1461.8900146484375,^GSPC,Adj Close,7.287485408101219
2013-01-08,1457.1500244140625,^GSPC,Adj Close,7.284237768920486
2013-01-09,1461.02001953125,^GSPC,Adj Close,7.286890114279167
2013-01-10,1472.1199951171875,^GSPC,Adj Close,7.294458814388378
2013-01-11,1472.050048828125,^GSPC,Adj Close,7.2944112992734
2013-01-14,1470.6800537109375,^GSPC,Adj Close,7.293480194368481
2013-01-15,1472.3399658203125,^GSPC,Adj Close,7.294608227663785
2013-01-16,1472.6300048828125,^GSPC,Adj Close,7.294805200173741
2013-01-17,1480.93994140625,^GSPC,Adj Close,7.300432260715095
2013-01-18,1485.97998046875,^GSPC,Adj Close,7.303829753093247
2013-01-22,1492.56005859375,^GSPC,Adj Close,7.308248084720959
2013-01-23,1494.81005859375,^GSPC,Adj Close,7.309754426645251
2013-01-24,1494.8199462890625,^GSPC,Adj Close,7.309761041306796
2013-01-25,1502.9599609375,^GSPC,Adj Close,7.315191749968664
2013-01-28,1500.1800537109375,^GSPC,Adj Close,7.313340415693872
2013-01-29,1507.8399658203125,^GSPC,Adj Close,7.318433419475077
2013-01-30,1501.9599609375,^GSPC,Adj Close,7.314526174803325
2013-01-31,1498.1099853515625,^GSPC,Adj Close,7.311959582844933
2013-02-01,1513.1700439453125,^GSPC,Adj Close,7.321962096068943
2013-02-04,1495.7099609375,^GSPC,Adj Close,7.310356263359291
2013-02-05,1511.2900390625,^GSPC,Adj Close,7.320718895581351
2013-02-06,1512.1199951171875,^GSPC,Adj Close,7.321267915440485
2013-02-07,1509.3900146484375,^GSPC,Adj Close,7.319460884384628
2013-02-08,1517.9300537109375,^GSPC,Adj Close,7.325102878969671
2013-02-11,1517.010009765625,^GSPC,Adj Close,7.324496577722033
2013-02-12,1519.4300537109375,^GSPC,Adj Close,7.326090578859637
2013-02-13,1520.3299560546875,^GSPC,Adj Close,7.3266826666344285
2013-02-14,1521.3800048828125,^GSPC,Adj Close,7.327373099899481
2013-02-15,1519.7900390625,^GSPC,Adj Close,7.326327472103468
2013-02-19,1530.93994140625,^GSPC,Adj Close,7.333637166544829
2013-02-20,1511.949951171875,^GSPC,Adj Close,7.321155455114823
2013-02-21,1502.4200439453125,^GSPC,Adj Close,7.314832449649158
2013-02-22,1515.5999755859375,^GSPC,Adj Close,7.323566663035932
2013-02-25,1487.8499755859375,^GSPC,Adj Close,7.305087387451158
2013-02-26,1496.93994140625,^GSPC,Adj Close,7.311178264313725
2013-02-27,1515.989990234375,^GSPC,Adj Close,7.323823963432745
2013-02-28,1514.6800537109375,^GSPC,Adj Close,7.322959509971287
2013-03-01,1518.199951171875,^GSPC,Adj Close,7.325280669420814
2013-03-04,1525.199951171875,^GSPC,Adj Close,7.3298807959691645
2013-03-05,1539.7900390625,^GSPC,Adj Close,7.339401347841664
2013-03-06,1541.4599609375,^GSPC,Adj Close,7.340485272897078
2013-03-07,1544.260009765625,^GSPC,Adj Close,7.342300116514285
2013-03-08,1551.1800537109375,^GSPC,Adj Close,7.34677124522724
2013-03-11,1556.219970703125,^GSPC,Adj Close,7.350015064093114
2013-03-12,1552.47998046875,^GSPC,Adj Close,7.347608918696312
2013-03-13,1554.52001953125,^GSPC,Adj Close,7.348922107853482
2013-03-14,1563.22998046875,^GSPC,Adj Close,7.354509460012455
2013-03-15,1560.699951171875,^GSPC,Adj Close,7.352889686262466
2013-03-18,1552.0999755859375,^GSPC,Adj Close,7.347364115927442
2013-03-19,1548.3399658203125,^GSPC,Adj Close,7.344938646200566
2013-03-20,1558.7099609375,^GSPC,Adj Close,7.351613810016383
2013-03-21,1545.800048828125,^GSPC,Adj Close,7.343296886260378
2013-03-22,1556.8900146484375,^GSPC,Adj Close,7.350445530063678
2013-03-25,1551.68994140625,^GSPC,Adj Close,7.347099900762731
2013-03-26,1563.77001953125,^GSPC,Adj Close,7.3548548639573665
2013-03-27,1562.8499755859375,^GSPC,Adj Close,7.354266340904801
2013-03-28,1569.18994140625,^GSPC,Adj Close,7.358314804300993
2013-04-01,1562.1700439453125,^GSPC,Adj Close,7.353831187435636
2013-04-02,1570.25,^GSPC,Adj Close,7.35899012133449
2013-04-03,1553.68994140625,^GSPC,Adj Close,7.348387988115649
2013-04-04,1559.97998046875,^GSPC,Adj Close,7.352428267128386
2013-04-05,1553.280029296875,^GSPC,Adj Close,7.348124121959478
2013-04-08,1563.0699462890625,^GSPC,Adj Close,7.35440708072475
2013-04-09,1568.6099853515625,^GSPC,Adj Close,7.357945146531327
2013-04-10,1587.72998046875,^GSPC,Adj Close,7.370060589860875
2013-04-11,1593.3699951171875,^GSPC,Adj Close,7.373606546040452
2013-04-12,1588.8499755859375,^GSPC,Adj Close,7.370765747721903
2013-04-15,1552.3599853515625,^GSPC,Adj Close,7.347531623171538
2013-04-16,1574.5699462890625,^GSPC,Adj Close,7.361737463999603
2013-04-17,1552.010009765625,^GSPC,Adj Close,7.347306150313619
2013-04-18,1541.6099853515625,^GSPC,Adj Close,7.340582594344075
2013-04-19,1555.25,^GSPC,Adj Close,7.349391583395129
2013-04-22,1562.5,^GSPC,Adj Close,7.354042381610556
2013-04-23,1578.780029296875,^GSPC,Adj Close,7.364407694416109
2013-04-24,1578.7900390625,^GSPC,Adj Close,7.364414034586182
2013-04-25,1585.1600341796875,^GSPC,Adj Close,7.368440649151173
2013-04-26,1582.239990234375,^GSPC,Adj Close,7.366596837349656
2013-04-29,1593.6099853515625,^GSPC,Adj Close,7.373757152719063
2013-04-30,1597.5699462890625,^GSPC,Adj Close,7.376238970137645
2013-05-01,1582.699951171875,^GSPC,Adj Close,7.366887497488081
2013-05-02,1597.5899658203125,^GSPC,Adj Close,7.376251501298402
2013-05-03,1614.4200439453125,^GSPC,Adj Close,7.386731065246572
2013-05-06,1617.5,^GSPC,Adj Close,7.388637026375056
2013-05-07,1625.9599609375,^GSPC,Adj Close,7.393853665534893
2013-05-08,1632.68994140625,^GSPC,Adj Close,7.39798420440159
2013-05-09,1626.6700439453125,^GSPC,Adj Close,7.394290286372817
2013-05-10,1633.699951171875,^GSPC,Adj Close,7.398602630144402
2013-05-13,1633.77001953125,^GSPC,Adj Close,7.398645518593272
2013-05-14,1650.3399658203125,^GSPC,Adj Close,7.408736585562422
2013-05-15,1658.780029296875,^GSPC,Adj Close,7.413837689052633
2013-05-16,1650.469970703125,^GSPC,Adj Close,7.408815357067222
2013-05-17,1667.469970703125,^GSPC,Adj Close,7.419062769053784
2013-05-20,1666.2900390625,^GSPC,Adj Close,7.418354900649077
2013-05-21,1669.1600341796875,^GSPC,Adj Close,7.42007580533208
2013-05-22,1655.3499755859375,^GSPC,Adj Close,7.411767731066301
2013-05-23,1650.510009765625,^GSPC,Adj Close,7.4088396159616945
2013-05-24,1649.5999755859375,^GSPC,Adj Close,7.408288098462706
2013-05-28,1660.06005859375,^GSPC,Adj Close,7.414609060571866
2013-05-29,1648.3599853515625,^GSPC,Adj Close,7.407536124328701
2013-05-30,1654.4100341796875,^GSPC,Adj Close,7.411199749443013
2013-05-31,1630.739990234375,^GSPC,Adj Close,7.396789172521156
2013-06-03,1640.4200439453125,^GSPC,Adj Close,7.402707612380898
2013-06-04,1631.3800048828125,^GSPC,Adj Close,7.397181564375293
2013-06-05,1608.9000244140625,^GSPC,Adj Close,7.38330600983137
2013-06-06,1622.56005859375,^GSPC,Adj Close,7.391760463975602
2013-06-07,1643.3800048828125,^GSPC,Adj Close,7.404510378502547
2013-06-10,1642.81005859375,^GSPC,Adj Close,7.40416350489891
2013-06-11,1626.1300048828125,^GSPC,Adj Close,7.393958240714089
2013-06-12,1612.52001953125,^GSPC,Adj Close,7.385553463806038
2013-06-13,1636.3599853515625,^GSPC,Adj Close,7.400229532903397
2013-06-14,1626.72998046875,^GSPC,Adj Close,7.394327131840939
2013-06-17,1639.0400390625,^GSPC,Adj Close,7.401866007403654
2013-06-18,1651.81005859375,^GSPC,Adj Close,7.409626970832437
2013-06-19,1628.9300537109375,^GSPC,Adj Close,7.395678669503956
2013-06-20,1588.18994140625,^GSPC,Adj Close,7.370350245111656
2013-06-21,1592.4300537109375,^GSPC,Adj Close,7.3730164641651825
2013-06-24,1573.0899658203125,^GSPC,Adj Close,7.360797095205555
2013-06-25,1588.030029296875,^GSPC,Adj Close,7.370249551764858
2013-06-26,1603.260009765625,^GSPC,Adj Close,7.379794341431047
2013-06-27,1613.199951171875,^GSPC,Adj Close,7.385975032731344
2013-06-28,1606.280029296875,^GSPC,Adj Close,7.381676243750876
2013-07-01,1614.9599609375,^GSPC,Adj Close,7.387065443360266
2013-07-02,1614.0799560546875,^GSPC,Adj Close,7.386520386670216
2013-07-03,1615.4100341796875,^GSPC,Adj Close,7.387344094564791
2013-07-05,1631.8900146484375,^GSPC,Adj Close,7.397494140268017
2013-07-08,1640.4599609375,^GSPC,Adj Close,7.402731945481853
2013-07-09,1652.3199462890625,^GSPC,Adj Close,7.409935607416716
2013-07-10,1652.6199951171875,^GSPC,Adj Close,7.410117183381344
2013-07-11,1675.02001953125,^GSPC,Adj Close,7.423580396146698
2013-07-12,1680.18994140625,^GSPC,Adj Close,7.426662126367327
2013-07-15,1682.5,^GSPC,Adj Close,7.428036061518883
2013-07-16,1676.260009765625,^GSPC,Adj Close,7.424320406101176
2013-07-17,1680.9100341796875,^GSPC,Adj Close,7.427090612749574
2013-07-18,1689.3699951171875,^GSPC,Adj Close,7.432110954461581
2013-07-19,1692.0899658203125,^GSPC,Adj Close,7.433719710041227
2013-07-22,1695.530029296875,^GSPC,Adj Close,7.435750672583653
2013-07-23,1692.3900146484375,^GSPC,Adj Close,7.433897018715316
2013-07-24,1685.93994140625,^GSPC,Adj Close,7.430078515985598
2013-07-25,1690.25,^GSPC,Adj Close,7.432631725970787
2013-07-26,1691.6500244140625,^GSPC,Adj Close,7.433459677408696
2013-07-29,1685.3299560546875,^GSPC,Adj Close,7.429716643233329
2013-07-30,1685.9599609375,^GSPC,Adj Close,7.430090390318663
2013-07-31,1685.72998046875,^GSPC,Adj Close,7.429953971802664
2013-08-01,1706.8699951171875,^GSPC,Adj Close,7.442416560033081
2013-08-02,1709.6700439453125,^GSPC,Adj Close,7.444055674121028
2013-08-05,1707.1400146484375,^GSPC,Adj Close,7.442574743243465
2013-08-06,1697.3699951171875,^GSPC,Adj Close,7.43683527041291
2013-08-07,1690.9100341796875,^GSPC,Adj Close,7.433022144750969
2013-08-08,1697.47998046875,^GSPC,Adj Close,7.436900065825015
2013-08-09,1691.4200439453125,^GSPC,Adj Close,7.433323717783589
2013-08-12,1689.469970703125,^GSPC,Adj Close,7.432170131923064
2013-08-13,1694.1600341796875,^GSPC,Adj Close,7.4349423419303315
2013-08-14,1685.3900146484375,^GSPC,Adj Close,7.429752278702474
2013-08-15,1661.3199462890625,^GSPC,Adj Close,7.415367713754512
2013-08-16,1655.8299560546875,^GSPC,Adj Close,7.412057646131034
2013-08-19,1646.06005859375,^GSPC,Adj Close,7.40613986817388
2013-08-20,1652.3499755859375,^GSPC,Adj Close,7.409953781272251
2013-08-21,1642.800048828125,^GSPC,Adj Close,7.404157411804904
2013-08-22,1656.9599609375,^GSPC,Adj Close,7.412739853548318
2013-08-23,1663.5,^GSPC,Adj Close,7.416679095458531
2013-08-26,1656.780029296875,^GSPC,Adj Close,7.412631256228473
2013-08-27,1630.47998046875,^GSPC,Adj Close,7.396629716999289
2013-08-28,1634.9599609375,^GSPC,Adj Close,7.399373594308258
2013-08-29,1638.1700439453125,^GSPC,Adj Close,7.401335070957354
2013-08-30,1632.969970703125,^GSPC,Adj Close,7.398155703764719
2013-09-03,1639.77001953125,^GSPC,Adj Close,7.402311278991679
2013-09-04,1653.0799560546875,^GSPC,Adj Close,7.410395466920239
2013-09-05,1655.0799560546875,^GSPC,Adj Close,7.411604598459706
2013-09-06,1655.1700439453125,^GSPC,Adj Close,7.411659028119488
2013-09-09,1671.7099609375,^GSPC,Adj Close,7.421602310258459
2013-09-10,1683.989990234375,^GSPC,Adj Close,7.428921250743261
2013-09-11,1689.1300048828125,^GSPC,Adj Close,7.43196888535708
2013-09-12,1683.4200439453125,^GSPC,Adj Close,7.428582743529278
2013-09-13,1687.989990234375,^GSPC,Adj Close,7.431293745182381
2013-09-16,1697.5999755859375,^GSPC,Adj Close,7.436970753478202
2013-09-17,1704.760009765625,^GSPC,Adj Close,7.441179623074754
2013-09-18,1725.52001953125,^GSPC,Adj Close,7.45328374463317
2013-09-19,1722.3399658203125,^GSPC,Adj Close,7.451439090484689
2013-09-20,1709.9100341796875,^GSPC,Adj Close,7.444196036521841
2013-09-23,1701.8399658203125,^GSPC,Adj Close,7.43946527757989
2013-09-24,1697.4200439453125,^GSPC,Adj Close,7.436864756082159
2013-09-25,1692.77001953125,^GSPC,Adj Close,7.43412153092778
2013-09-26,1698.6700439453125,^GSPC,Adj Close,7.437600896775779
2013-09-27,1691.75,^GSPC,Adj Close,7.433518775112335
2013-09-30,1681.550048828125,^GSPC,Adj Close,7.427471295131144
2013-10-01,1695.0,^GSPC,Adj Close,7.43543801981455
2013-10-02,1693.8699951171875,^GSPC,Adj Close,7.4347711279442095
2013-10-03,1678.6600341796875,^GSPC,Adj Close,7.425751155443657
2013-10-04,1690.5,^GSPC,Adj Close,7.43277962214794
2013-10-07,1676.1199951171875,^GSPC,Adj Close,7.424236874611121
2013-10-08,1655.449951171875,^GSPC,Adj Close,7.411828124680038
2013-10-09,1656.4000244140625,^GSPC,Adj Close,7.412401866410643
2013-10-10,1692.56005859375,^GSPC,Adj Close,7.433997489293479
2013-10-11,1703.199951171875,^GSPC,Adj Close,7.440264084910807
2013-10-14,1710.1400146484375,^GSPC,Adj Close,7.444330526056095
2013-10-15,1698.06005859375,^GSPC,Adj Close,7.437241736442337
2013-10-16,1721.5400390625,^GSPC,Adj Close,7.450974540749469
2013-10-17,1733.1500244140625,^GSPC,Adj Close,7.457695855163206
2013-10-18,1744.5,^GSPC,Adj Close,7.464223260626829
2013-10-21,1744.6600341796875,^GSPC,Adj Close,7.464314992836433
2013-10-22,1754.6700439453125,^GSPC,Adj Close,7.4700361090760605
2013-10-23,1746.3800048828125,^GSPC,Adj Close,7.465300355836024
2013-10-24,1752.0699462890625,^GSPC,Adj Close,7.468553194380379
2013-10-25,1759.77001953125,^GSPC,Adj Close,7.472938408773154
2013-10-28,1762.1099853515625,^GSPC,Adj Close,7.474267225292391
2013-10-29,1771.949951171875,^GSPC,Adj Close,7.479835886506486
2013-10-30,1763.31005859375,^GSPC,Adj Close,7.474948036811916
2013-10-31,1756.5400390625,^GSPC,Adj Close,7.471101266243978
2013-11-01,1761.6400146484375,^GSPC,Adj Close,7.474000480656187
2013-11-04,1767.9300537109375,^GSPC,Adj Close,7.477564680034286
2013-11-05,1762.969970703125,^GSPC,Adj Close,7.474755149185945
2013-11-06,1770.489990234375,^GSPC,Adj Close,7.479011617898233
2013-11-07,1747.1500244140625,^GSPC,Adj Close,7.465741181898638
2013-11-08,1770.6099853515625,^GSPC,Adj Close,7.479079390690902
2013-11-11,1771.8900146484375,^GSPC,Adj Close,7.479802060755875
2013-11-12,1767.68994140625,^GSPC,Adj Close,7.477428855310255
2013-11-13,1782.0,^GSPC,Adj Close,7.485491608030754
2013-11-14,1790.6199951171875,^GSPC,Adj Close,7.490317204851205
2013-11-15,1798.1800537109375,^GSPC,Adj Close,7.4945303511250865
2013-11-18,1791.530029296875,^GSPC,Adj Close,7.490825298701582
2013-11-19,1787.8699951171875,^GSPC,Adj Close,7.488780243423981
2013-11-20,1781.3699951171875,^GSPC,Adj Close,7.485138007427819
2013-11-21,1795.8499755859375,^GSPC,Adj Close,7.493233712848576
2013-11-22,1804.760009765625,^GSPC,Adj Close,7.498182903348605
2013-11-25,1802.47998046875,^GSPC,Adj Close,7.496918762561365
2013-11-26,1802.75,^GSPC,Adj Close,7.497068555796869
2013-11-27,1807.22998046875,^GSPC,Adj Close,7.49955055447433
2013-11-29,1805.81005859375,^GSPC,Adj Close,7.498764556017213
2013-12-02,1800.9000244140625,^GSPC,Adj Close,7.496041832482497
2013-12-03,1795.1500244140625,^GSPC,Adj Close,7.492843876490603
2013-12-04,1792.81005859375,^GSPC,Adj Close,7.491539533020816
2013-12-05,1785.030029296875,^GSPC,Adj Close,7.487190517207736
2013-12-06,1805.0899658203125,^GSPC,Adj Close,7.498365712084612
2013-12-09,1808.3699951171875,^GSPC,Adj Close,7.500181163332563
2013-12-10,1802.6199951171875,^GSPC,Adj Close,7.496996438436906
2013-12-11,1782.219970703125,^GSPC,Adj Close,7.485615040762298
2013-12-12,1775.5,^GSPC,Adj Close,7.481837352383143
2013-12-13,1775.3199462890625,^GSPC,Adj Close,7.481735937096636
2013-12-16,1786.5400390625,^GSPC,Adj Close,7.488036089226033
2013-12-17,1781.0,^GSPC,Adj Close,7.484930283289661
2013-12-18,1810.6500244140625,^GSPC,Adj Close,7.501441189298836
2013-12-19,1809.5999755859373,^GSPC,Adj Close,7.500861091870442
2013-12-20,1818.3199462890625,^GSPC,Adj Close,7.5056682473111325
2013-12-23,1827.989990234375,^GSPC,Adj Close,7.510972276197338
2013-12-24,1833.3199462890625,^GSPC,Adj Close,7.5138837805016445
2013-12-26,1842.02001953125,^GSPC,Adj Close,7.518618085122777
2013-12-27,1841.4000244140625,^GSPC,Adj Close,7.51828144411217
2013-12-30,1841.0699462890625,^GSPC,Adj Close,7.5181021741501555
2013-12-31,1848.3599853515625,^GSPC,Adj Close,7.522054030499267
2014-01-02,1831.97998046875,^GSPC,Adj Close,7.513152617482637
2014-01-03,1831.3699951171875,^GSPC,Adj Close,7.512819596962477
2014-01-06,1826.77001953125,^GSPC,Adj Close,7.510304669708717
2014-01-07,1837.8800048828125,^GSPC,Adj Close,7.516368015084109
2014-01-08,1837.489990234375,^GSPC,Adj Close,7.516155783580658
2014-01-09,1838.1300048828125,^GSPC,Adj Close,7.516504032124172
2014-01-10,1842.3699951171875,^GSPC,Adj Close,7.518808062614627
2014-01-13,1819.199951171875,^GSPC,Adj Close,7.506152096155833
2014-01-14,1838.8800048828125,^GSPC,Adj Close,7.516911972275767
2014-01-15,1848.3800048828125,^GSPC,Adj Close,7.52206486141045
2014-01-16,1845.8900146484373,^GSPC,Adj Close,7.520716832924023
2014-01-17,1838.699951171875,^GSPC,Adj Close,7.516814052604008
2014-01-21,1843.800048828125,^GSPC,Adj Close,7.519583964846826
2014-01-22,1844.8599853515625,^GSPC,Adj Close,7.520158664896594
2014-01-23,1828.4599609375,^GSPC,Adj Close,7.511229340132023
2014-01-24,1790.2900390625,^GSPC,Adj Close,7.490132918704683
2014-01-27,1781.56005859375,^GSPC,Adj Close,7.485244696851343
2014-01-28,1792.5,^GSPC,Adj Close,7.491366572473775
2014-01-29,1774.199951171875,^GSPC,Adj Close,7.481104868565279
2014-01-30,1794.18994140625,^GSPC,Adj Close,7.492308912937498
2014-01-31,1782.5899658203125,^GSPC,Adj Close,7.485822622723248
2014-02-03,1741.8900146484375,^GSPC,Adj Close,7.462726018018761
2014-02-04,1755.199951171875,^GSPC,Adj Close,7.470338061701843
2014-02-05,1751.6400146484375,^GSPC,Adj Close,7.468307779293186
2014-02-06,1773.4300537109375,^GSPC,Adj Close,7.4806708337465615
2014-02-07,1797.02001953125,^GSPC,Adj Close,7.493885027250858
2014-02-10,1799.8399658203125,^GSPC,Adj Close,7.495453032054113
2014-02-11,1819.75,^GSPC,Adj Close,7.506454407998367
2014-02-12,1819.260009765625,^GSPC,Adj Close,7.506185109350646
2014-02-13,1829.8299560546875,^GSPC,Adj Close,7.511978321329423
2014-02-14,1838.6300048828125,^GSPC,Adj Close,7.516776010714971
2014-02-18,1840.760009765625,^GSPC,Adj Close,7.51793381410753
2014-02-19,1828.75,^GSPC,Adj Close,7.511387952334334
2014-02-20,1839.780029296875,^GSPC,Adj Close,7.517401294161268
2014-02-21,1836.25,^GSPC,Adj Close,7.515480727488087
2014-02-24,1847.6099853515625,^GSPC,Adj Close,7.521648183040418
2014-02-25,1845.1199951171875,^GSPC,Adj Close,7.520299592363644
2014-02-26,1845.1600341796875,^GSPC,Adj Close,7.520321292105769
2014-02-27,1854.2900390625,^GSPC,Adj Close,7.525257173514185
2014-02-28,1859.449951171875,^GSPC,Adj Close,7.528035997795523
2014-03-03,1845.72998046875,^GSPC,Adj Close,7.520630131595068
2014-03-04,1873.9100341796875,^GSPC,Adj Close,7.53578245427121
2014-03-05,1873.81005859375,^GSPC,Adj Close,7.535729101521546
2014-03-06,1877.030029296875,^GSPC,Adj Close,7.537446035018402
2014-03-07,1878.0400390625,^GSPC,Adj Close,7.537983979595518
2014-03-10,1877.1700439453125,^GSPC,Adj Close,7.537520625954299
2014-03-11,1867.6300048828125,^GSPC,Adj Close,7.532425528979084
2014-03-12,1868.199951171875,^GSPC,Adj Close,7.532730653302293
2014-03-13,1846.3399658203125,^GSPC,Adj Close,7.52096056160641
2014-03-14,1841.1300048828125,^GSPC,Adj Close,7.518134795188964
2014-03-17,1858.8299560546875,^GSPC,Adj Close,7.527702512884003
2014-03-18,1872.25,^GSPC,Adj Close,7.534896195129477
2014-03-19,1860.77001953125,^GSPC,Adj Close,7.528745670032742
2014-03-20,1872.010009765625,^GSPC,Adj Close,7.534768004120264
2014-03-21,1866.52001953125,^GSPC,Adj Close,7.531831024003655
2014-03-24,1857.43994140625,^GSPC,Adj Close,7.526954443044292
2014-03-25,1865.6199951171875,^GSPC,Adj Close,7.531348713893114
2014-03-26,1852.56005859375,^GSPC,Adj Close,7.524323776938238
2014-03-27,1849.0400390625,^GSPC,Adj Close,7.522421885594261
2014-03-28,1857.6199951171875,^GSPC,Adj Close,7.52705137483767
2014-03-31,1872.3399658203125,^GSPC,Adj Close,7.534944246222467
2014-04-01,1885.52001953125,^GSPC,Adj Close,7.54195893426668
2014-04-02,1890.9000244140625,^GSPC,Adj Close,7.544808198098519
2014-04-03,1888.77001953125,^GSPC,Adj Close,7.543681112885508
2014-04-04,1865.0899658203125,^GSPC,Adj Close,7.531064569960194
2014-04-07,1845.0400390625,^GSPC,Adj Close,7.520256257628045
2014-04-08,1851.9599609375,^GSPC,Adj Close,7.523999795608222
2014-04-09,1872.1800537109373,^GSPC,Adj Close,7.534858834950187
2014-04-10,1833.0799560546875,^GSPC,Adj Close,7.5137528672128
2014-04-11,1815.68994140625,^GSPC,Adj Close,7.504220807472903
2014-04-14,1830.6099853515625,^GSPC,Adj Close,7.512404515623643
2014-04-15,1842.97998046875,^GSPC,Adj Close,7.519139095141347
2014-04-16,1862.31005859375,^GSPC,Adj Close,7.529572963090113
2014-04-17,1864.8499755859373,^GSPC,Adj Close,7.530935886797208
2014-04-21,1871.8900146484373,^GSPC,Adj Close,7.5347039024527795
2014-04-22,1879.550048828125,^GSPC,Adj Close,7.538787691448908
2014-04-23,1875.3900146484373,^GSPC,Adj Close,7.536571924586386
2014-04-24,1878.6099853515625,^GSPC,Adj Close,7.538287412861717
2014-04-25,1863.4000244140625,^GSPC,Adj Close,7.530158068118215
2014-04-28,1869.4300537109373,^GSPC,Adj Close,7.533388879280717
2014-04-29,1878.3299560546875,^GSPC,Adj Close,7.538138339785351
2014-04-30,1883.949951171875,^GSPC,Adj Close,7.541125889588052
2014-05-01,1883.6800537109373,^GSPC,Adj Close,7.54098261784372
2014-05-02,1881.1400146484373,^GSPC,Adj Close,7.539633262813848
2014-05-05,1884.6600341796875,^GSPC,Adj Close,7.541502730396188
2014-05-06,1867.719970703125,^GSPC,Adj Close,7.532473698934197
2014-05-07,1878.2099609375,^GSPC,Adj Close,7.538074453805231
2014-05-08,1875.6300048828125,^GSPC,Adj Close,7.536699884572444
2014-05-09,1878.47998046875,^GSPC,Adj Close,7.538218207767323
2014-05-12,1896.6500244140625,^GSPC,Adj Close,7.547844463939639
2014-05-13,1897.449951171875,^GSPC,Adj Close,7.548266132727922
2014-05-14,1888.530029296875,^GSPC,Adj Close,7.543554043162905
2014-05-15,1870.8499755859373,^GSPC,Adj Close,7.53414813897897
2014-05-16,1877.8599853515625,^GSPC,Adj Close,7.537888101797971
2014-05-19,1885.0799560546875,^GSPC,Adj Close,7.541725515987674
2014-05-20,1872.8299560546875,^GSPC,Adj Close,7.535205911379132
2014-05-21,1888.030029296875,^GSPC,Adj Close,7.543289251926878
2014-05-22,1892.489990234375,^GSPC,Adj Close,7.545648696121592
2014-05-23,1900.530029296875,^GSPC,Adj Close,7.549888089039477
2014-05-27,1911.9100341796875,^GSPC,Adj Close,7.555858039251006
2014-05-28,1909.780029296875,^GSPC,Adj Close,7.554743346500947
2014-05-29,1920.030029296875,^GSPC,Adj Close,7.560096105158308
2014-05-30,1923.5699462890625,^GSPC,Adj Close,7.56193808560141
2014-06-02,1924.969970703125,^GSPC,Adj Close,7.562665646965469
2014-06-03,1924.239990234375,^GSPC,Adj Close,7.562286358495934
2014-06-04,1927.8800048828125,^GSPC,Adj Close,7.564176235102296
2014-06-05,1940.4599609375,^GSPC,Adj Close,7.570680317221959
2014-06-06,1949.43994140625,^GSPC,Adj Close,7.575297400769979
2014-06-09,1951.27001953125,^GSPC,Adj Close,7.576235731626466
2014-06-10,1950.7900390625,^GSPC,Adj Close,7.575989717744586
2014-06-11,1943.8900146484373,^GSPC,Adj Close,7.57244640659292
2014-06-12,1930.1099853515625,^GSPC,Adj Close,7.56533226750401
2014-06-13,1936.1600341796875,^GSPC,Adj Close,7.568461926703081
2014-06-16,1937.780029296875,^GSPC,Adj Close,7.569298282033867
2014-06-17,1941.989990234375,^GSPC,Adj Close,7.571468494478756
2014-06-18,1956.97998046875,^GSPC,Adj Close,7.579157737639486
2014-06-19,1959.47998046875,^GSPC,Adj Close,7.58043440093465
2014-06-20,1962.8699951171875,^GSPC,Adj Close,7.582162964430327
2014-06-23,1962.6099853515625,^GSPC,Adj Close,7.582030491577428
2014-06-24,1949.97998046875,^GSPC,Adj Close,7.57557438507881
2014-06-25,1959.530029296875,^GSPC,Adj Close,7.580459942501528
2014-06-26,1957.219970703125,^GSPC,Adj Close,7.579280363073888
2014-06-27,1960.9599609375,^GSPC,Adj Close,7.581189408311972
2014-06-30,1960.22998046875,^GSPC,Adj Close,7.58081708231497
2014-07-01,1973.3199462890625,^GSPC,Adj Close,7.587472655211793
2014-07-02,1974.6199951171875,^GSPC,Adj Close,7.588131251286916
2014-07-03,1985.43994140625,^GSPC,Adj Close,7.593595801514589
2014-07-07,1977.6500244140625,^GSPC,Adj Close,7.589664562460265
2014-07-08,1963.7099609375,^GSPC,Adj Close,7.582590800278584
2014-07-09,1972.8299560546875,^GSPC,Adj Close,7.587224316831843
2014-07-10,1964.6800537109373,^GSPC,Adj Close,7.58308468850737
2014-07-11,1967.5699462890625,^GSPC,Adj Close,7.584554530505417
2014-07-14,1977.0999755859373,^GSPC,Adj Close,7.589386391232414
2014-07-15,1973.280029296875,^GSPC,Adj Close,7.587452426664468
2014-07-16,1981.5699462890625,^GSPC,Adj Close,7.591644711673917
2014-07-17,1958.1199951171875,^GSPC,Adj Close,7.579740105746439
2014-07-18,1978.219970703125,^GSPC,Adj Close,7.5899527146461105
2014-07-21,1973.6300048828125,^GSPC,Adj Close,7.587629768222206
2014-07-22,1983.530029296875,^GSPC,Adj Close,7.592633379389506
2014-07-23,1987.010009765625,^GSPC,Adj Close,7.5943862801665185
2014-07-24,1987.97998046875,^GSPC,Adj Close,7.59487431697907
2014-07-25,1978.3399658203125,^GSPC,Adj Close,7.59001337093296
2014-07-28,1978.9100341796875,^GSPC,Adj Close,7.590301484326513
2014-07-29,1969.949951171875,^GSPC,Adj Close,7.585763415912799
2014-07-30,1970.0699462890625,^GSPC,Adj Close,7.585824326832209
2014-07-31,1930.6700439453125,^GSPC,Adj Close,7.565622394676979
2014-08-01,1925.1500244140625,^GSPC,Adj Close,7.562759178445681
2014-08-04,1938.989990234375,^GSPC,Adj Close,7.569922492895327
2014-08-05,1920.2099609375,^GSPC,Adj Close,7.560189813697991
2014-08-06,1920.239990234375,^GSPC,Adj Close,7.560205452124351
2014-08-07,1909.5699462890625,^GSPC,Adj Close,7.554633336677618
2014-08-08,1931.5899658203125,^GSPC,Adj Close,7.56609875923559
2014-08-11,1936.9200439453125,^GSPC,Adj Close,7.568854384261431
2014-08-12,1933.75,^GSPC,Adj Close,7.567216401887276
2014-08-13,1946.719970703125,^GSPC,Adj Close,7.573901168989787
2014-08-14,1955.1800537109373,^GSPC,Adj Close,7.578237567263484
2014-08-15,1955.06005859375,^GSPC,Adj Close,7.5781761924559135
2014-08-18,1971.739990234375,^GSPC,Adj Close,7.586671675675573
2014-08-19,1981.5999755859373,^GSPC,Adj Close,7.591659865854771
2014-08-20,1986.510009765625,^GSPC,Adj Close,7.594134614137315
2014-08-21,1992.3699951171875,^GSPC,Adj Close,7.597080161417585
2014-08-22,1988.4000244140625,^GSPC,Adj Close,7.595085586498762
2014-08-25,1997.9200439453125,^GSPC,Adj Close,7.599861940362366
2014-08-26,2000.02001953125,^GSPC,Adj Close,7.60091246925761
2014-08-27,2000.1199951171875,^GSPC,Adj Close,7.600962455300895
2014-08-28,1996.739990234375,^GSPC,Adj Close,7.599271124755949
2014-08-29,2003.3699951171875,^GSPC,Adj Close,7.602586039084969
2014-09-02,2002.280029296875,^GSPC,Adj Close,7.602041824867266
2014-09-03,2000.719970703125,^GSPC,Adj Close,7.601262380114464
2014-09-04,1997.6500244140625,^GSPC,Adj Close,7.599726780909751
2014-09-05,2007.7099609375,^GSPC,Adj Close,7.604750028614711
2014-09-08,2001.5400390625,^GSPC,Adj Close,7.601672182760394
2014-09-09,1988.43994140625,^GSPC,Adj Close,7.595105661227709
2014-09-10,1995.68994140625,^GSPC,Adj Close,7.598745104828077
2014-09-11,1997.449951171875,^GSPC,Adj Close,7.5996266215928
2014-09-12,1985.5400390625,^GSPC,Adj Close,7.593646216100794
2014-09-15,1984.1300048828125,^GSPC,Adj Close,7.592935812352684
2014-09-16,1998.97998046875,^GSPC,Adj Close,7.60039231967724
2014-09-17,2001.5699462890625,^GSPC,Adj Close,7.601687124756329
2014-09-18,2011.3599853515625,^GSPC,Adj Close,7.606566381883669
2014-09-19,2010.4000244140625,^GSPC,Adj Close,7.606088998373266
2014-09-22,1994.2900390625,^GSPC,Adj Close,7.598043395843047
2014-09-23,1982.77001953125,^GSPC,Adj Close,7.592250145763421
2014-09-24,1998.300048828125,^GSPC,Adj Close,7.600052122522075
2014-09-25,1965.989990234375,^GSPC,Adj Close,7.583751209256905
2014-09-26,1982.8499755859373,^GSPC,Adj Close,7.592290470380906
2014-09-29,1977.800048828125,^GSPC,Adj Close,7.589740419523991
2014-09-30,1972.2900390625,^GSPC,Adj Close,7.5869506029796785
2014-10-01,1946.1600341796875,^GSPC,Adj Close,7.573613496867041
2014-10-02,1946.1700439453125,^GSPC,Adj Close,7.573618640195291
2014-10-03,1967.9000244140625,^GSPC,Adj Close,7.584722275719194
2014-10-06,1964.8199462890625,^GSPC,Adj Close,7.583155889717796
2014-10-07,1935.0999755859373,^GSPC,Adj Close,7.567914271098667
2014-10-08,1968.8900146484373,^GSPC,Adj Close,7.585225218596726
2014-10-09,1928.2099609375,^GSPC,Adj Close,7.5643473701424115
2014-10-10,1906.1300048828125,^GSPC,Adj Close,7.5528302901162
2014-10-13,1874.739990234375,^GSPC,Adj Close,7.536225256913678
2014-10-14,1877.699951171875,^GSPC,Adj Close,7.537802876594545
2014-10-15,1862.489990234375,^GSPC,Adj Close,7.529669575868467
2014-10-16,1862.760009765625,^GSPC,Adj Close,7.529814543068909
2014-10-17,1886.760009765625,^GSPC,Adj Close,7.542616356446055
2014-10-20,1904.010009765625,^GSPC,Adj Close,7.551717472567336
2014-10-21,1941.280029296875,^GSPC,Adj Close,7.571102843395088
2014-10-22,1927.1099853515625,^GSPC,Adj Close,7.5637767427334754
2014-10-23,1950.8199462890625,^GSPC,Adj Close,7.576005048455075
2014-10-24,1964.5799560546875,^GSPC,Adj Close,7.583033738630791
2014-10-27,1961.6300048828125,^GSPC,Adj Close,7.581531041751953
2014-10-28,1985.050048828125,^GSPC,Adj Close,7.593399406318864
2014-10-29,1982.300048828125,^GSPC,Adj Close,7.592013090328221
2014-10-30,1994.6500244140625,^GSPC,Adj Close,7.598223887576094
2014-10-31,2018.050048828125,^GSPC,Adj Close,7.609887001809243
2014-11-03,2017.81005859375,^GSPC,Adj Close,7.609768072892844
2014-11-04,2012.0999755859373,^GSPC,Adj Close,7.606934219640178
2014-11-05,2023.5699462890625,^GSPC,Adj Close,7.612618530700983
2014-11-06,2031.2099609375,^GSPC,Adj Close,7.616386934345311
2014-11-07,2031.9200439453125,^GSPC,Adj Close,7.616736459472092
2014-11-10,2038.260009765625,^GSPC,Adj Close,7.619851786491651
2014-11-11,2039.6800537109373,^GSPC,Adj Close,7.620548238121938
2014-11-12,2038.25,^GSPC,Adj Close,7.61984687554302
2014-11-13,2039.3299560546875,^GSPC,Adj Close,7.6203765799714205
2014-11-14,2039.8199462890625,^GSPC,Adj Close,7.620616821319968
2014-11-17,2041.3199462890625,^GSPC,Adj Close,7.6213519100976255
2014-11-18,2051.800048828125,^GSPC,Adj Close,7.626472759451314
2014-11-19,2048.719970703125,^GSPC,Adj Close,7.624970472575695
2014-11-20,2052.75,^GSPC,Adj Close,7.626935636588898
2014-11-21,2063.5,^GSPC,Adj Close,7.632158849192637
2014-11-24,2069.409912109375,^GSPC,Adj Close,7.635018779006375
2014-11-25,2067.030029296875,^GSPC,Adj Close,7.633868087537959
2014-11-26,2072.830078125,^GSPC,Adj Close,7.636670140009562
2014-11-28,2067.56005859375,^GSPC,Adj Close,7.634124475372549
2014-12-01,2053.43994140625,^GSPC,Adj Close,7.627271686027715
2014-12-02,2066.550048828125,^GSPC,Adj Close,7.633635852786563
2014-12-03,2074.330078125,^GSPC,Adj Close,7.63739352662059
2014-12-04,2071.919921875,^GSPC,Adj Close,7.636230954888805
2014-12-05,2075.3701171875,^GSPC,Adj Close,7.637894786487726
2014-12-08,2060.31005859375,^GSPC,Adj Close,7.630611764338011
2014-12-09,2059.820068359375,^GSPC,Adj Close,7.630373912512177
2014-12-10,2026.1400146484373,^GSPC,Adj Close,7.613887791329128
2014-12-11,2035.3299560546875,^GSPC,Adj Close,7.618413225300748
2014-12-12,2002.3299560546875,^GSPC,Adj Close,7.60206675950909
2014-12-15,1989.6300048828125,^GSPC,Adj Close,7.595703973237368
2014-12-16,1972.739990234375,^GSPC,Adj Close,7.587178713371987
2014-12-17,2012.8900146484373,^GSPC,Adj Close,7.607326786615283
2014-12-18,2061.22998046875,^GSPC,Adj Close,7.631058161500992
2014-12-19,2070.64990234375,^GSPC,Adj Close,7.63561779946841
2014-12-22,2078.5400390625,^GSPC,Adj Close,7.639421021948338
2014-12-23,2082.169921875,^GSPC,Adj Close,7.641165860578043
2014-12-24,2081.8798828125,^GSPC,Adj Close,7.641026554336967
2014-12-26,2088.77001953125,^GSPC,Adj Close,7.644330664319089
2014-12-29,2090.570068359375,^GSPC,Adj Close,7.645192067747178
2014-12-30,2080.35009765625,^GSPC,Adj Close,7.640291474712674
2014-12-31,2058.89990234375,^GSPC,Adj Close,7.629927091151424
2015-01-02,2058.199951171875,^GSPC,Adj Close,7.629587069678288
2015-01-05,2020.5799560546875,^GSPC,Adj Close,7.611139856145701
2015-01-06,2002.6099853515625,^GSPC,Adj Close,7.602206601455001
2015-01-07,2025.9000244140625,^GSPC,Adj Close,7.613769337299877
2015-01-08,2062.139892578125,^GSPC,Adj Close,7.631499505427032
2015-01-09,2044.81005859375,^GSPC,Adj Close,7.623060183279954
2015-01-12,2028.260009765625,^GSPC,Adj Close,7.614933566436483
2015-01-13,2023.030029296875,^GSPC,Adj Close,7.612351681000667
2015-01-14,2011.27001953125,^GSPC,Adj Close,7.606521652032692
2015-01-15,1992.6700439453125,^GSPC,Adj Close,7.597230749028124
2015-01-16,2019.4200439453125,^GSPC,Adj Close,7.610565642214391
2015-01-20,2022.550048828125,^GSPC,Adj Close,7.612114394647792
2015-01-21,2032.1199951171875,^GSPC,Adj Close,7.616834859669981
2015-01-22,2063.14990234375,^GSPC,Adj Close,7.631989172740611
2015-01-23,2051.820068359375,^GSPC,Adj Close,7.626482516461309
2015-01-26,2057.090087890625,^GSPC,Adj Close,7.629047684459932
2015-01-27,2029.550048828125,^GSPC,Adj Close,7.615569396644075
2015-01-28,2002.1600341796875,^GSPC,Adj Close,7.601981893833053
2015-01-29,2021.25,^GSPC,Adj Close,7.611471410891316
2015-01-30,1994.989990234375,^GSPC,Adj Close,7.598394311884998
2015-02-02,2020.8499755859373,^GSPC,Adj Close,7.611273481885213
2015-02-03,2050.030029296875,^GSPC,Adj Close,7.625609720462666
2015-02-04,2041.510009765625,^GSPC,Adj Close,7.621445013890214
2015-02-05,2062.52001953125,^GSPC,Adj Close,7.631683824601123
2015-02-06,2055.469970703125,^GSPC,Adj Close,7.628259796989244
2015-02-09,2046.739990234375,^GSPC,Adj Close,7.624003557678763
2015-02-10,2068.590087890625,^GSPC,Adj Close,7.634622537232825
2015-02-11,2068.530029296875,^GSPC,Adj Close,7.634593503222667
2015-02-12,2088.47998046875,^GSPC,Adj Close,7.644191798288583
2015-02-13,2096.989990234375,^GSPC,Adj Close,7.648258257516362
2015-02-17,2100.340087890625,^GSPC,Adj Close,7.64985455721416
2015-02-18,2099.679931640625,^GSPC,Adj Close,7.649540198590931
2015-02-19,2097.449951171875,^GSPC,Adj Close,7.648477576875213
2015-02-20,2110.300048828125,^GSPC,Adj Close,7.654585419596269
2015-02-23,2109.659912109375,^GSPC,Adj Close,7.654282034384283
2015-02-24,2115.47998046875,^GSPC,Adj Close,7.657037006853114
2015-02-25,2113.860107421875,^GSPC,Adj Close,7.656270989889512
2015-02-26,2110.739990234375,^GSPC,Adj Close,7.654793871259257
2015-02-27,2104.5,^GSPC,Adj Close,7.651833188210626
2015-03-02,2117.389892578125,^GSPC,Adj Close,7.657939426391758
2015-03-03,2107.780029296875,^GSPC,Adj Close,7.653390553787941
2015-03-04,2098.530029296875,^GSPC,Adj Close,7.648992392557786
2015-03-05,2101.0400390625,^GSPC,Adj Close,7.650187757808823
2015-03-06,2071.260009765625,^GSPC,Adj Close,7.6359124014463555
2015-03-09,2079.429931640625,^GSPC,Adj Close,7.6398490638043315
2015-03-10,2044.1600341796875,^GSPC,Adj Close,7.62274224286719
2015-03-11,2040.239990234375,^GSPC,Adj Close,7.620822722190705
2015-03-12,2065.949951171875,^GSPC,Adj Close,7.633345424396742
2015-03-13,2053.39990234375,^GSPC,Adj Close,7.627252187306546
2015-03-16,2081.18994140625,^GSPC,Adj Close,7.6406950963304014
2015-03-17,2074.280029296875,^GSPC,Adj Close,7.637369398622619
2015-03-18,2099.5,^GSPC,Adj Close,7.649454500124248
2015-03-19,2089.27001953125,^GSPC,Adj Close,7.644570010997298
2015-03-20,2108.10009765625,^GSPC,Adj Close,7.653542393190557
2015-03-23,2104.419921875,^GSPC,Adj Close,7.651795136583844
2015-03-24,2091.5,^GSPC,Adj Close,7.645636790882253
2015-03-25,2061.050048828125,^GSPC,Adj Close,7.630970864355014
2015-03-26,2056.14990234375,^GSPC,Adj Close,7.62859053361754
2015-03-27,2061.02001953125,^GSPC,Adj Close,7.630956294347044
2015-03-30,2086.239990234375,^GSPC,Adj Close,7.6431186769941935
2015-03-31,2067.889892578125,^GSPC,Adj Close,7.634283990776662
2015-04-01,2059.68994140625,^GSPC,Adj Close,7.630310736574815
2015-04-02,2066.9599609375,^GSPC,Adj Close,7.633834188878529
2015-04-06,2080.6201171875,^GSPC,Adj Close,7.640421261525694
2015-04-07,2076.330078125,^GSPC,Adj Close,7.6383572288171075
2015-04-08,2081.89990234375,^GSPC,Adj Close,7.641036170374455
2015-04-09,2091.179931640625,^GSPC,Adj Close,7.645483746248081
2015-04-10,2102.06005859375,^GSPC,Adj Close,7.650673123147537
2015-04-13,2092.429931640625,^GSPC,Adj Close,7.646081316326575
2015-04-14,2095.840087890625,^GSPC,Adj Close,7.647709748585089
2015-04-15,2106.6298828125,^GSPC,Adj Close,7.652844737630085
2015-04-16,2104.989990234375,^GSPC,Adj Close,7.652065990872099
2015-04-17,2081.179931640625,^GSPC,Adj Close,7.640690286683046
2015-04-20,2100.39990234375,^GSPC,Adj Close,7.649883035269583
2015-04-21,2097.2900390625,^GSPC,Adj Close,7.648401332764815
2015-04-22,2107.9599609375,^GSPC,Adj Close,7.653475915618201
2015-04-23,2112.929931640625,^GSPC,Adj Close,7.655830856460754
2015-04-24,2117.68994140625,^GSPC,Adj Close,7.658081123285507
2015-04-27,2108.919921875,^GSPC,Adj Close,7.653931210044773
2015-04-28,2114.760009765625,^GSPC,Adj Close,7.656696614482119
2015-04-29,2106.85009765625,^GSPC,Adj Close,7.652949266354546
2015-04-30,2085.510009765625,^GSPC,Adj Close,7.642768713321297
2015-05-01,2108.2900390625,^GSPC,Adj Close,7.653632489884753
2015-05-04,2114.489990234375,^GSPC,Adj Close,7.656568923032516
2015-05-05,2089.4599609375,^GSPC,Adj Close,7.644660919673986
2015-05-06,2080.14990234375,^GSPC,Adj Close,7.640195238533054
2015-05-07,2088.0,^GSPC,Adj Close,7.643961949002529
2015-05-08,2116.10009765625,^GSPC,Adj Close,7.657330096989891
2015-05-11,2105.330078125,^GSPC,Adj Close,7.652227540533809
2015-05-12,2099.1201171875,^GSPC,Adj Close,7.6492735440944415
2015-05-13,2098.47998046875,^GSPC,Adj Close,7.648968542803789
2015-05-14,2121.10009765625,^GSPC,Adj Close,7.659690147065549
2015-05-15,2122.72998046875,^GSPC,Adj Close,7.660458265893416
2015-05-18,2129.199951171875,^GSPC,Adj Close,7.663501578365986
2015-05-19,2127.830078125,^GSPC,Adj Close,7.662857996768144
2015-05-20,2125.85009765625,^GSPC,Adj Close,7.66192704731735
2015-05-21,2130.820068359375,^GSPC,Adj Close,7.664262193226095
2015-05-22,2126.06005859375,^GSPC,Adj Close,7.662025808076612
2015-05-26,2104.199951171875,^GSPC,Adj Close,7.65169060316911
2015-05-27,2123.47998046875,^GSPC,Adj Close,7.66081152209822
2015-05-28,2120.7900390625,^GSPC,Adj Close,7.659543958180732
2015-05-29,2107.389892578125,^GSPC,Adj Close,7.653205442996635
2015-06-01,2111.72998046875,^GSPC,Adj Close,7.655262786495782
2015-06-02,2109.60009765625,^GSPC,Adj Close,7.654253681330434
2015-06-03,2114.070068359375,^GSPC,Adj Close,7.65637031080019
2015-06-04,2095.840087890625,^GSPC,Adj Close,7.647709748585089
2015-06-05,2092.830078125,^GSPC,Adj Close,7.646272533352357
2015-06-08,2079.280029296875,^GSPC,Adj Close,7.639776973014051
2015-06-09,2080.14990234375,^GSPC,Adj Close,7.640195238533054
2015-06-10,2105.199951171875,^GSPC,Adj Close,7.652165730285568
2015-06-11,2108.860107421875,^GSPC,Adj Close,7.653902847042096
2015-06-12,2094.110107421875,^GSPC,Adj Close,7.646883972388994
2015-06-15,2084.429931640625,^GSPC,Adj Close,7.642250682767222
2015-06-16,2096.2900390625,^GSPC,Adj Close,7.647924413282976
2015-06-17,2100.43994140625,^GSPC,Adj Close,7.649902097678049
2015-06-18,2121.239990234375,^GSPC,Adj Close,7.659756097732058
2015-06-19,2109.989990234375,^GSPC,Adj Close,7.6544384824941085
2015-06-22,2122.85009765625,^GSPC,Adj Close,7.660514850475651
2015-06-23,2124.199951171875,^GSPC,Adj Close,7.661150516900844
2015-06-24,2108.580078125,^GSPC,Adj Close,7.653770051182539
2015-06-25,2102.31005859375,^GSPC,Adj Close,7.650792047025942
2015-06-26,2101.489990234375,^GSPC,Adj Close,7.65040189128102
2015-06-29,2057.639892578125,^GSPC,Adj Close,7.629314921772408
2015-06-30,2063.110107421875,^GSPC,Adj Close,7.631969884124876
2015-07-01,2077.419921875,^GSPC,Adj Close,7.638881980559513
2015-07-02,2076.780029296875,^GSPC,Adj Close,7.638573910369966
2015-07-06,2068.760009765625,^GSPC,Adj Close,7.634704677671069
2015-07-07,2081.340087890625,^GSPC,Adj Close,7.640767238264938
2015-07-08,2046.6800537109373,^GSPC,Adj Close,7.623974273352796
2015-07-09,2051.31005859375,^GSPC,Adj Close,7.626233920997616
2015-07-10,2076.6201171875,^GSPC,Adj Close,7.638496907382624
2015-07-13,2099.60009765625,^GSPC,Adj Close,7.649502175889979
2015-07-14,2108.949951171875,^GSPC,Adj Close,7.653945449126479
2015-07-15,2107.39990234375,^GSPC,Adj Close,7.6532101928257426
2015-07-16,2124.2900390625,^GSPC,Adj Close,7.661192926270218
2015-07-17,2126.639892578125,^GSPC,Adj Close,7.662298497894668
2015-07-20,2128.280029296875,^GSPC,Adj Close,7.66306943451867
2015-07-21,2119.2099609375,^GSPC,Adj Close,7.658798638275947
2015-07-22,2114.14990234375,^GSPC,Adj Close,7.656408073255757
2015-07-23,2102.14990234375,^GSPC,Adj Close,7.650715863044377
2015-07-24,2079.64990234375,^GSPC,Adj Close,7.639954842347716
2015-07-27,2067.639892578125,^GSPC,Adj Close,7.634163087282652
2015-07-28,2093.25,^GSPC,Adj Close,7.646473161084542
2015-07-29,2108.570068359375,^GSPC,Adj Close,7.653765304011925
2015-07-30,2108.6298828125,^GSPC,Adj Close,7.653793670915947
2015-07-31,2103.840087890625,^GSPC,Adj Close,7.651519567114896
2015-08-03,2098.0400390625,^GSPC,Adj Close,7.6487588731699905
2015-08-04,2093.320068359375,^GSPC,Adj Close,7.646506634003058
2015-08-05,2099.840087890625,^GSPC,Adj Close,7.649616472188549
2015-08-06,2083.56005859375,^GSPC,Adj Close,7.641833276265987
2015-08-07,2077.570068359375,^GSPC,Adj Close,7.638954253409649
2015-08-10,2104.179931640625,^GSPC,Adj Close,7.651681089041674
2015-08-11,2084.070068359375,^GSPC,Adj Close,7.642078024361492
2015-08-12,2086.050048828125,^GSPC,Adj Close,7.643027627999706
2015-08-13,2083.389892578125,^GSPC,Adj Close,7.641751602131325
2015-08-14,2091.5400390625,^GSPC,Adj Close,7.645655934405685
2015-08-17,2102.43994140625,^GSPC,Adj Close,7.650853826115087
2015-08-18,2096.919921875,^GSPC,Adj Close,7.648224843179454
2015-08-19,2079.610107421875,^GSPC,Adj Close,7.639935706769857
2015-08-20,2035.72998046875,^GSPC,Adj Close,7.618609746315711
2015-08-21,1970.8900146484373,^GSPC,Adj Close,7.586240503793832
2015-08-24,1893.2099609375,^GSPC,Adj Close,7.546029059447314
2015-08-25,1867.6099853515625,^GSPC,Adj Close,7.532414809704657
2015-08-26,1940.510009765625,^GSPC,Adj Close,7.57070610913919
2015-08-27,1987.6600341796875,^GSPC,Adj Close,7.594713363628879
2015-08-28,1988.8699951171875,^GSPC,Adj Close,7.595321914785756
2015-08-31,1972.1800537109373,^GSPC,Adj Close,7.586894836121772
2015-09-01,1913.8499755859373,^GSPC,Adj Close,7.556872186279343
2015-09-02,1948.8599853515625,^GSPC,Adj Close,7.574999857702558
2015-09-03,1951.1300048828125,^GSPC,Adj Close,7.576163973401977
2015-09-04,1921.219970703125,^GSPC,Adj Close,7.5607156646477
2015-09-08,1969.4100341796875,^GSPC,Adj Close,7.585489301844739
2015-09-09,1942.0400390625,^GSPC,Adj Close,7.571494266075654
2015-09-10,1952.2900390625,^GSPC,Adj Close,7.57675834152059
2015-09-11,1961.050048828125,^GSPC,Adj Close,7.581235347965577
2015-09-14,1953.030029296875,^GSPC,Adj Close,7.577137306742532
2015-09-15,1978.0899658203125,^GSPC,Adj Close,7.589886994373965
2015-09-16,1995.31005859375,^GSPC,Adj Close,7.598554735089341
2015-09-17,1990.199951171875,^GSPC,Adj Close,7.595990390646781
2015-09-18,1958.030029296875,^GSPC,Adj Close,7.579694159692397
2015-09-21,1966.969970703125,^GSPC,Adj Close,7.58424955172607
2015-09-22,1942.739990234375,^GSPC,Adj Close,7.5718546217066915
2015-09-23,1938.760009765625,^GSPC,Adj Close,7.569803877477098
2015-09-24,1932.239990234375,^GSPC,Adj Close,7.566435225605791
2015-09-25,1931.3399658203125,^GSPC,Adj Close,7.565969323804571
2015-09-28,1881.77001953125,^GSPC,Adj Close,7.539968112641762
2015-09-29,1884.0899658203125,^GSPC,Adj Close,7.541200206554744
2015-09-30,1920.030029296875,^GSPC,Adj Close,7.560096105158308
2015-10-01,1923.8199462890625,^GSPC,Adj Close,7.562068043836646
2015-10-02,1951.3599853515625,^GSPC,Adj Close,7.576281836853052
2015-10-05,1987.050048828125,^GSPC,Adj Close,7.594406430371554
2015-10-06,1979.9200439453125,^GSPC,Adj Close,7.59081174102741
2015-10-07,1995.8299560546875,^GSPC,Adj Close,7.5988152608849635
2015-10-08,2013.4300537109373,^GSPC,Adj Close,7.607595041029522
2015-10-09,2014.8900146484373,^GSPC,Adj Close,7.608319889590037
2015-10-12,2017.4599609375,^GSPC,Adj Close,7.60959455406737
2015-10-13,2003.68994140625,^GSPC,Adj Close,7.602745730377243
2015-10-14,1994.239990234375,^GSPC,Adj Close,7.598018299465304
2015-10-15,2023.8599853515625,^GSPC,Adj Close,7.612761850816659
2015-10-16,2033.1099853515625,^GSPC,Adj Close,7.617321912190356
2015-10-19,2033.6600341796875,^GSPC,Adj Close,7.617592421134229
2015-10-20,2030.77001953125,^GSPC,Adj Close,7.616170320078335
2015-10-21,2018.93994140625,^GSPC,Adj Close,7.610327871167201
2015-10-22,2052.510009765625,^GSPC,Adj Close,7.626818718179795
2015-10-23,2075.14990234375,^GSPC,Adj Close,7.637788672148837
2015-10-26,2071.179931640625,^GSPC,Adj Close,7.635873739147738
2015-10-27,2065.889892578125,^GSPC,Adj Close,7.63331635328265
2015-10-28,2090.35009765625,^GSPC,Adj Close,7.645086841770794
2015-10-29,2089.409912109375,^GSPC,Adj Close,7.644636966390133
2015-10-30,2079.360107421875,^GSPC,Adj Close,7.639815484701708
2015-11-02,2104.050048828125,^GSPC,Adj Close,7.651619361040522
2015-11-03,2109.7900390625,^GSPC,Adj Close,7.65434371396559
2015-11-04,2102.31005859375,^GSPC,Adj Close,7.650792047025942
2015-11-05,2099.929931640625,^GSPC,Adj Close,7.649659257269444
2015-11-06,2099.199951171875,^GSPC,Adj Close,7.6493115754894205
2015-11-09,2078.580078125,^GSPC,Adj Close,7.639440284832918
2015-11-10,2081.719970703125,^GSPC,Adj Close,7.640949739986367
2015-11-11,2075.0,^GSPC,Adj Close,7.637716432664798
2015-11-12,2045.969970703125,^GSPC,Adj Close,7.623627269328166
2015-11-13,2023.0400390625,^GSPC,Adj Close,7.612356628896011
2015-11-16,2053.18994140625,^GSPC,Adj Close,7.627149931690245
2015-11-17,2050.43994140625,^GSPC,Adj Close,7.625809654671999
2015-11-18,2083.580078125,^GSPC,Adj Close,7.64184288454917
2015-11-19,2081.239990234375,^GSPC,Adj Close,7.640719144220191
2015-11-20,2089.169921875,^GSPC,Adj Close,7.644522099500341
2015-11-23,2086.590087890625,^GSPC,Adj Close,7.643286475658656
2015-11-24,2089.139892578125,^GSPC,Adj Close,7.644507725603617
2015-11-25,2088.8701171875,^GSPC,Adj Close,7.64437858498865
2015-11-27,2090.110107421875,^GSPC,Adj Close,7.644972026548131
2015-11-30,2080.409912109375,^GSPC,Adj Close,7.640320226408512
2015-12-01,2102.6298828125,^GSPC,Adj Close,7.650944165355252
2015-12-02,2079.510009765625,^GSPC,Adj Close,7.639887572715803
2015-12-03,2049.6201171875,^GSPC,Adj Close,7.625409746271653
2015-12-04,2091.68994140625,^GSPC,Adj Close,7.645727602635504
2015-12-07,2077.070068359375,^GSPC,Adj Close,7.638713558675106
2015-12-08,2063.590087890625,^GSPC,Adj Close,7.632202506049512
2015-12-09,2047.6199951171875,^GSPC,Adj Close,7.624433419683819
2015-12-10,2052.22998046875,^GSPC,Adj Close,7.626682276262414
2015-12-11,2012.3699951171875,^GSPC,Adj Close,7.607068408506598
2015-12-14,2021.93994140625,^GSPC,Adj Close,7.611812696570666
2015-12-15,2043.4100341796875,^GSPC,Adj Close,7.622375276676581
2015-12-16,2073.070068359375,^GSPC,Adj Close,7.636785912327352
2015-12-17,2041.8900146484373,^GSPC,Adj Close,7.621631135691476
2015-12-18,2005.550048828125,^GSPC,Adj Close,7.603673640684369
2015-12-21,2021.1500244140625,^GSPC,Adj Close,7.611421947411525
2015-12-22,2038.969970703125,^GSPC,Adj Close,7.620200043003094
2015-12-23,2064.2900390625,^GSPC,Adj Close,7.632541639530648
2015-12-24,2060.989990234375,^GSPC,Adj Close,7.630941724126785
2015-12-28,2056.5,^GSPC,Adj Close,7.628760787670479
2015-12-29,2078.360107421875,^GSPC,Adj Close,7.639334451843502
2015-12-30,2063.360107421875,^GSPC,Adj Close,7.632091053059724
2015-12-31,2043.93994140625,^GSPC,Adj Close,7.622634568018255
2016-01-04,2012.6600341796875,^GSPC,Adj Close,7.607212526220449
2016-01-05,2016.7099609375,^GSPC,Adj Close,7.609222730359809
2016-01-06,1990.260009765625,^GSPC,Adj Close,7.596020567357184
2016-01-07,1943.0899658203125,^GSPC,Adj Close,7.5720347508378385
2016-01-08,1922.030029296875,^GSPC,Adj Close,7.561137213391991
2016-01-11,1923.6700439453125,^GSPC,Adj Close,7.561990121687813
2016-01-12,1938.6800537109373,^GSPC,Adj Close,7.569762635805588
2016-01-13,1890.280029296875,^GSPC,Adj Close,7.544480260727679
2016-01-14,1921.8399658203125,^GSPC,Adj Close,7.561038321662063
2016-01-15,1880.3299560546875,^GSPC,Adj Close,7.5392025489639005
2016-01-19,1881.3299560546875,^GSPC,Adj Close,7.539734229151329
2016-01-20,1859.3299560546875,^GSPC,Adj Close,7.52797146312543
2016-01-21,1868.989990234375,^GSPC,Adj Close,7.533153451761379
2016-01-22,1906.9000244140625,^GSPC,Adj Close,7.553234178643592
2016-01-25,1877.0799560546875,^GSPC,Adj Close,7.537472633470771
2016-01-26,1903.6300048828125,^GSPC,Adj Close,7.551517871301139
2016-01-27,1882.949951171875,^GSPC,Adj Close,7.540594949000611
2016-01-28,1893.3599853515625,^GSPC,Adj Close,7.546108299718202
2016-01-29,1940.239990234375,^GSPC,Adj Close,7.570566950712759
2016-02-01,1939.3800048828125,^GSPC,Adj Close,7.570123615867216
2016-02-02,1903.030029296875,^GSPC,Adj Close,7.551202647148985
2016-02-03,1912.530029296875,^GSPC,Adj Close,7.556182267170559
2016-02-04,1915.449951171875,^GSPC,Adj Close,7.557707835463082
2016-02-05,1880.050048828125,^GSPC,Adj Close,7.539053677186731
2016-02-08,1853.43994140625,^GSPC,Adj Close,7.524798619263674
2016-02-09,1852.2099609375,^GSPC,Adj Close,7.524134778616913
2016-02-10,1851.8599853515625,^GSPC,Adj Close,7.523945810486152
2016-02-11,1829.0799560546875,^GSPC,Adj Close,7.511568363156896
2016-02-12,1864.780029296875,^GSPC,Adj Close,7.5308983783639425
2016-02-16,1895.5799560546875,^GSPC,Adj Close,7.547280116105627
2016-02-17,1926.8199462890625,^GSPC,Adj Close,7.563626226731269
2016-02-18,1917.8299560546875,^GSPC,Adj Close,7.558949594607334
2016-02-19,1917.780029296875,^GSPC,Adj Close,7.558923561325532
2016-02-22,1945.5,^GSPC,Adj Close,7.573274292424609
2016-02-23,1921.27001953125,^GSPC,Adj Close,7.56074171485382
2016-02-24,1929.800048828125,^GSPC,Adj Close,7.565171674888452
2016-02-25,1951.699951171875,^GSPC,Adj Close,7.576456041618902
2016-02-26,1948.050048828125,^GSPC,Adj Close,7.574584176289338
2016-02-29,1932.22998046875,^GSPC,Adj Close,7.566430045197766
2016-03-01,1978.3499755859373,^GSPC,Adj Close,7.590018430599385
2016-03-02,1986.449951171875,^GSPC,Adj Close,7.594104380460487
2016-03-03,1993.4000244140625,^GSPC,Adj Close,7.597597014780804
2016-03-04,1999.989990234375,^GSPC,Adj Close,7.600897454646746
2016-03-07,2001.760009765625,^GSPC,Adj Close,7.601782077447609
2016-03-08,1979.260009765625,^GSPC,Adj Close,7.590478321391603
2016-03-09,1989.260009765625,^GSPC,Adj Close,7.5955179941744175
2016-03-10,1989.5699462890625,^GSPC,Adj Close,7.59567378697154
2016-03-11,2022.18994140625,^GSPC,Adj Close,7.611936332560391
2016-03-14,2019.6400146484373,^GSPC,Adj Close,7.610674563943779
2016-03-15,2015.9300537109373,^GSPC,Adj Close,7.608835933009462
2016-03-16,2027.219970703125,^GSPC,Adj Close,7.614420660891241
2016-03-17,2040.5899658203125,^GSPC,Adj Close,7.620994243959838
2016-03-18,2049.580078125,^GSPC,Adj Close,7.625390211210863
2016-03-21,2051.60009765625,^GSPC,Adj Close,7.626375303115156
2016-03-22,2049.800048828125,^GSPC,Adj Close,7.625497530218384
2016-03-23,2036.7099609375,^GSPC,Adj Close,7.619091020687716
2016-03-24,2035.93994140625,^GSPC,Adj Close,7.61871287890834
2016-03-28,2037.050048828125,^GSPC,Adj Close,7.619257985796413
2016-03-29,2055.010009765625,^GSPC,Adj Close,7.62803599785065
2016-03-30,2063.949951171875,^GSPC,Adj Close,7.632376877844216
2016-03-31,2059.739990234375,^GSPC,Adj Close,7.630335035484595
2016-04-01,2072.780029296875,^GSPC,Adj Close,7.636645994551195
2016-04-04,2066.1298828125,^GSPC,Adj Close,7.6334325145053405
2016-04-05,2045.1700439453125,^GSPC,Adj Close,7.623236216093546
2016-04-06,2066.659912109375,^GSPC,Adj Close,7.633689014025559
2016-04-07,2041.9100341796875,^GSPC,Adj Close,7.621640940055554
2016-04-08,2047.5999755859373,^GSPC,Adj Close,7.624423642660171
2016-04-11,2041.989990234375,^GSPC,Adj Close,7.621680096770566
2016-04-12,2061.719970703125,^GSPC,Adj Close,7.631295850651957
2016-04-13,2082.419921875,^GSPC,Adj Close,7.641285920420514
2016-04-14,2082.780029296875,^GSPC,Adj Close,7.641458832850646
2016-04-15,2080.72998046875,^GSPC,Adj Close,7.6404740632745
2016-04-18,2094.340087890625,^GSPC,Adj Close,7.646993788888299
2016-04-19,2100.800048828125,^GSPC,Adj Close,7.650073526791165
2016-04-20,2102.39990234375,^GSPC,Adj Close,7.6508347818404
2016-04-21,2091.47998046875,^GSPC,Adj Close,7.645627218983107
2016-04-22,2091.580078125,^GSPC,Adj Close,7.645675077562648
2016-04-25,2087.7900390625,^GSPC,Adj Close,7.643861387941886
2016-04-26,2091.699951171875,^GSPC,Adj Close,7.645732388116122
2016-04-27,2095.14990234375,^GSPC,Adj Close,7.647380382227869
2016-04-28,2075.81005859375,^GSPC,Adj Close,7.638106746166308
2016-04-29,2065.300048828125,^GSPC,Adj Close,7.63303079693575
2016-05-02,2081.429931640625,^GSPC,Adj Close,7.640810403632995
2016-05-03,2063.3701171875,^GSPC,Adj Close,7.632095904244599
2016-05-04,2051.1201171875,^GSPC,Adj Close,7.626141321539126
2016-05-05,2050.6298828125,^GSPC,Adj Close,7.625902284846332
2016-05-06,2057.139892578125,^GSPC,Adj Close,7.629071895399885
2016-05-09,2058.68994140625,^GSPC,Adj Close,7.629825108707494
2016-05-10,2084.389892578125,^GSPC,Adj Close,7.642231473943531
2016-05-11,2064.4599609375,^GSPC,Adj Close,7.632623951065663
2016-05-12,2064.110107421875,^GSPC,Adj Close,7.632454471797699
2016-05-13,2046.6099853515625,^GSPC,Adj Close,7.623940037635946
2016-05-16,2066.659912109375,^GSPC,Adj Close,7.633689014025559
2016-05-17,2047.2099609375,^GSPC,Adj Close,7.624233150473396
2016-05-18,2047.6300048828125,^GSPC,Adj Close,7.624438308159798
2016-05-19,2040.0400390625,^GSPC,Adj Close,7.620724713637077
2016-05-20,2052.320068359375,^GSPC,Adj Close,7.626726172859882
2016-05-23,2048.0400390625,^GSPC,Adj Close,7.62463853629178
2016-05-24,2076.06005859375,^GSPC,Adj Close,7.638227173825769
2016-05-25,2090.5400390625,^GSPC,Adj Close,7.645177703477353
2016-05-26,2090.10009765625,^GSPC,Adj Close,7.644967237427425
2016-05-27,2099.06005859375,^GSPC,Adj Close,7.649244932366864
2016-05-31,2096.949951171875,^GSPC,Adj Close,7.648239163746274
2016-06-01,2099.330078125,^GSPC,Adj Close,7.649373562400201
2016-06-02,2105.260009765625,^GSPC,Adj Close,7.652194258567187
2016-06-03,2099.1298828125,^GSPC,Adj Close,7.649278196330492
2016-06-06,2109.409912109375,^GSPC,Adj Close,7.654163524849856
2016-06-07,2112.1298828125,^GSPC,Adj Close,7.655452140479053
2016-06-08,2119.1201171875,^GSPC,Adj Close,7.658756242451008
2016-06-09,2115.47998046875,^GSPC,Adj Close,7.657037006853114
2016-06-10,2096.070068359375,^GSPC,Adj Close,7.647819474442948
2016-06-13,2079.06005859375,^GSPC,Adj Close,7.6396711756532385
2016-06-14,2075.320068359375,^GSPC,Adj Close,7.637870670581266
2016-06-15,2071.5,^GSPC,Adj Close,7.636028261517456
2016-06-16,2077.989990234375,^GSPC,Adj Close,7.639156354628502
2016-06-17,2071.219970703125,^GSPC,Adj Close,7.635893070483893
2016-06-20,2083.25,^GSPC,Adj Close,7.641684453262316
2016-06-21,2088.89990234375,^GSPC,Adj Close,7.644392843866526
2016-06-22,2085.449951171875,^GSPC,Adj Close,7.64273991486995
2016-06-23,2113.320068359375,^GSPC,Adj Close,7.656015481941905
2016-06-24,2037.4100341796875,^GSPC,Adj Close,7.619434689136322
2016-06-27,2000.5400390625,^GSPC,Adj Close,7.60117244262462
2016-06-28,2036.0899658203125,^GSPC,Adj Close,7.618786564228707
2016-06-29,2070.77001953125,^GSPC,Adj Close,7.635675807199962
2016-06-30,2098.860107421875,^GSPC,Adj Close,7.649149670349428
2016-07-01,2102.949951171875,^GSPC,Adj Close,7.651096376642459
2016-07-05,2088.550048828125,^GSPC,Adj Close,7.644225347656861
2016-07-06,2099.72998046875,^GSPC,Adj Close,7.649564034715137
2016-07-07,2097.89990234375,^GSPC,Adj Close,7.648692076828404
2016-07-08,2129.89990234375,^GSPC,Adj Close,7.663830263394396
2016-07-11,2137.159912109375,^GSPC,Adj Close,7.667233082706395
2016-07-12,2152.139892578125,^GSPC,Adj Close,7.67421792501374
2016-07-13,2152.429931640625,^GSPC,Adj Close,7.674352683688722
2016-07-14,2163.75,^GSPC,Adj Close,7.679598106490419
2016-07-15,2161.739990234375,^GSPC,Adj Close,7.678668727430548
2016-07-18,2166.889892578125,^GSPC,Adj Close,7.681048189252417
2016-07-19,2163.780029296875,^GSPC,Adj Close,7.679611984752001
2016-07-20,2173.02001953125,^GSPC,Adj Close,7.683873193067765
2016-07-21,2165.169921875,^GSPC,Adj Close,7.68025412321124
2016-07-22,2175.030029296875,^GSPC,Adj Close,7.68479775000075
2016-07-25,2168.47998046875,^GSPC,Adj Close,7.681781731260821
2016-07-26,2169.179931640625,^GSPC,Adj Close,7.68210446342154
2016-07-27,2166.580078125,^GSPC,Adj Close,7.680905202474731
2016-07-28,2170.06005859375,^GSPC,Adj Close,7.682510122922824
2016-07-29,2173.60009765625,^GSPC,Adj Close,7.684140103040481
2016-08-01,2170.840087890625,^GSPC,Adj Close,7.68286950889299
2016-08-02,2157.030029296875,^GSPC,Adj Close,7.676487568080323
2016-08-03,2163.7900390625,^GSPC,Adj Close,7.679616610796394
2016-08-04,2164.25,^GSPC,Adj Close,7.679829160095883
2016-08-05,2182.8701171875,^GSPC,Adj Close,7.688395857385263
2016-08-08,2180.889892578125,^GSPC,Adj Close,7.687488280093722
2016-08-09,2181.739990234375,^GSPC,Adj Close,7.687877998080277
2016-08-10,2175.489990234375,^GSPC,Adj Close,7.685009201016789
2016-08-11,2185.7900390625,^GSPC,Adj Close,7.689732616119233
2016-08-12,2184.050048828125,^GSPC,Adj Close,7.688936252732319
2016-08-15,2190.14990234375,^GSPC,Adj Close,7.691725269026841
2016-08-16,2178.14990234375,^GSPC,Adj Close,7.686231126810362
2016-08-17,2182.219970703125,^GSPC,Adj Close,7.688097972816518
2016-08-18,2187.02001953125,^GSPC,Adj Close,7.690295174512901
2016-08-19,2183.8701171875,^GSPC,Adj Close,7.688853864944132
2016-08-22,2182.639892578125,^GSPC,Adj Close,7.688290383060809
2016-08-23,2186.89990234375,^GSPC,Adj Close,7.690240250239171
2016-08-24,2175.43994140625,^GSPC,Adj Close,7.6849861949794995
2016-08-25,2172.469970703125,^GSPC,Adj Close,7.683620034582853
2016-08-26,2169.0400390625,^GSPC,Adj Close,7.682039970344141
2016-08-29,2180.3798828125,^GSPC,Adj Close,7.687254398772815
2016-08-30,2176.1201171875,^GSPC,Adj Close,7.685298807365692
2016-08-31,2170.949951171875,^GSPC,Adj Close,7.68292011626013
2016-09-01,2170.860107421875,^GSPC,Adj Close,7.682878730870718
2016-09-02,2179.97998046875,^GSPC,Adj Close,7.687070972469753
2016-09-06,2186.47998046875,^GSPC,Adj Close,7.690048214839757
2016-09-07,2186.159912109375,^GSPC,Adj Close,7.689901818901465
2016-09-08,2181.300048828125,^GSPC,Adj Close,7.687676330708994
2016-09-09,2127.81005859375,^GSPC,Adj Close,7.662848588298158
2016-09-12,2159.0400390625,^GSPC,Adj Close,7.677418975531593
2016-09-13,2127.02001953125,^GSPC,Adj Close,7.662477227253381
2016-09-14,2125.77001953125,^GSPC,Adj Close,7.661889377853568
2016-09-15,2147.260009765625,^GSPC,Adj Close,7.671947894303009
2016-09-16,2139.159912109375,^GSPC,Adj Close,7.668168466507437
2016-09-19,2139.1201171875,^GSPC,Adj Close,7.668149863273611
2016-09-20,2139.760009765625,^GSPC,Adj Close,7.668448956757846
2016-09-21,2163.1201171875,^GSPC,Adj Close,7.679306957091482
2016-09-22,2177.179931640625,^GSPC,Adj Close,7.6857857090091235
2016-09-23,2164.68994140625,^GSPC,Adj Close,7.680032416049405
2016-09-26,2146.10009765625,^GSPC,Adj Close,7.671407565931489
2016-09-27,2159.929931640625,^GSPC,Adj Close,7.677831061096787
2016-09-28,2171.3701171875,^GSPC,Adj Close,7.68311363770043
2016-09-29,2151.1298828125,^GSPC,Adj Close,7.673748509970348
2016-09-30,2168.27001953125,^GSPC,Adj Close,7.681684902558376
2016-10-03,2161.199951171875,^GSPC,Adj Close,7.678418879376848
2016-10-04,2150.489990234375,^GSPC,Adj Close,7.6734509975904865
2016-10-05,2159.72998046875,^GSPC,Adj Close,7.677738483821684
2016-10-06,2160.77001953125,^GSPC,Adj Close,7.678219927674288
2016-10-07,2153.739990234375,^GSPC,Adj Close,7.674961140232674
2016-10-10,2163.659912109375,^GSPC,Adj Close,7.679556470549999
2016-10-11,2136.72998046875,^GSPC,Adj Close,7.667031892852242
2016-10-12,2139.179931640625,^GSPC,Adj Close,7.668177825058641
2016-10-13,2132.550048828125,^GSPC,Adj Close,7.665073748646408
2016-10-14,2132.97998046875,^GSPC,Adj Close,7.665275332805528
2016-10-17,2126.5,^GSPC,Adj Close,7.662232714693689
2016-10-18,2139.60009765625,^GSPC,Adj Close,7.668374220299387
2016-10-19,2144.2900390625,^GSPC,Adj Close,7.670563792454737
2016-10-20,2141.340087890625,^GSPC,Adj Close,7.669187121323357
2016-10-21,2141.159912109375,^GSPC,Adj Close,7.6691029761832015
2016-10-24,2151.330078125,^GSPC,Adj Close,7.673841570830629
2016-10-25,2143.159912109375,^GSPC,Adj Close,7.670036613365923
2016-10-26,2139.429931640625,^GSPC,Adj Close,7.668294685444735
2016-10-27,2133.0400390625,^GSPC,Adj Close,7.665303489538727
2016-10-28,2126.409912109375,^GSPC,Adj Close,7.662190349399101
2016-10-31,2126.14990234375,^GSPC,Adj Close,7.662068065514903
2016-11-01,2111.719970703125,^GSPC,Adj Close,7.655258046406168
2016-11-02,2097.93994140625,^GSPC,Adj Close,7.648711161952714
2016-11-03,2088.659912109375,^GSPC,Adj Close,7.644277948930105
2016-11-04,2085.179931640625,^GSPC,Adj Close,7.642610428658411
2016-11-07,2131.52001953125,^GSPC,Adj Close,7.664590628387876
2016-11-08,2139.56005859375,^GSPC,Adj Close,7.668355506785034
2016-11-09,2163.260009765625,^GSPC,Adj Close,7.67937162666469
2016-11-10,2167.47998046875,^GSPC,Adj Close,7.6813204723807855
2016-11-11,2164.449951171875,^GSPC,Adj Close,7.679921544032988
2016-11-14,2164.199951171875,^GSPC,Adj Close,7.679806034575805
2016-11-15,2180.389892578125,^GSPC,Adj Close,7.687258989597894
2016-11-16,2176.93994140625,^GSPC,Adj Close,7.685675473075518
2016-11-17,2187.1201171875,^GSPC,Adj Close,7.690340942436716
2016-11-18,2181.89990234375,^GSPC,Adj Close,7.687951291071167
2016-11-21,2198.179931640625,^GSPC,Adj Close,7.695384993142041
2016-11-22,2202.93994140625,^GSPC,Adj Close,7.697548084245635
2016-11-23,2204.719970703125,^GSPC,Adj Close,7.698355782402543
2016-11-25,2213.35009765625,^GSPC,Adj Close,7.702262528015967
2016-11-28,2201.719970703125,^GSPC,Adj Close,7.696994138761232
2016-11-29,2204.659912109375,^GSPC,Adj Close,7.698328541114494
2016-11-30,2198.81005859375,^GSPC,Adj Close,7.695671610559337
2016-12-01,2191.080078125,^GSPC,Adj Close,7.692149887592573
2016-12-02,2191.949951171875,^GSPC,Adj Close,7.692546815312658
2016-12-05,2204.7099609375,^GSPC,Adj Close,7.698351242239402
2016-12-06,2212.22998046875,^GSPC,Adj Close,7.701756326708276
2016-12-07,2241.35009765625,^GSPC,Adj Close,7.714833685453
2016-12-08,2246.18994140625,^GSPC,Adj Close,7.716990700469871
2016-12-09,2259.530029296875,^GSPC,Adj Close,7.72291211900284
2016-12-12,2256.9599609375,^GSPC,Adj Close,7.721774036712241
2016-12-13,2271.719970703125,^GSPC,Adj Close,7.728292519913478
2016-12-14,2253.280029296875,^GSPC,Adj Close,7.720142224451619
2016-12-15,2262.030029296875,^GSPC,Adj Close,7.724017932139173
2016-12-16,2258.070068359375,^GSPC,Adj Close,7.722265775388193
2016-12-19,2262.530029296875,^GSPC,Adj Close,7.724238948103404
2016-12-20,2270.760009765625,^GSPC,Adj Close,7.727869860504557
2016-12-21,2265.179931640625,^GSPC,Adj Close,7.725409474779879
2016-12-22,2260.9599609375,^GSPC,Adj Close,7.723544763557482
2016-12-23,2263.7900390625,^GSPC,Adj Close,7.724795696092562
2016-12-27,2268.8798828125,^GSPC,Adj Close,7.72704154499711
2016-12-28,2249.919921875,^GSPC,Adj Close,7.718649904287339
2016-12-29,2249.260009765625,^GSPC,Adj Close,7.718356556555471
2016-12-30,2238.830078125,^GSPC,Adj Close,7.713708721858616
2017-01-03,2257.830078125,^GSPC,Adj Close,7.722159488611774
2017-01-04,2270.75,^GSPC,Adj Close,7.727865452382323
2017-01-05,2269.0,^GSPC,Adj Close,7.727094484779841
2017-01-06,2276.97998046875,^GSPC,Adj Close,7.730605273960421
2017-01-09,2268.89990234375,^GSPC,Adj Close,7.727050368488861
2017-01-10,2268.89990234375,^GSPC,Adj Close,7.727050368488861
2017-01-11,2275.320068359375,^GSPC,Adj Close,7.729876010877963
2017-01-12,2270.43994140625,^GSPC,Adj Close,7.727728898484234
2017-01-13,2274.639892578125,^GSPC,Adj Close,7.72957702987938
2017-01-17,2267.889892578125,^GSPC,Adj Close,7.726605115423162
2017-01-18,2271.889892578125,^GSPC,Adj Close,7.728367315892971
2017-01-19,2263.68994140625,^GSPC,Adj Close,7.724751478268652
2017-01-20,2271.31005859375,^GSPC,Adj Close,7.728112062329952
2017-01-23,2265.199951171875,^GSPC,Adj Close,7.725418312683882
2017-01-24,2280.070068359375,^GSPC,Adj Close,7.731961453212844
2017-01-25,2298.3701171875,^GSPC,Adj Close,7.739955506008813
2017-01-26,2296.679931640625,^GSPC,Adj Close,7.73921985107355
2017-01-27,2294.68994140625,^GSPC,Adj Close,7.738353011583809
2017-01-30,2280.89990234375,^GSPC,Adj Close,7.732325338087712
2017-01-31,2278.8701171875,^GSPC,Adj Close,7.731435036479679
2017-02-01,2279.550048828125,^GSPC,Adj Close,7.731733355467796
2017-02-02,2280.85009765625,^GSPC,Adj Close,7.732303502306486
2017-02-03,2297.419921875,^GSPC,Adj Close,7.73954199916104
2017-02-06,2292.56005859375,^GSPC,Adj Close,7.737424401647331
2017-02-07,2293.080078125,^GSPC,Adj Close,7.737651205111176
2017-02-08,2294.669921875,^GSPC,Adj Close,7.738344287259786
2017-02-09,2307.8701171875,^GSPC,Adj Close,7.744080350995746
2017-02-10,2316.10009765625,^GSPC,Adj Close,7.7476400578177556
2017-02-13,2328.25,^GSPC,Adj Close,7.752872191401767
2017-02-14,2337.580078125,^GSPC,Adj Close,7.75687151859744
2017-02-15,2349.25,^GSPC,Adj Close,7.761851407263174
2017-02-16,2347.219970703125,^GSPC,Adj Close,7.760986915661624
2017-02-17,2351.159912109375,^GSPC,Adj Close,7.762664064988861
2017-02-21,2365.3798828125,^GSPC,Adj Close,7.768693915008931
2017-02-22,2362.820068359375,^GSPC,Adj Close,7.767611128862127
2017-02-23,2363.81005859375,^GSPC,Adj Close,7.768030027833386
2017-02-24,2367.340087890625,^GSPC,Adj Close,7.769522278065417
2017-02-27,2369.75,^GSPC,Adj Close,7.770539743333151
2017-02-28,2363.639892578125,^GSPC,Adj Close,7.767958037217956
2017-03-01,2395.9599609375,^GSPC,Adj Close,7.781539248301681
2017-03-02,2381.919921875,^GSPC,Adj Close,7.775662131329576
2017-03-03,2383.1201171875,^GSPC,Adj Close,7.776165881698111
2017-03-06,2375.31005859375,^GSPC,Adj Close,7.772883258934545
2017-03-07,2368.389892578125,^GSPC,Adj Close,7.769965633032456
2017-03-08,2362.97998046875,^GSPC,Adj Close,7.767678805068392
2017-03-09,2364.8701171875,^GSPC,Adj Close,7.768478380681158
2017-03-10,2372.60009765625,^GSPC,Adj Close,7.771741720387016
2017-03-13,2373.469970703125,^GSPC,Adj Close,7.772108286006186
2017-03-14,2365.449951171875,^GSPC,Adj Close,7.768723537025295
2017-03-15,2385.260009765625,^GSPC,Adj Close,7.777063416149981
2017-03-16,2381.3798828125,^GSPC,Adj Close,7.775435381350798
2017-03-17,2378.25,^GSPC,Adj Close,7.774120202086566
2017-03-20,2373.469970703125,^GSPC,Adj Close,7.772108286006186
2017-03-21,2344.02001953125,^GSPC,Adj Close,7.759622691416084
2017-03-22,2348.449951171875,^GSPC,Adj Close,7.761510794263547
2017-03-23,2345.9599609375,^GSPC,Adj Close,7.760449962118717
2017-03-24,2343.97998046875,^GSPC,Adj Close,7.759605609904778
2017-03-27,2341.590087890625,^GSPC,Adj Close,7.758585502318932
2017-03-28,2358.570068359375,^GSPC,Adj Close,7.765810811148556
2017-03-29,2361.1298828125,^GSPC,Adj Close,7.766895547352386
2017-03-30,2368.06005859375,^GSPC,Adj Close,7.769826358264091
2017-03-31,2362.719970703125,^GSPC,Adj Close,7.767568764325825
2017-04-03,2358.840087890625,^GSPC,Adj Close,7.765925289017812
2017-04-04,2360.159912109375,^GSPC,Adj Close,7.766484655092473
2017-04-05,2352.949951171875,^GSPC,Adj Close,7.76342511828095
2017-04-06,2357.489990234375,^GSPC,Adj Close,7.765352768574686
2017-04-07,2355.5400390625,^GSPC,Adj Close,7.76452529611174
2017-04-10,2357.159912109375,^GSPC,Adj Close,7.765212746247524
2017-04-11,2353.780029296875,^GSPC,Adj Close,7.763777837955565
2017-04-12,2344.929931640625,^GSPC,Adj Close,7.760010800536579
2017-04-13,2328.949951171875,^GSPC,Adj Close,7.753172780246774
2017-04-17,2349.010009765625,^GSPC,Adj Close,7.761749245937882
2017-04-18,2342.18994140625,^GSPC,Adj Close,7.758841643092048
2017-04-19,2338.169921875,^GSPC,Adj Close,7.75712381769518
2017-04-20,2355.840087890625,^GSPC,Adj Close,7.764652668058154
2017-04-21,2348.68994140625,^GSPC,Adj Close,7.761612979951038
2017-04-24,2374.14990234375,^GSPC,Adj Close,7.77239471653915
2017-04-25,2388.610107421875,^GSPC,Adj Close,7.778466930750901
2017-04-26,2387.449951171875,^GSPC,Adj Close,7.777981109275214
2017-04-27,2388.77001953125,^GSPC,Adj Close,7.778533876275513
2017-04-28,2384.199951171875,^GSPC,Adj Close,7.776618896804023
2017-05-01,2388.330078125,^GSPC,Adj Close,7.778349688630917
2017-05-02,2391.169921875,^GSPC,Adj Close,7.779538032216728
2017-05-03,2388.1298828125,^GSPC,Adj Close,7.778265862820901
2017-05-04,2389.52001953125,^GSPC,Adj Close,7.778847796108771
2017-05-05,2399.2900390625,^GSPC,Adj Close,7.782928155516249
2017-05-08,2399.3798828125,^GSPC,Adj Close,7.782965600788157
2017-05-09,2396.919921875,^GSPC,Adj Close,7.781939826231364
2017-05-10,2399.6298828125,^GSPC,Adj Close,7.783069788948813
2017-05-11,2394.43994140625,^GSPC,Adj Close,7.780904637574706
2017-05-12,2390.89990234375,^GSPC,Adj Close,7.779425102233913
2017-05-15,2402.320068359375,^GSPC,Adj Close,7.784190244536927
2017-05-16,2400.669921875,^GSPC,Adj Close,7.783503111499941
2017-05-17,2357.030029296875,^GSPC,Adj Close,7.765157643328826
2017-05-18,2365.719970703125,^GSPC,Adj Close,7.768837681956042
2017-05-19,2381.72998046875,^GSPC,Adj Close,7.775582385164243
2017-05-22,2394.02001953125,^GSPC,Adj Close,7.7807292484602515
2017-05-23,2398.419921875,^GSPC,Adj Close,7.782565433632632
2017-05-24,2404.389892578125,^GSPC,Adj Close,7.785051467437208
2017-05-25,2415.070068359375,^GSPC,Adj Close,7.789483579479186
2017-05-26,2415.820068359375,^GSPC,Adj Close,7.789794081264489
2017-05-30,2412.909912109375,^GSPC,Adj Close,7.788588730534955
2017-05-31,2411.800048828125,^GSPC,Adj Close,7.788128655915004
2017-06-01,2430.06005859375,^GSPC,Adj Close,7.795671251499851
2017-06-02,2439.070068359375,^GSPC,Adj Close,7.799372126117897
2017-06-05,2436.10009765625,^GSPC,Adj Close,7.798153718977469
2017-06-06,2429.330078125,^GSPC,Adj Close,7.795370810311264
2017-06-07,2433.139892578125,^GSPC,Adj Close,7.796937839107612
2017-06-08,2433.7900390625,^GSPC,Adj Close,7.797205008143276
2017-06-09,2431.77001953125,^GSPC,Adj Close,7.796374674277089
2017-06-12,2429.389892578125,^GSPC,Adj Close,7.795395431797371
2017-06-13,2440.35009765625,^GSPC,Adj Close,7.799896790640601
2017-06-14,2437.919921875,^GSPC,Adj Close,7.798900463675284
2017-06-15,2432.4599609375,^GSPC,Adj Close,7.796658353878444
2017-06-16,2433.14990234375,^GSPC,Adj Close,7.796941953028503
2017-06-19,2453.4599609375,^GSPC,Adj Close,7.805254536235397
2017-06-20,2437.030029296875,^GSPC,Adj Close,7.7985353757884655
2017-06-21,2435.610107421875,^GSPC,Adj Close,7.797952561595194
2017-06-22,2434.5,^GSPC,Adj Close,7.797496675622756
2017-06-23,2438.300048828125,^GSPC,Adj Close,7.799056374178164
2017-06-26,2439.070068359375,^GSPC,Adj Close,7.799372126117897
2017-06-27,2419.3798828125,^GSPC,Adj Close,7.791266539542224
2017-06-28,2440.68994140625,^GSPC,Adj Close,7.800036041188775
2017-06-29,2419.699951171875,^GSPC,Adj Close,7.7913988243446335
2017-06-30,2423.409912109375,^GSPC,Adj Close,7.792930881955508
2017-07-03,2429.010009765625,^GSPC,Adj Close,7.795239049934655
2017-07-05,2432.5400390625,^GSPC,Adj Close,7.796691273970944
2017-07-06,2409.75,^GSPC,Adj Close,7.787278286664078
2017-07-07,2425.179931640625,^GSPC,Adj Close,7.793660999233693
2017-07-10,2427.429931640625,^GSPC,Adj Close,7.794588335337206
2017-07-11,2425.530029296875,^GSPC,Adj Close,7.793805348271124
2017-07-12,2443.25,^GSPC,Adj Close,7.801084399218945
2017-07-13,2447.830078125,^GSPC,Adj Close,7.802957228692418
2017-07-14,2459.27001953125,^GSPC,Adj Close,7.807619844862428
2017-07-17,2459.139892578125,^GSPC,Adj Close,7.807566930625721
2017-07-18,2460.610107421875,^GSPC,Adj Close,7.808164609323832
2017-07-19,2473.830078125,^GSPC,Adj Close,7.813522867539885
2017-07-20,2473.449951171875,^GSPC,Adj Close,7.813369196451278
2017-07-21,2472.5400390625,^GSPC,Adj Close,7.813001257122069
2017-07-24,2469.909912109375,^GSPC,Adj Close,7.811936956126661
2017-07-25,2477.1298828125,^GSPC,Adj Close,7.814855863646558
2017-07-26,2477.830078125,^GSPC,Adj Close,7.815138487652678
2017-07-27,2475.419921875,^GSPC,Adj Close,7.814165326015284
2017-07-28,2472.10009765625,^GSPC,Adj Close,7.812823310337168
2017-07-31,2470.300048828125,^GSPC,Adj Close,7.812094899502608
2017-08-01,2476.35009765625,^GSPC,Adj Close,7.814541020277547
2017-08-02,2477.570068359375,^GSPC,Adj Close,7.815033547684894
2017-08-03,2472.159912109375,^GSPC,Adj Close,7.812847505849948
2017-08-04,2476.830078125,^GSPC,Adj Close,7.814734827267488
2017-08-07,2480.909912109375,^GSPC,Adj Close,7.816380671911768
2017-08-08,2474.919921875,^GSPC,Adj Close,7.813963319681383
2017-08-09,2474.02001953125,^GSPC,Adj Close,7.81359964488867
2017-08-10,2438.2099609375,^GSPC,Adj Close,7.799019426487929
2017-08-11,2441.320068359375,^GSPC,Adj Close,7.800294183615916
2017-08-14,2465.840087890625,^GSPC,Adj Close,7.810287834861966
2017-08-15,2464.610107421875,^GSPC,Adj Close,7.809788902535082
2017-08-16,2468.110107421875,^GSPC,Adj Close,7.811207998058415
2017-08-17,2430.010009765625,^GSPC,Adj Close,7.795650655571223
2017-08-18,2425.550048828125,^GSPC,Adj Close,7.793813601909871
2017-08-21,2428.3701171875,^GSPC,Adj Close,7.794975577624437
2017-08-22,2452.510009765625,^GSPC,Adj Close,7.804867272885063
2017-08-23,2444.0400390625,^GSPC,Adj Close,7.801407702752424
2017-08-24,2438.969970703125,^GSPC,Adj Close,7.799331086005285
2017-08-25,2443.050048828125,^GSPC,Adj Close,7.801002557674223
2017-08-28,2444.239990234375,^GSPC,Adj Close,7.801489511147519
2017-08-29,2446.300048828125,^GSPC,Adj Close,7.802331977909529
2017-08-30,2457.590087890625,^GSPC,Adj Close,7.806936509697589
2017-08-31,2471.64990234375,^GSPC,Adj Close,7.812641183282303
2017-09-01,2476.550048828125,^GSPC,Adj Close,7.814621761324639
2017-09-05,2457.85009765625,^GSPC,Adj Close,7.807042302772493
2017-09-06,2465.5400390625,^GSPC,Adj Close,7.810166145265637
2017-09-07,2465.10009765625,^GSPC,Adj Close,7.809987693220784
2017-09-08,2461.429931640625,^GSPC,Adj Close,7.808497733077326
2017-09-11,2488.110107421875,^GSPC,Adj Close,7.8192787082744735
2017-09-12,2496.47998046875,^GSPC,Adj Close,7.822637010869356
2017-09-13,2498.3701171875,^GSPC,Adj Close,7.823393845117439
2017-09-14,2495.6201171875,^GSPC,Adj Close,7.822292521266611
2017-09-15,2500.22998046875,^GSPC,Adj Close,7.824137998812771
2017-09-18,2503.8701171875,^GSPC,Adj Close,7.825592860741899
2017-09-19,2506.64990234375,^GSPC,Adj Close,7.826702440358631
2017-09-20,2508.239990234375,^GSPC,Adj Close,7.827336587060941
2017-09-21,2500.60009765625,^GSPC,Adj Close,7.824286021114026
2017-09-22,2502.219970703125,^GSPC,Adj Close,7.824933605109193
2017-09-25,2496.659912109375,^GSPC,Adj Close,7.822709082409339
2017-09-26,2496.840087890625,^GSPC,Adj Close,7.822781246535234
2017-09-27,2507.0400390625,^GSPC,Adj Close,7.826858068937222
2017-09-28,2510.06005859375,^GSPC,Adj Close,7.82806195956616
2017-09-29,2519.360107421875,^GSPC,Adj Close,7.831760222634658
2017-10-02,2529.1201171875,^GSPC,Adj Close,7.835626741464371
2017-10-03,2534.580078125,^GSPC,Adj Close,7.837783252649031
2017-10-04,2537.739990234375,^GSPC,Adj Close,7.839029196310145
2017-10-05,2552.070068359375,^GSPC,Adj Close,7.8446601003414385
2017-10-06,2549.330078125,^GSPC,Adj Close,7.8435858891761985
2017-10-09,2544.72998046875,^GSPC,Adj Close,7.841779825308184
2017-10-10,2550.639892578125,^GSPC,Adj Close,7.844099544938663
2017-10-11,2555.239990234375,^GSPC,Adj Close,7.845901427868326
2017-10-12,2550.929931640625,^GSPC,Adj Close,7.844213250747975
2017-10-13,2553.169921875,^GSPC,Adj Close,7.845090972752821
2017-10-16,2557.639892578125,^GSPC,Adj Close,7.846840195285127
2017-10-17,2559.360107421875,^GSPC,Adj Close,7.84751254819056
2017-10-18,2561.260009765625,^GSPC,Adj Close,7.84825460770189
2017-10-19,2562.10009765625,^GSPC,Adj Close,7.848582551816901
2017-10-20,2575.2099609375,^GSPC,Adj Close,7.853686348001931
2017-10-23,2564.97998046875,^GSPC,Adj Close,7.849705952688934
2017-10-24,2569.1298828125,^GSPC,Adj Close,7.851322553563492
2017-10-25,2557.14990234375,^GSPC,Adj Close,7.846648597876232
2017-10-26,2560.39990234375,^GSPC,Adj Close,7.847918737126834
2017-10-27,2581.070068359375,^GSPC,Adj Close,7.855959347106562
2017-10-30,2572.830078125,^GSPC,Adj Close,7.85276176972982
2017-10-31,2575.260009765625,^GSPC,Adj Close,7.8537057826665
2017-11-01,2579.360107421875,^GSPC,Adj Close,7.855296626774404
2017-11-02,2579.85009765625,^GSPC,Adj Close,7.855486574544071
2017-11-03,2587.840087890625,^GSPC,Adj Close,7.8585788638703855
2017-11-06,2591.1298828125,^GSPC,Adj Close,7.859849307755161
2017-11-07,2590.639892578125,^GSPC,Adj Close,7.859660186950079
2017-11-08,2594.3798828125,^GSPC,Adj Close,7.86110280088214
2017-11-09,2584.6201171875,^GSPC,Adj Close,7.85733381954277
2017-11-10,2582.300048828125,^GSPC,Adj Close,7.856435772566717
2017-11-13,2584.840087890625,^GSPC,Adj Close,7.85741892347801
2017-11-14,2578.8701171875,^GSPC,Adj Close,7.855106642917727
2017-11-15,2564.6201171875,^GSPC,Adj Close,7.849565644175604
2017-11-16,2585.639892578125,^GSPC,Adj Close,7.857728296958576
2017-11-17,2578.85009765625,^GSPC,Adj Close,7.855098879979678
2017-11-20,2582.139892578125,^GSPC,Adj Close,7.856373749868469
2017-11-21,2599.030029296875,^GSPC,Adj Close,7.862893588748221
2017-11-22,2597.080078125,^GSPC,Adj Close,7.862143046044892
2017-11-24,2602.419921875,^GSPC,Adj Close,7.864197030323124
2017-11-27,2601.419921875,^GSPC,Adj Close,7.863812698736321
2017-11-28,2627.0400390625,^GSPC,Adj Close,7.873613030933114
2017-11-29,2626.070068359375,^GSPC,Adj Close,7.873243737050323
2017-11-30,2647.580078125,^GSPC,Adj Close,7.881401323713135
2017-12-01,2642.219970703125,^GSPC,Adj Close,7.87937474077733
2017-12-04,2639.43994140625,^GSPC,Adj Close,7.878322030228043
2017-12-05,2629.570068359375,^GSPC,Adj Close,7.874575639702088
2017-12-06,2629.27001953125,^GSPC,Adj Close,7.874461527531557
2017-12-07,2636.97998046875,^GSPC,Adj Close,7.877389594541666
2017-12-08,2651.5,^GSPC,Adj Close,7.882880796577185
2017-12-11,2659.989990234375,^GSPC,Adj Close,7.886077638698881
2017-12-12,2664.110107421875,^GSPC,Adj Close,7.88762536242097
2017-12-13,2662.85009765625,^GSPC,Adj Close,7.88715229345082
2017-12-14,2652.010009765625,^GSPC,Adj Close,7.883073125720057
2017-12-15,2675.81005859375,^GSPC,Adj Close,7.8920074391302
2017-12-18,2690.159912109375,^GSPC,Adj Close,7.897355917709797
2017-12-19,2681.469970703125,^GSPC,Adj Close,7.894120419666679
2017-12-20,2679.25,^GSPC,Adj Close,7.893292183593107
2017-12-21,2684.570068359375,^GSPC,Adj Close,7.895275870605765
2017-12-22,2683.340087890625,^GSPC,Adj Close,7.894817598967651
2017-12-26,2680.5,^GSPC,Adj Close,7.893758623267592
2017-12-27,2682.6201171875,^GSPC,Adj Close,7.894549251577835
2017-12-28,2687.5400390625,^GSPC,Adj Close,7.896381570580754
2017-12-29,2673.610107421875,^GSPC,Adj Close,7.891184938288006
2018-01-02,2695.81005859375,^GSPC,Adj Close,7.899454016506404
2018-01-03,2713.06005859375,^GSPC,Adj Close,7.90583244975034
2018-01-04,2723.989990234375,^GSPC,Adj Close,7.909852992605667
2018-01-05,2743.14990234375,^GSPC,Adj Close,7.916862138494253
2018-01-08,2747.7099609375,^GSPC,Adj Close,7.91852310226155
2018-01-09,2751.2900390625,^GSPC,Adj Close,7.919825185778848
2018-01-10,2748.22998046875,^GSPC,Adj Close,7.918712339967327
2018-01-11,2767.56005859375,^GSPC,Adj Close,7.925721365736209
2018-01-12,2786.239990234375,^GSPC,Adj Close,7.932448292135303
2018-01-16,2776.419921875,^GSPC,Adj Close,7.9289175788737
2018-01-17,2802.56005859375,^GSPC,Adj Close,7.938288585080203
2018-01-18,2798.030029296875,^GSPC,Adj Close,7.936670887582729
2018-01-19,2810.300048828125,^GSPC,Adj Close,7.941046535569719
2018-01-22,2832.969970703125,^GSPC,Adj Close,7.949080899951933
2018-01-23,2839.1298828125,^GSPC,Adj Close,7.951252904920155
2018-01-24,2837.5400390625,^GSPC,Adj Close,7.950692772372923
2018-01-25,2839.25,^GSPC,Adj Close,7.951295211771756
2018-01-26,2872.8701171875,^GSPC,Adj Close,7.96306684987784
2018-01-29,2853.530029296875,^GSPC,Adj Close,7.956312113592977
2018-01-30,2822.429931640625,^GSPC,Adj Close,7.94535347078764
2018-01-31,2823.81005859375,^GSPC,Adj Close,7.945842336646335
2018-02-01,2821.97998046875,^GSPC,Adj Close,7.945194038294312
2018-02-02,2762.1298828125,^GSPC,Adj Close,7.923757357777612
2018-02-05,2648.93994140625,^GSPC,Adj Close,7.881914816839231
2018-02-06,2695.139892578125,^GSPC,Adj Close,7.899205390188168
2018-02-07,2681.659912109375,^GSPC,Adj Close,7.894191251964416
2018-02-08,2581.0,^GSPC,Adj Close,7.855932199718614
2018-02-09,2619.550048828125,^GSPC,Adj Close,7.870757844918138
2018-02-12,2656.0,^GSPC,Adj Close,7.884576510596324
2018-02-13,2662.93994140625,^GSPC,Adj Close,7.887186032576602
2018-02-14,2698.6298828125,^GSPC,Adj Close,7.900499472385499
2018-02-15,2731.199951171875,^GSPC,Adj Close,7.912496334162275
2018-02-16,2732.219970703125,^GSPC,Adj Close,7.912869733812196
2018-02-20,2716.260009765625,^GSPC,Adj Close,7.907011216705358
2018-02-21,2701.330078125,^GSPC,Adj Close,7.901499552222048
2018-02-22,2703.9599609375,^GSPC,Adj Close,7.902472629707626
2018-02-23,2747.300048828125,^GSPC,Adj Close,7.918373907952747
2018-02-26,2779.60009765625,^GSPC,Adj Close,7.930062346573374
2018-02-27,2744.280029296875,^GSPC,Adj Close,7.917274035131907
2018-02-28,2713.830078125,^GSPC,Adj Close,7.90611622904825
2018-03-01,2677.669921875,^GSPC,Adj Close,7.8927022631933745
2018-03-02,2691.25,^GSPC,Adj Close,7.897761048678573
2018-03-05,2720.93994140625,^GSPC,Adj Close,7.908732666289099
2018-03-06,2728.1201171875,^GSPC,Adj Close,7.911368049221096
2018-03-07,2726.800048828125,^GSPC,Adj Close,7.910884057395379
2018-03-08,2738.969970703125,^GSPC,Adj Close,7.915337205604264
2018-03-09,2786.570068359375,^GSPC,Adj Close,7.932566752345472
2018-03-12,2783.02001953125,^GSPC,Adj Close,7.931291955007474
2018-03-13,2765.31005859375,^GSPC,Adj Close,7.924908044593159
2018-03-14,2749.47998046875,^GSPC,Adj Close,7.91916707476797
2018-03-15,2747.330078125,^GSPC,Adj Close,7.9183848383688735
2018-03-16,2752.010009765625,^GSPC,Adj Close,7.920086836316106
2018-03-19,2712.919921875,^GSPC,Adj Close,7.9057807957747315
2018-03-20,2716.93994140625,^GSPC,Adj Close,7.907261504436451
2018-03-21,2711.929931640625,^GSPC,Adj Close,7.905415812310822
2018-03-22,2643.68994140625,^GSPC,Adj Close,7.879930925337967
2018-03-23,2588.260009765625,^GSPC,Adj Close,7.858741118026216
2018-03-26,2658.550048828125,^GSPC,Adj Close,7.885536158732251
2018-03-27,2612.6201171875,^GSPC,Adj Close,7.86810887308693
2018-03-28,2605.0,^GSPC,Adj Close,7.865187954187467
2018-03-29,2640.8701171875,^GSPC,Adj Close,7.878863731681311
2018-04-02,2581.8798828125,^GSPC,Adj Close,7.856273049337815
2018-04-03,2614.449951171875,^GSPC,Adj Close,7.868809010653556
2018-04-04,2644.68994140625,^GSPC,Adj Close,7.880309113000003
2018-04-05,2662.840087890625,^GSPC,Adj Close,7.887148534401654
2018-04-06,2604.469970703125,^GSPC,Adj Close,7.864984467344589
2018-04-09,2613.159912109375,^GSPC,Adj Close,7.868315462312182
2018-04-10,2656.8701171875,^GSPC,Adj Close,7.884904061308496
2018-04-11,2642.18994140625,^GSPC,Adj Close,7.879363375536035
2018-04-12,2663.989990234375,^GSPC,Adj Close,7.887580274233692
2018-04-13,2656.300048828125,^GSPC,Adj Close,7.884689474406985
2018-04-16,2677.840087890625,^GSPC,Adj Close,7.892765811208548
2018-04-17,2706.389892578125,^GSPC,Adj Close,7.903370882822415
2018-04-18,2708.639892578125,^GSPC,Adj Close,7.904201903229968
2018-04-19,2693.1298828125,^GSPC,Adj Close,7.898459321434135
2018-04-20,2670.139892578125,^GSPC,Adj Close,7.889886144245783
2018-04-23,2670.2900390625,^GSPC,Adj Close,7.889942374356967
2018-04-24,2634.56005859375,^GSPC,Adj Close,7.876471486350492
2018-04-25,2639.39990234375,^GSPC,Adj Close,7.878306860583316
2018-04-26,2666.93994140625,^GSPC,Adj Close,7.888687004770692
2018-04-27,2669.909912109375,^GSPC,Adj Close,7.889800010042056
2018-04-30,2648.050048828125,^GSPC,Adj Close,7.881578817493136
2018-05-01,2654.800048828125,^GSPC,Adj Close,7.884124619664163
2018-05-02,2635.669921875,^GSPC,Adj Close,7.87689266846276
2018-05-03,2629.72998046875,^GSPC,Adj Close,7.874636450877697
2018-05-04,2663.419921875,^GSPC,Adj Close,7.887366260906031
2018-05-07,2672.6298828125,^GSPC,Adj Close,7.890818241461021
2018-05-08,2671.919921875,^GSPC,Adj Close,7.890552564849288
2018-05-09,2697.7900390625,^GSPC,Adj Close,7.9001882127841565
2018-05-10,2723.070068359375,^GSPC,Adj Close,7.909515224388005
2018-05-11,2727.719970703125,^GSPC,Adj Close,7.911221363658966
2018-05-14,2730.1298828125,^GSPC,Adj Close,7.912104463169093
2018-05-15,2711.449951171875,^GSPC,Adj Close,7.905238808125102
2018-05-16,2722.4599609375,^GSPC,Adj Close,7.909291147972616
2018-05-17,2720.1298828125,^GSPC,Adj Close,7.908434909184006
2018-05-18,2712.969970703125,^GSPC,Adj Close,7.905799243929455
2018-05-21,2733.010009765625,^GSPC,Adj Close,7.913158848477389
2018-05-22,2724.43994140625,^GSPC,Adj Close,7.910018159884514
2018-05-23,2733.2900390625,^GSPC,Adj Close,7.913261305091413
2018-05-24,2727.760009765625,^GSPC,Adj Close,7.91123604213369
2018-05-25,2721.330078125,^GSPC,Adj Close,7.908876039079504
2018-05-29,2689.860107421875,^GSPC,Adj Close,7.897244466567712
2018-05-30,2724.010009765625,^GSPC,Adj Close,7.909860341919636
2018-05-31,2705.27001953125,^GSPC,Adj Close,7.902957008676202
2018-06-01,2734.6201171875,^GSPC,Adj Close,7.913747808385441
2018-06-04,2746.8701171875,^GSPC,Adj Close,7.918217403283793
2018-06-05,2748.800048828125,^GSPC,Adj Close,7.918919749553369
2018-06-06,2772.35009765625,^GSPC,Adj Close,7.927450650190681
2018-06-07,2770.3701171875,^GSPC,Adj Close,7.926736206568696
2018-06-08,2779.030029296875,^GSPC,Adj Close,7.929857235476448
2018-06-11,2782.0,^GSPC,Adj Close,7.930925372483388
2018-06-12,2786.85009765625,^GSPC,Adj Close,7.932667239762092
2018-06-13,2775.6298828125,^GSPC,Adj Close,7.92863298522068
2018-06-14,2782.489990234375,^GSPC,Adj Close,7.931101485743184
2018-06-15,2779.659912109375,^GSPC,Adj Close,7.93008386542769
2018-06-18,2773.75,^GSPC,Adj Close,7.9279554742468035
2018-06-19,2762.590087890625,^GSPC,Adj Close,7.923923956295412
2018-06-20,2767.320068359375,^GSPC,Adj Close,7.925634646519525
2018-06-21,2749.760009765625,^GSPC,Adj Close,7.919268917676304
2018-06-22,2754.8798828125,^GSPC,Adj Close,7.921129120931439
2018-06-25,2717.070068359375,^GSPC,Adj Close,7.907309397963668
2018-06-26,2723.06005859375,^GSPC,Adj Close,7.909511548469364
2018-06-27,2699.6298828125,^GSPC,Adj Close,7.900869962156223
2018-06-28,2716.31005859375,^GSPC,Adj Close,7.907029642175255
2018-06-29,2718.3701171875,^GSPC,Adj Close,7.907787758062772
2018-07-02,2726.7099609375,^GSPC,Adj Close,7.910851018897065
2018-07-03,2713.219970703125,^GSPC,Adj Close,7.9058913896165315
2018-07-05,2736.610107421875,^GSPC,Adj Close,7.914475246362069
2018-07-06,2759.820068359375,^GSPC,Adj Close,7.922920763962649
2018-07-09,2784.169921875,^GSPC,Adj Close,7.931705054747991
2018-07-10,2793.840087890625,^GSPC,Adj Close,7.935172304066813
2018-07-11,2774.02001953125,^GSPC,Adj Close,7.928052817694897
2018-07-12,2798.2900390625,^GSPC,Adj Close,7.936763809275068
2018-07-13,2801.31005859375,^GSPC,Adj Close,7.937842464811677
2018-07-16,2798.429931640625,^GSPC,Adj Close,7.936813800190778
2018-07-17,2809.550048828125,^GSPC,Adj Close,7.940779624534222
2018-07-18,2815.6201171875,^GSPC,Adj Close,7.942937806610959
2018-07-19,2804.489990234375,^GSPC,Adj Close,7.93897697976191
2018-07-20,2801.830078125,^GSPC,Adj Close,7.938028081990636
2018-07-23,2806.97998046875,^GSPC,Adj Close,7.939864444333867
2018-07-24,2820.39990234375,^GSPC,Adj Close,7.94463396321992
2018-07-25,2846.070068359375,^GSPC,Adj Close,7.953694398290293
2018-07-26,2837.43994140625,^GSPC,Adj Close,7.950657495541425
2018-07-27,2818.820068359375,^GSPC,Adj Close,7.94407366089658
2018-07-30,2802.60009765625,^GSPC,Adj Close,7.938302871580993
2018-07-31,2816.2900390625,^GSPC,Adj Close,7.943175708800296
2018-08-01,2813.360107421875,^GSPC,Adj Close,7.942134815732725
2018-08-02,2827.219970703125,^GSPC,Adj Close,7.947049165314934
2018-08-03,2840.35009765625,^GSPC,Adj Close,7.951682597380282
2018-08-06,2850.39990234375,^GSPC,Adj Close,7.955214580031083
2018-08-07,2858.449951171875,^GSPC,Adj Close,7.958034781777569
2018-08-08,2857.699951171875,^GSPC,Adj Close,7.957772367384274
2018-08-09,2853.580078125,^GSPC,Adj Close,7.956329652707234
2018-08-10,2833.280029296875,^GSPC,Adj Close,7.949190340443989
2018-08-13,2821.929931640625,^GSPC,Adj Close,7.945176302778009
2018-08-14,2839.9599609375,^GSPC,Adj Close,7.951545232794427
2018-08-15,2818.3701171875,^GSPC,Adj Close,7.943914024213048
2018-08-16,2840.68994140625,^GSPC,Adj Close,7.951802238765686
2018-08-17,2850.1298828125,^GSPC,Adj Close,7.955119845140949
2018-08-20,2857.050048828125,^GSPC,Adj Close,7.957544920043078
2018-08-21,2862.9599609375,^GSPC,Adj Close,7.959611319997704
2018-08-22,2861.820068359375,^GSPC,Adj Close,7.959213088943461
2018-08-23,2856.97998046875,^GSPC,Adj Close,7.957520395019926
2018-08-24,2874.68994140625,^GSPC,Adj Close,7.963700100948211
2018-08-27,2896.739990234375,^GSPC,Adj Close,7.971341242355321
2018-08-28,2897.52001953125,^GSPC,Adj Close,7.97161048443292
2018-08-29,2914.0400390625,^GSPC,Adj Close,7.977295726901832
2018-08-30,2901.1298828125,^GSPC,Adj Close,7.972855554857373
2018-08-31,2901.52001953125,^GSPC,Adj Close,7.972990023324678
2018-09-04,2896.719970703125,^GSPC,Adj Close,7.971334331275799
2018-09-05,2888.60009765625,^GSPC,Adj Close,7.968527268474533
2018-09-06,2878.050048828125,^GSPC,Adj Close,7.964868277437914
2018-09-07,2871.679931640625,^GSPC,Adj Close,7.962652479542901
2018-09-10,2877.1298828125,^GSPC,Adj Close,7.964548507757594
2018-09-11,2887.889892578125,^GSPC,Adj Close,7.968281373447309
2018-09-12,2888.919921875,^GSPC,Adj Close,7.968637981797203
2018-09-13,2904.179931640625,^GSPC,Adj Close,7.973906333956594
2018-09-14,2904.97998046875,^GSPC,Adj Close,7.97418177785736
2018-09-17,2888.800048828125,^GSPC,Adj Close,7.9685964868658115
2018-09-18,2904.31005859375,^GSPC,Adj Close,7.973951139733437
2018-09-19,2907.949951171875,^GSPC,Adj Close,7.975203627766609
2018-09-20,2930.75,^GSPC,Adj Close,7.9830136419519375
2018-09-21,2929.669921875,^GSPC,Adj Close,7.982645041014931
2018-09-24,2919.3701171875,^GSPC,Adj Close,7.979123158700917
2018-09-25,2915.56005859375,^GSPC,Adj Close,7.977817210207799
2018-09-26,2905.969970703125,^GSPC,Adj Close,7.974522510526639
2018-09-27,2914.0,^GSPC,Adj Close,7.97728198675515
2018-09-28,2913.97998046875,^GSPC,Adj Close,7.977275116611012
2018-10-01,2924.590087890625,^GSPC,Adj Close,7.98090960895321
2018-10-02,2923.429931640625,^GSPC,Adj Close,7.980512840042931
2018-10-03,2925.510009765625,^GSPC,Adj Close,7.98122410677965
2018-10-04,2901.610107421875,^GSPC,Adj Close,7.97302107135864
2018-10-05,2885.570068359375,^GSPC,Adj Close,7.967477756774017
2018-10-08,2884.429931640625,^GSPC,Adj Close,7.967082562065668
2018-10-09,2880.340087890625,^GSPC,Adj Close,7.965663652231513
2018-10-10,2785.679931640625,^GSPC,Adj Close,7.932247263188912
2018-10-11,2728.3701171875,^GSPC,Adj Close,7.91145968321637
2018-10-12,2767.1298828125,^GSPC,Adj Close,7.925565918624747
2018-10-15,2750.7900390625,^GSPC,Adj Close,7.9196434363334465
2018-10-16,2809.919921875,^GSPC,Adj Close,7.9409112643683475
2018-10-17,2809.2099609375,^GSPC,Adj Close,7.940658570105683
2018-10-18,2768.780029296875,^GSPC,Adj Close,7.926162079530342
2018-10-19,2767.780029296875,^GSPC,Adj Close,7.925800844395062
2018-10-22,2755.8798828125,^GSPC,Adj Close,7.921492047298584
2018-10-23,2740.68994140625,^GSPC,Adj Close,7.91596497111789
2018-10-24,2656.10009765625,^GSPC,Adj Close,7.88461419725675
2018-10-25,2705.570068359375,^GSPC,Adj Close,7.903067915235463
2018-10-26,2658.68994140625,^GSPC,Adj Close,7.88558877722546
2018-10-29,2641.25,^GSPC,Adj Close,7.879007568930266
2018-10-30,2682.6298828125,^GSPC,Adj Close,7.894552891902144
2018-10-31,2711.739990234375,^GSPC,Adj Close,7.905345770656715
2018-11-01,2740.3701171875,^GSPC,Adj Close,7.915848269525244
2018-11-02,2723.06005859375,^GSPC,Adj Close,7.909511548469364
2018-11-05,2738.31005859375,^GSPC,Adj Close,7.915096242166559
2018-11-06,2755.449951171875,^GSPC,Adj Close,7.921336029910967
2018-11-07,2813.889892578125,^GSPC,Adj Close,7.942323108471741
2018-11-08,2806.830078125,^GSPC,Adj Close,7.93981103948325
2018-11-09,2781.010009765625,^GSPC,Adj Close,7.930569453567878
2018-11-12,2726.219970703125,^GSPC,Adj Close,7.91067130258241
2018-11-13,2722.179931640625,^GSPC,Adj Close,7.909188283760236
2018-11-14,2701.580078125,^GSPC,Adj Close,7.901592094941785
2018-11-15,2730.199951171875,^GSPC,Adj Close,7.912130127684428
2018-11-16,2736.27001953125,^GSPC,Adj Close,7.914350965221911
2018-11-19,2690.72998046875,^GSPC,Adj Close,7.89756780398619
2018-11-20,2641.889892578125,^GSPC,Adj Close,7.879249808429604
2018-11-21,2649.929931640625,^GSPC,Adj Close,7.882288477740371
2018-11-23,2632.56005859375,^GSPC,Adj Close,7.875712058028515
2018-11-26,2673.449951171875,^GSPC,Adj Close,7.891125033873882
2018-11-27,2682.169921875,^GSPC,Adj Close,7.894381418238495
2018-11-28,2743.7900390625,^GSPC,Adj Close,7.917095469541609
2018-11-29,2737.800048828125,^GSPC,Adj Close,7.914909974996215
2018-11-30,2760.169921875,^GSPC,Adj Close,7.923047522712832
2018-12-03,2790.3701171875,^GSPC,Adj Close,7.933929524507195
2018-12-04,2700.06005859375,^GSPC,Adj Close,7.901029295668639
2018-12-06,2695.949951171875,^GSPC,Adj Close,7.899505907754495
2018-12-07,2633.080078125,^GSPC,Adj Close,7.8759095722981725
2018-12-10,2637.719970703125,^GSPC,Adj Close,7.877670175521089
2018-12-11,2636.780029296875,^GSPC,Adj Close,7.877313765845783
2018-12-12,2651.070068359375,^GSPC,Adj Close,7.882718636856135
2018-12-13,2650.5400390625,^GSPC,Adj Close,7.88251868654372
2018-12-14,2599.949951171875,^GSPC,Adj Close,7.86324747427502
2018-12-17,2545.93994140625,^GSPC,Adj Close,7.842255189446443
2018-12-18,2546.159912109375,^GSPC,Adj Close,7.842341586300232
2018-12-19,2506.9599609375,^GSPC,Adj Close,7.826826127124296
2018-12-20,2467.419921875,^GSPC,Adj Close,7.810928317640191
2018-12-21,2416.6201171875,^GSPC,Adj Close,7.79012519714165
2018-12-24,2351.10009765625,^GSPC,Adj Close,7.762638624263336
2018-12-26,2467.699951171875,^GSPC,Adj Close,7.811041801934142
2018-12-27,2488.830078125,^GSPC,Adj Close,7.819568030902958
2018-12-28,2485.739990234375,^GSPC,Adj Close,7.8183256769927265
2018-12-31,2506.85009765625,^GSPC,Adj Close,7.826782302854934
2019-01-02,2510.030029296875,^GSPC,Adj Close,7.82804999591756
2019-01-03,2447.889892578125,^GSPC,Adj Close,7.802981664098644
2019-01-04,2531.93994140625,^GSPC,Adj Close,7.836741063158992
2019-01-07,2549.68994140625,^GSPC,Adj Close,7.843727039154221
2019-01-08,2574.409912109375,^GSPC,Adj Close,7.853375626490719
2019-01-09,2584.9599609375,^GSPC,Adj Close,7.85746529782354
2019-01-10,2596.639892578125,^GSPC,Adj Close,7.861973539198003
2019-01-11,2596.260009765625,^GSPC,Adj Close,7.86182723065352
2019-01-14,2582.610107421875,^GSPC,Adj Close,7.856555836066271
2019-01-15,2610.300048828125,^GSPC,Adj Close,7.867220454946032
2019-01-16,2616.10009765625,^GSPC,Adj Close,7.86943997547512
2019-01-17,2635.9599609375,^GSPC,Adj Close,7.877002706181356
2019-01-18,2670.7099609375,^GSPC,Adj Close,7.890099619021211
2019-01-22,2632.89990234375,^GSPC,Adj Close,7.87584114219324
2019-01-23,2638.699951171875,^GSPC,Adj Close,7.87804163211269
2019-01-24,2642.330078125,^GSPC,Adj Close,7.879416412223668
2019-01-25,2664.760009765625,^GSPC,Adj Close,7.887869279924185
2019-01-28,2643.85009765625,^GSPC,Adj Close,7.879991504075477
2019-01-29,2640.0,^GSPC,Adj Close,7.878534196140362
2019-01-30,2681.050048828125,^GSPC,Adj Close,7.8939638060319215
2019-01-31,2704.10009765625,^GSPC,Adj Close,7.90252445484169
2019-02-01,2706.530029296875,^GSPC,Adj Close,7.903422661426497
2019-02-04,2724.8701171875,^GSPC,Adj Close,7.910176042543976
2019-02-05,2737.699951171875,^GSPC,Adj Close,7.9148734129813265
2019-02-06,2731.610107421875,^GSPC,Adj Close,7.912646497263818
2019-02-07,2706.050048828125,^GSPC,Adj Close,7.9032453040615875
2019-02-08,2707.8798828125,^GSPC,Adj Close,7.9039212766276
2019-02-11,2709.800048828125,^GSPC,Adj Close,7.904630128431418
2019-02-12,2744.72998046875,^GSPC,Adj Close,7.917437981334257
2019-02-13,2753.030029296875,^GSPC,Adj Close,7.920457412927968
2019-02-14,2745.72998046875,^GSPC,Adj Close,7.91780224954427
2019-02-15,2775.60009765625,^GSPC,Adj Close,7.928622254209228
2019-02-19,2779.760009765625,^GSPC,Adj Close,7.930119875535819
2019-02-20,2784.699951171875,^GSPC,Adj Close,7.93189540909656
2019-02-21,2774.8798828125,^GSPC,Adj Close,7.928362739770718
2019-02-22,2792.669921875,^GSPC,Adj Close,7.934753378465429
2019-02-25,2796.110107421875,^GSPC,Adj Close,7.935984482915181
2019-02-26,2793.89990234375,^GSPC,Adj Close,7.935193713242341
2019-02-27,2792.3798828125,^GSPC,Adj Close,7.934649515806043
2019-02-28,2784.489990234375,^GSPC,Adj Close,7.931820008207092
2019-03-01,2803.68994140625,^GSPC,Adj Close,7.938691664795805
2019-03-04,2792.81005859375,^GSPC,Adj Close,7.93480355740055
2019-03-05,2789.64990234375,^GSPC,Adj Close,7.933671383910843
2019-03-06,2771.449951171875,^GSPC,Adj Close,7.927125910306718
2019-03-07,2748.929931640625,^GSPC,Adj Close,7.918966999168387
2019-03-08,2743.070068359375,^GSPC,Adj Close,7.916833035036933
2019-03-11,2783.300048828125,^GSPC,Adj Close,7.931392570600423
2019-03-12,2791.52001953125,^GSPC,Adj Close,7.934341536328228
2019-03-13,2810.919921875,^GSPC,Adj Close,7.941267083085247
2019-03-14,2808.47998046875,^GSPC,Adj Close,7.940398683753651
2019-03-15,2822.47998046875,^GSPC,Adj Close,7.945371203162082
2019-03-18,2832.93994140625,^GSPC,Adj Close,7.94907029996099
2019-03-19,2832.570068359375,^GSPC,Adj Close,7.948939729881063
2019-03-20,2824.22998046875,^GSPC,Adj Close,7.945991033140293
2019-03-21,2854.8798828125,^GSPC,Adj Close,7.956785048634982
2019-03-22,2800.7099609375,^GSPC,Adj Close,7.937628221500709
2019-03-25,2798.360107421875,^GSPC,Adj Close,7.936788848667399
2019-03-26,2818.4599609375,^GSPC,Adj Close,7.943945901615334
2019-03-27,2805.3701171875,^GSPC,Adj Close,7.939290758338735
2019-03-28,2815.43994140625,^GSPC,Adj Close,7.942873813053996
2019-03-29,2834.39990234375,^GSPC,Adj Close,7.949585519097321
2019-04-01,2867.18994140625,^GSPC,Adj Close,7.961087714615365
2019-04-02,2867.239990234375,^GSPC,Adj Close,7.961105170170224
2019-04-03,2873.39990234375,^GSPC,Adj Close,7.963251242590313
2019-04-04,2879.389892578125,^GSPC,Adj Close,7.965333707833307
2019-04-05,2892.739990234375,^GSPC,Adj Close,7.969959425456406
2019-04-08,2895.77001953125,^GSPC,Adj Close,7.97100633720693
2019-04-09,2878.199951171875,^GSPC,Adj Close,7.96492036077126
2019-04-10,2888.2099609375,^GSPC,Adj Close,7.96839219852576
2019-04-11,2888.320068359375,^GSPC,Adj Close,7.968430320866102
2019-04-12,2907.409912109375,^GSPC,Adj Close,7.975017899255648
2019-04-15,2905.580078125,^GSPC,Adj Close,7.974388332011292
2019-04-16,2907.06005859375,^GSPC,Adj Close,7.974897560336431
2019-04-17,2900.449951171875,^GSPC,Adj Close,7.972621159515692
2019-04-18,2905.030029296875,^GSPC,Adj Close,7.974199006339942
2019-04-22,2907.969970703125,^GSPC,Adj Close,7.975210512156875
2019-04-23,2933.679931640625,^GSPC,Adj Close,7.98401286333187
2019-04-24,2927.25,^GSPC,Adj Close,7.981818694728834
2019-04-25,2926.169921875,^GSPC,Adj Close,7.9814496529885615
2019-04-26,2939.8798828125,^GSPC,Adj Close,7.986124003311866
2019-04-29,2943.030029296875,^GSPC,Adj Close,7.9871949518161
2019-04-30,2945.830078125,^GSPC,Adj Close,7.988145916514892
2019-05-01,2923.72998046875,^GSPC,Adj Close,7.9806154706646
2019-05-02,2917.52001953125,^GSPC,Adj Close,7.978489226015918
2019-05-03,2945.639892578125,^GSPC,Adj Close,7.988081353494834
2019-05-06,2932.469970703125,^GSPC,Adj Close,7.983600340305762
2019-05-07,2884.050048828125,^GSPC,Adj Close,7.966950852216857
2019-05-08,2879.419921875,^GSPC,Adj Close,7.9653441368274365
2019-05-09,2870.719970703125,^GSPC,Adj Close,7.962318138165508
2019-05-10,2881.39990234375,^GSPC,Adj Close,7.966031532235427
2019-05-13,2811.8701171875,^GSPC,Adj Close,7.9416050630969295
2019-05-14,2834.409912109375,^GSPC,Adj Close,7.949589050620146
2019-05-15,2850.9599609375,^GSPC,Adj Close,7.955411044947868
2019-05-16,2876.320068359375,^GSPC,Adj Close,7.964267002064368
2019-05-17,2859.530029296875,^GSPC,Adj Close,7.958412564890324
2019-05-20,2840.22998046875,^GSPC,Adj Close,7.951640306914919
2019-05-21,2864.360107421875,^GSPC,Adj Close,7.960100256008109
2019-05-22,2856.27001953125,^GSPC,Adj Close,7.95727186364421
2019-05-23,2822.239990234375,^GSPC,Adj Close,7.945286171402928
2019-05-24,2826.06005859375,^GSPC,Adj Close,7.946638815174965
2019-05-28,2802.389892578125,^GSPC,Adj Close,7.938227865174705
2019-05-29,2783.02001953125,^GSPC,Adj Close,7.931291955007474
2019-05-30,2788.860107421875,^GSPC,Adj Close,7.933388227682471
2019-05-31,2752.06005859375,^GSPC,Adj Close,7.9201050224320175
2019-06-03,2744.449951171875,^GSPC,Adj Close,7.917335951777709
2019-06-04,2803.27001953125,^GSPC,Adj Close,7.938541878858787
2019-06-05,2826.14990234375,^GSPC,Adj Close,7.946670605837601
2019-06-06,2843.489990234375,^GSPC,Adj Close,7.952787446513605
2019-06-07,2873.340087890625,^GSPC,Adj Close,7.963230425760865
2019-06-10,2886.72998046875,^GSPC,Adj Close,7.967879645835631
2019-06-11,2885.719970703125,^GSPC,Adj Close,7.96752970437768
2019-06-12,2879.840087890625,^GSPC,Adj Close,7.965490046550443
2019-06-13,2891.639892578125,^GSPC,Adj Close,7.969579057053292
2019-06-14,2886.97998046875,^GSPC,Adj Close,7.96796624526714
2019-06-17,2889.669921875,^GSPC,Adj Close,7.968897560699492
2019-06-18,2917.75,^GSPC,Adj Close,7.978568050292463
2019-06-19,2926.4599609375,^GSPC,Adj Close,7.981548767085487
2019-06-20,2954.179931640625,^GSPC,Adj Close,7.99097637242136
2019-06-21,2950.4599609375,^GSPC,Adj Close,7.989716356141632
2019-06-24,2945.35009765625,^GSPC,Adj Close,7.987982967681045
2019-06-25,2917.3798828125,^GSPC,Adj Close,7.978441192040657
2019-06-26,2913.780029296875,^GSPC,Adj Close,7.977206496361854
2019-06-27,2924.919921875,^GSPC,Adj Close,7.981022382154444
2019-06-28,2941.760009765625,^GSPC,Adj Close,7.986763323995044
2019-07-01,2964.330078125,^GSPC,Adj Close,7.994406342605997
2019-07-02,2973.010009765625,^GSPC,Adj Close,7.997330189882986
2019-07-03,2995.820068359375,^GSPC,Adj Close,8.00497328554367
2019-07-05,2990.409912109375,^GSPC,Adj Close,8.003165751339122
2019-07-08,2975.949951171875,^GSPC,Adj Close,7.998318578328998
2019-07-09,2979.6298828125,^GSPC,Adj Close,7.999554371387452
2019-07-10,2993.070068359375,^GSPC,Adj Close,8.004054918323535
2019-07-11,2999.909912109375,^GSPC,Adj Close,8.006337537902484
2019-07-12,3013.77001953125,^GSPC,Adj Close,8.01094707220455
2019-07-15,3014.300048828125,^GSPC,Adj Close,8.011122925932934
2019-07-16,3004.0400390625,^GSPC,Adj Close,8.007713341377924
2019-07-17,2984.419921875,^GSPC,Adj Close,8.00116067591183
2019-07-18,2995.110107421875,^GSPC,Adj Close,8.004736273620649
2019-07-19,2976.610107421875,^GSPC,Adj Close,7.998540384155805
2019-07-22,2985.030029296875,^GSPC,Adj Close,8.001365085842055
2019-07-23,3005.469970703125,^GSPC,Adj Close,8.008189230981332
2019-07-24,3019.56005859375,^GSPC,Adj Close,8.012866423794808
2019-07-25,3003.669921875,^GSPC,Adj Close,8.007590127311207
2019-07-26,3025.860107421875,^GSPC,Adj Close,8.01495066308199
2019-07-29,3020.969970703125,^GSPC,Adj Close,8.013333241152933
2019-07-30,3013.179931640625,^GSPC,Adj Close,8.010751255780889
2019-07-31,2980.3798828125,^GSPC,Adj Close,7.999806048828749
2019-08-01,2953.56005859375,^GSPC,Adj Close,7.990766521259943
2019-08-02,2932.050048828125,^GSPC,Adj Close,7.983457132720378
2019-08-05,2844.739990234375,^GSPC,Adj Close,7.953226950550683
2019-08-06,2881.77001953125,^GSPC,Adj Close,7.96615997446185
2019-08-07,2883.97998046875,^GSPC,Adj Close,7.966926556795709
2019-08-08,2938.090087890625,^GSPC,Adj Close,7.985515019262574
2019-08-09,2918.64990234375,^GSPC,Adj Close,7.978876426128917
2019-08-12,2882.699951171875,^GSPC,Adj Close,7.966482617013002
2019-08-13,2926.320068359375,^GSPC,Adj Close,7.981500963280303
2019-08-14,2840.60009765625,^GSPC,Adj Close,7.951770610825767
2019-08-15,2847.60009765625,^GSPC,Adj Close,7.954231847523948
2019-08-16,2888.679931640625,^GSPC,Adj Close,7.968554905696193
2019-08-19,2923.64990234375,^GSPC,Adj Close,7.98058808126059
2019-08-20,2900.510009765625,^GSPC,Adj Close,7.972641865948475
2019-08-21,2924.429931640625,^GSPC,Adj Close,7.980854845505828
2019-08-22,2922.949951171875,^GSPC,Adj Close,7.980348642546549
2019-08-23,2847.110107421875,^GSPC,Adj Close,7.954059761423712
2019-08-26,2878.3798828125,^GSPC,Adj Close,7.96498287415451
2019-08-27,2869.159912109375,^GSPC,Adj Close,7.961774552353953
2019-08-28,2887.93994140625,^GSPC,Adj Close,7.968298703884516
2019-08-29,2924.580078125,^GSPC,Adj Close,7.98090618632561
2019-08-30,2926.4599609375,^GSPC,Adj Close,7.981548767085487
2019-09-03,2906.27001953125,^GSPC,Adj Close,7.9746257577528015
2019-09-04,2937.780029296875,^GSPC,Adj Close,7.985409483031223
2019-09-05,2976.0,^GSPC,Adj Close,7.998335395952982
2019-09-06,2978.7099609375,^GSPC,Adj Close,7.999245586757359
2019-09-09,2978.429931640625,^GSPC,Adj Close,7.99915157207846
2019-09-10,2979.389892578125,^GSPC,Adj Close,7.99947382450439
2019-09-11,3000.929931640625,^GSPC,Adj Close,8.006677496830777
2019-09-12,3009.570068359375,^GSPC,Adj Close,8.00955251310901
2019-09-13,3007.389892578125,^GSPC,Adj Close,8.008827836232046
2019-09-16,2997.9599609375,^GSPC,Adj Close,8.005687323315689
2019-09-17,3005.699951171875,^GSPC,Adj Close,8.008265748688151
2019-09-18,3006.72998046875,^GSPC,Adj Close,8.008608381972419
2019-09-19,3006.7900390625,^GSPC,Adj Close,8.008628356494349
2019-09-20,2992.070068359375,^GSPC,Adj Close,8.003720757389468
2019-09-23,2991.780029296875,^GSPC,Adj Close,8.00362381677164
2019-09-24,2966.60009765625,^GSPC,Adj Close,7.995171827808088
2019-09-25,2984.8701171875,^GSPC,Adj Close,8.001311513050052
2019-09-26,2977.6201171875,^GSPC,Adj Close,7.998879642040439
2019-09-27,2961.7900390625,^GSPC,Adj Close,7.99354910746131
2019-09-30,2976.739990234375,^GSPC,Adj Close,7.998584017676559
2019-10-01,2940.25,^GSPC,Adj Close,7.986249890731146
2019-10-02,2887.610107421875,^GSPC,Adj Close,7.968184486543502
2019-10-03,2910.6298828125,^GSPC,Adj Close,7.976124791317368
2019-10-04,2952.010009765625,^GSPC,Adj Close,7.990241576556628
2019-10-07,2938.7900390625,^GSPC,Adj Close,7.985753224282947
2019-10-08,2893.06005859375,^GSPC,Adj Close,7.970070064730836
2019-10-09,2919.39990234375,^GSPC,Adj Close,7.979133361245682
2019-10-10,2938.1298828125,^GSPC,Adj Close,7.985528563657465
2019-10-11,2970.27001953125,^GSPC,Adj Close,7.996408143331254
2019-10-14,2966.14990234375,^GSPC,Adj Close,7.995020061658035
2019-10-15,2995.679931640625,^GSPC,Adj Close,8.004926507034524
2019-10-16,2989.68994140625,^GSPC,Adj Close,8.00292496248133
2019-10-17,2997.949951171875,^GSPC,Adj Close,8.005683984451105
2019-10-18,2986.199951171875,^GSPC,Adj Close,8.001756938741305
2019-10-21,3006.719970703125,^GSPC,Adj Close,8.00860505284664
2019-10-22,2995.989990234375,^GSPC,Adj Close,8.005030003588264
2019-10-23,3004.52001953125,^GSPC,Adj Close,8.007873106934094
2019-10-24,3010.2900390625,^GSPC,Adj Close,8.009791711593264
2019-10-25,3022.550048828125,^GSPC,Adj Close,8.01385614110392
2019-10-28,3039.419921875,^GSPC,Adj Close,8.019421961020038
2019-10-29,3036.889892578125,^GSPC,Adj Close,8.018589209063558
2019-10-30,3046.77001953125,^GSPC,Adj Close,8.021837298464416
2019-10-31,3037.56005859375,^GSPC,Adj Close,8.018809859829876
2019-11-01,3066.909912109375,^GSPC,Adj Close,8.028425790389523
2019-11-04,3078.27001953125,^GSPC,Adj Close,8.032123036194836
2019-11-05,3074.6201171875,^GSPC,Adj Close,8.030936633483016
2019-11-06,3076.780029296875,^GSPC,Adj Close,8.031638884075305
2019-11-07,3085.179931640625,^GSPC,Adj Close,8.034365259319586
2019-11-08,3093.080078125,^GSPC,Adj Close,8.036922662464702
2019-11-11,3087.010009765625,^GSPC,Adj Close,8.034958267051364
2019-11-12,3091.840087890625,^GSPC,Adj Close,8.036521690352627
2019-11-13,3094.0400390625,^GSPC,Adj Close,8.037232971922744
2019-11-14,3096.6298828125,^GSPC,Adj Close,8.0380696645372
2019-11-15,3120.4599609375,^GSPC,Adj Close,8.045735693315173
2019-11-18,3122.030029296875,^GSPC,Adj Close,8.046238719637984
2019-11-19,3120.179931640625,^GSPC,Adj Close,8.04564594953829
2019-11-20,3108.4599609375,^GSPC,Adj Close,8.04188269311735
2019-11-21,3103.5400390625,^GSPC,Adj Close,8.04029868703116
2019-11-22,3110.2900390625,^GSPC,Adj Close,8.042471260973537
2019-11-25,3133.639892578125,^GSPC,Adj Close,8.049950512861004
2019-11-26,3140.52001953125,^GSPC,Adj Close,8.052143676505944
2019-11-27,3153.6298828125,^GSPC,Adj Close,8.056309412131244
2019-11-29,3140.97998046875,^GSPC,Adj Close,8.052290125901255
2019-12-02,3113.8701171875,^GSPC,Adj Close,8.04362164220729
2019-12-03,3093.199951171875,^GSPC,Adj Close,8.036961416949246
2019-12-04,3112.760009765625,^GSPC,Adj Close,8.043265074558017
2019-12-05,3117.429931640625,^GSPC,Adj Close,8.044764201484647
2019-12-06,3145.909912109375,^GSPC,Adj Close,8.053858447515072
2019-12-09,3135.9599609375,^GSPC,Adj Close,8.050690613830596
2019-12-10,3132.52001953125,^GSPC,Adj Close,8.049593077661614
2019-12-11,3141.6298828125,^GSPC,Adj Close,8.052497015190964
2019-12-12,3168.570068359375,^GSPC,Adj Close,8.06103568256652
2019-12-13,3168.800048828125,^GSPC,Adj Close,8.061108261716734
2019-12-16,3191.449951171875,^GSPC,Adj Close,8.068230622659277
2019-12-17,3192.52001953125,^GSPC,Adj Close,8.068565858687737
2019-12-18,3191.139892578125,^GSPC,Adj Close,8.068133465047215
2019-12-19,3205.3701171875,^GSPC,Adj Close,8.07258284386908
2019-12-20,3221.219970703125,^GSPC,Adj Close,8.077515439673414
2019-12-23,3224.010009765625,^GSPC,Adj Close,8.078381208387713
2019-12-24,3223.3798828125,^GSPC,Adj Close,8.078185741085244
2019-12-26,3239.909912109375,^GSPC,Adj Close,8.083300803495298
2019-12-27,3240.02001953125,^GSPC,Adj Close,8.083334787634955
2019-12-30,3221.2900390625,^GSPC,Adj Close,8.077537191555606
2019-12-31,3230.780029296875,^GSPC,Adj Close,8.080478882199797
2020-01-02,3257.85009765625,^GSPC,Adj Close,8.088822777562113
2020-01-03,3234.85009765625,^GSPC,Adj Close,8.081737868197159
2020-01-06,3246.280029296875,^GSPC,Adj Close,8.085265013391432
2020-01-07,3237.179931640625,^GSPC,Adj Close,8.082457838306837
2020-01-08,3253.050048828125,^GSPC,Adj Close,8.087348311792478
2020-01-09,3274.699951171875,^GSPC,Adj Close,8.093981525909385
2020-01-10,3265.35009765625,^GSPC,Adj Close,8.091122263421878
2020-01-13,3288.1298828125,^GSPC,Adj Close,8.098074257467813
2020-01-14,3283.14990234375,^GSPC,Adj Close,8.096558576630917
2020-01-15,3289.2900390625,^GSPC,Adj Close,8.098427026874605
2020-01-16,3316.81005859375,^GSPC,Adj Close,8.106758774296837
2020-01-17,3329.6201171875,^GSPC,Adj Close,8.110613497544321
2020-01-21,3320.7900390625,^GSPC,Adj Close,8.107957997174736
2020-01-22,3321.75,^GSPC,Adj Close,8.108247031471418
2020-01-23,3325.5400390625,^GSPC,Adj Close,8.109387357664776
2020-01-24,3295.469970703125,^GSPC,Adj Close,8.100304068238582
2020-01-27,3243.6298828125,^GSPC,Adj Close,8.084448315881739
2020-01-28,3276.239990234375,^GSPC,Adj Close,8.094451699382091
2020-01-29,3273.39990234375,^GSPC,Adj Close,8.093584449238506
2020-01-30,3283.659912109375,^GSPC,Adj Close,8.096713906168716
2020-01-31,3225.52001953125,^GSPC,Adj Close,8.078849462597354
2020-02-03,3248.919921875,^GSPC,Adj Close,8.086077888358586
2020-02-04,3297.590087890625,^GSPC,Adj Close,8.100947204276093
2020-02-05,3334.68994140625,^GSPC,Adj Close,8.112134982935066
2020-02-06,3345.780029296875,^GSPC,Adj Close,8.115455137992068
2020-02-07,3327.7099609375,^GSPC,Adj Close,8.110039646982608
2020-02-10,3352.090087890625,^GSPC,Adj Close,8.117339337103182
2020-02-11,3357.75,^GSPC,Adj Close,8.119026385789185
2020-02-12,3379.449951171875,^GSPC,Adj Close,8.125468238894388
2020-02-13,3373.93994140625,^GSPC,Adj Close,8.123836462534399
2020-02-14,3380.159912109375,^GSPC,Adj Close,8.125678298632884
2020-02-18,3370.2900390625,^GSPC,Adj Close,8.122754084646736
2020-02-19,3386.14990234375,^GSPC,Adj Close,8.127448832931021
2020-02-20,3373.22998046875,^GSPC,Adj Close,8.123626015503024
2020-02-21,3337.75,^GSPC,Adj Close,8.113052206270204
2020-02-24,3225.889892578125,^GSPC,Adj Close,8.078964126849764
2020-02-25,3128.2099609375,^GSPC,Adj Close,8.04821622247441
2020-02-26,3116.389892578125,^GSPC,Adj Close,8.044430525150881
2020-02-27,2978.760009765625,^GSPC,Adj Close,7.999262388798619
2020-02-28,2954.219970703125,^GSPC,Adj Close,7.990989925688966
2020-03-02,3090.22998046875,^GSPC,Adj Close,8.03600079445838
2020-03-03,3003.3701171875,^GSPC,Adj Close,8.007490309535465
2020-03-04,3130.1201171875,^GSPC,Adj Close,8.048826658896099
2020-03-05,3023.93994140625,^GSPC,Adj Close,8.014315876456116
2020-03-06,2972.3701171875,^GSPC,Adj Close,7.997114932803731
2020-03-09,2746.56005859375,^GSPC,Adj Close,7.918104519863359
2020-03-10,2882.22998046875,^GSPC,Adj Close,7.966319572289218
2020-03-11,2741.3798828125,^GSPC,Adj Close,7.916216679480613
2020-03-12,2480.639892578125,^GSPC,Adj Close,7.81627182707814
2020-03-13,2711.02001953125,^GSPC,Adj Close,7.905080234027375
2020-03-16,2386.1298828125,^GSPC,Adj Close,7.777428036554558
2020-03-17,2529.18994140625,^GSPC,Adj Close,7.83565434919025
2020-03-18,2398.10009765625,^GSPC,Adj Close,7.78243207685817
2020-03-19,2409.389892578125,^GSPC,Adj Close,7.787128837828571
2020-03-20,2304.919921875,^GSPC,Adj Close,7.742801213775204
2020-03-23,2237.39990234375,^GSPC,Adj Close,7.713069712765627
2020-03-24,2447.330078125,^GSPC,Adj Close,7.80275294528359
2020-03-25,2475.56005859375,^GSPC,Adj Close,7.8142219357044125
2020-03-26,2630.070068359375,^GSPC,Adj Close,7.874765766778659
2020-03-27,2541.469970703125,^GSPC,Adj Close,7.840497921237032
2020-03-30,2626.64990234375,^GSPC,Adj Close,7.873464511807008
2020-03-31,2584.590087890625,^GSPC,Adj Close,7.857322201018592
2020-04-01,2470.5,^GSPC,Adj Close,7.812175838285805
2020-04-02,2526.89990234375,^GSPC,Adj Close,7.834748495342765
2020-04-03,2488.64990234375,^GSPC,Adj Close,7.81949563451682
2020-04-06,2663.679931640625,^GSPC,Adj Close,7.887463878661651
2020-04-07,2659.409912109375,^GSPC,Adj Close,7.885859539613288
2020-04-08,2749.97998046875,^GSPC,Adj Close,7.919348910804573
2020-04-09,2789.820068359375,^GSPC,Adj Close,7.933732381108273
2020-04-13,2761.6298828125,^GSPC,Adj Close,7.923576321663596
2020-04-14,2846.06005859375,^GSPC,Adj Close,7.953690881235903
2020-04-15,2783.360107421875,^GSPC,Adj Close,7.931414148563534
2020-04-16,2799.550048828125,^GSPC,Adj Close,7.9372139864030755
2020-04-17,2874.56005859375,^GSPC,Adj Close,7.963654918424396
2020-04-20,2823.159912109375,^GSPC,Adj Close,7.945612072809048
2020-04-21,2736.56005859375,^GSPC,Adj Close,7.914456957572717
2020-04-22,2799.31005859375,^GSPC,Adj Close,7.937128258154854
2020-04-23,2797.800048828125,^GSPC,Adj Close,7.936588690494658
2020-04-24,2836.739990234375,^GSPC,Adj Close,7.950410781061498
2020-04-27,2878.47998046875,^GSPC,Adj Close,7.965017649243234
2020-04-28,2863.389892578125,^GSPC,Adj Close,7.95976147905275
2020-04-29,2939.510009765625,^GSPC,Adj Close,7.985998183097823
2020-04-30,2912.429931640625,^GSPC,Adj Close,7.976743039778769
2020-05-01,2830.7099609375,^GSPC,Adj Close,7.948282828763992
2020-05-04,2842.739990234375,^GSPC,Adj Close,7.952523651342842
2020-05-05,2868.43994140625,^GSPC,Adj Close,7.961523586540622
2020-05-06,2848.419921875,^GSPC,Adj Close,7.954519706141579
2020-05-07,2881.18994140625,^GSPC,Adj Close,7.96595866189647
2020-05-08,2929.800048828125,^GSPC,Adj Close,7.982689456961696
2020-05-11,2930.18994140625,^GSPC,Adj Close,7.982822526328487
2020-05-12,2870.1201171875,^GSPC,Adj Close,7.962109160556439
2020-05-13,2820.0,^GSPC,Adj Close,7.944492163932159
2020-05-14,2852.5,^GSPC,Adj Close,7.955951081736231
2020-05-15,2863.699951171875,^GSPC,Adj Close,7.959869756939954
2020-05-18,2953.909912109375,^GSPC,Adj Close,7.990884965710027
2020-05-19,2922.93994140625,^GSPC,Adj Close,7.980345217998428
2020-05-20,2971.610107421875,^GSPC,Adj Close,7.996859208611843
2020-05-21,2948.510009765625,^GSPC,Adj Close,7.98905524030189
2020-05-22,2955.449951171875,^GSPC,Adj Close,7.991406185988702
2020-05-26,2991.77001953125,^GSPC,Adj Close,8.003620471010162
2020-05-27,3036.1298828125,^GSPC,Adj Close,8.018338918500477
2020-05-28,3029.72998046875,^GSPC,Adj Close,8.016228779175558
2020-05-29,3044.31005859375,^GSPC,Adj Close,8.021029572727866
2020-06-01,3055.72998046875,^GSPC,Adj Close,8.024773789206229
2020-06-02,3080.820068359375,^GSPC,Adj Close,8.03295109648863
2020-06-03,3122.8701171875,^GSPC,Adj Close,8.046507767301192
2020-06-04,3112.35009765625,^GSPC,Adj Close,8.043133378217583
2020-06-05,3193.929931640625,^GSPC,Adj Close,8.06900739103922
2020-06-08,3232.389892578125,^GSPC,Adj Close,8.080977047445025
2020-06-09,3207.179931640625,^GSPC,Adj Close,8.073147304025303
2020-06-10,3190.139892578125,^GSPC,Adj Close,8.067820048290121
2020-06-11,3002.10009765625,^GSPC,Adj Close,8.007067355293833
2020-06-12,3041.31005859375,^GSPC,Adj Close,8.020043641899044
2020-06-15,3066.590087890625,^GSPC,Adj Close,8.028321502717219
2020-06-16,3124.739990234375,^GSPC,Adj Close,8.04710635558393
2020-06-17,3113.489990234375,^GSPC,Adj Close,8.0434995593513
2020-06-18,3115.340087890625,^GSPC,Adj Close,8.044093602755103
2020-06-19,3097.739990234375,^GSPC,Adj Close,8.038428089189429
2020-06-22,3117.860107421875,^GSPC,Adj Close,8.044902182486087
2020-06-23,3131.2900390625,^GSPC,Adj Close,8.049200351677571
2020-06-24,3050.330078125,^GSPC,Adj Close,8.023005086081909
2020-06-25,3083.760009765625,^GSPC,Adj Close,8.033904913810126
2020-06-26,3009.050048828125,^GSPC,Adj Close,8.009379709535295
2020-06-29,3053.239990234375,^GSPC,Adj Close,8.023958597648829
2020-06-30,3100.2900390625,^GSPC,Adj Close,8.039250947084584
2020-07-01,3115.860107421875,^GSPC,Adj Close,8.044260511060456
2020-07-02,3130.010009765625,^GSPC,Adj Close,8.048791481537272
2020-07-06,3179.719970703125,^GSPC,Adj Close,8.064548412369435
2020-07-07,3145.320068359375,^GSPC,Adj Close,8.053670934499792
2020-07-08,3169.93994140625,^GSPC,Adj Close,8.061467920763222
2020-07-09,3152.050048828125,^GSPC,Adj Close,8.055808329287027
2020-07-10,3185.0400390625,^GSPC,Adj Close,8.066220139061471
2020-07-13,3155.219970703125,^GSPC,Adj Close,8.056813493845413
2020-07-14,3197.52001953125,^GSPC,Adj Close,8.070130794428316
2020-07-15,3226.56005859375,^GSPC,Adj Close,8.07917185136467
2020-07-16,3215.570068359375,^GSPC,Adj Close,8.075759936150556
2020-07-17,3224.72998046875,^GSPC,Adj Close,8.07860449873814
2020-07-20,3251.840087890625,^GSPC,Adj Close,8.08697629599328
2020-07-21,3257.300048828125,^GSPC,Adj Close,8.08865392532784
2020-07-22,3276.02001953125,^GSPC,Adj Close,8.094384555922312
2020-07-23,3235.659912109375,^GSPC,Adj Close,8.081988177510066
2020-07-24,3215.6298828125,^GSPC,Adj Close,8.07577853748579
2020-07-27,3239.409912109375,^GSPC,Adj Close,8.083146466307273
2020-07-28,3218.43994140625,^GSPC,Adj Close,8.076652030888626
2020-07-29,3258.43994140625,^GSPC,Adj Close,8.08900381424037
2020-07-30,3246.219970703125,^GSPC,Adj Close,8.085246512476914
2020-07-31,3271.1201171875,^GSPC,Adj Close,8.09288774871909
2020-08-03,3294.610107421875,^GSPC,Adj Close,8.10004311138345
2020-08-04,3306.510009765625,^GSPC,Adj Close,8.103648534409583
2020-08-05,3327.77001953125,^GSPC,Adj Close,8.1100576948451
2020-08-06,3349.159912109375,^GSPC,Adj Close,8.116464820865765
2020-08-07,3351.280029296875,^GSPC,Adj Close,8.117097650135722
2020-08-10,3360.469970703125,^GSPC,Adj Close,8.119836115409115
2020-08-11,3333.68994140625,^GSPC,Adj Close,8.111835060007737
2020-08-12,3380.35009765625,^GSPC,Adj Close,8.12573456230135
2020-08-13,3373.429931640625,^GSPC,Adj Close,8.123685289625193
2020-08-14,3372.85009765625,^GSPC,Adj Close,8.123513392228915
2020-08-17,3381.989990234375,^GSPC,Adj Close,8.126219569736339
2020-08-18,3389.780029296875,^GSPC,Adj Close,8.128520310156155
2020-08-19,3374.85009765625,^GSPC,Adj Close,8.124106186810973
2020-08-20,3385.510009765625,^GSPC,Adj Close,8.127259841579319
2020-08-21,3397.159912109375,^GSPC,Adj Close,8.130695041562293
2020-08-24,3431.280029296875,^GSPC,Adj Close,8.140688656927194
2020-08-25,3443.6201171875,^GSPC,Adj Close,8.144278556672734
2020-08-26,3478.72998046875,^GSPC,Adj Close,8.154422558017577
2020-08-27,3484.550048828125,^GSPC,Adj Close,8.156094204049387
2020-08-28,3508.010009765625,^GSPC,Adj Close,8.162804206898956
2020-08-31,3500.31005859375,^GSPC,Adj Close,8.160606831723447
2020-09-01,3526.64990234375,^GSPC,Adj Close,8.168103663144153
2020-09-02,3580.840087890625,^GSPC,Adj Close,8.183352713288023
2020-09-03,3455.06005859375,^GSPC,Adj Close,8.147595119145837
2020-09-04,3426.9599609375,^GSPC,Adj Close,8.139428838391563
2020-09-08,3331.840087890625,^GSPC,Adj Close,8.111280009305096
2020-09-09,3398.9599609375,^GSPC,Adj Close,8.131224769967277
2020-09-10,3339.18994140625,^GSPC,Adj Close,8.11348352404188
2020-09-11,3340.969970703125,^GSPC,Adj Close,8.114016454199968
2020-09-14,3383.5400390625,^GSPC,Adj Close,8.126677789224992
2020-09-15,3401.199951171875,^GSPC,Adj Close,8.131883575155491
2020-09-16,3385.489990234375,^GSPC,Adj Close,8.12725392826334
2020-09-17,3357.010009765625,^GSPC,Adj Close,8.118805978734787
2020-09-18,3319.469970703125,^GSPC,Adj Close,8.107560401786959
2020-09-21,3281.06005859375,^GSPC,Adj Close,8.09592183775966
2020-09-22,3315.570068359375,^GSPC,Adj Close,8.106384854158037
2020-09-23,3236.919921875,^GSPC,Adj Close,8.082377515243662
2020-09-24,3246.590087890625,^GSPC,Adj Close,8.085360520798291
2020-09-25,3298.4599609375,^GSPC,Adj Close,8.10121096002248
2020-09-28,3351.60009765625,^GSPC,Adj Close,8.117193151876334
2020-09-29,3335.469970703125,^GSPC,Adj Close,8.11236886917189
2020-09-30,3363.0,^GSPC,Adj Close,8.12058871174027
2020-10-01,3380.800048828125,^GSPC,Adj Close,8.125867661304564
2020-10-02,3348.419921875,^GSPC,Adj Close,8.116243848438193
2020-10-05,3408.60009765625,^GSPC,Adj Close,8.134056957441095
2020-10-06,3360.969970703125,^GSPC,Adj Close,8.119984893053571
2020-10-07,3419.43994140625,^GSPC,Adj Close,8.137232056823812
2020-10-08,3446.830078125,^GSPC,Adj Close,8.145210269718682
2020-10-09,3477.139892578125,^GSPC,Adj Close,8.153965364899435
2020-10-12,3534.219970703125,^GSPC,Adj Close,8.17024789505776
2020-10-13,3511.929931640625,^GSPC,Adj Close,8.163921003428596
2020-10-14,3488.669921875,^GSPC,Adj Close,8.157275831344537
2020-10-15,3483.340087890625,^GSPC,Adj Close,8.155746907830324
2020-10-16,3483.81005859375,^GSPC,Adj Close,8.155881818286954
2020-10-19,3426.919921875,^GSPC,Adj Close,8.139417154772012
2020-10-20,3443.1201171875,^GSPC,Adj Close,8.144133350092012
2020-10-21,3435.56005859375,^GSPC,Adj Close,8.141935236080442
2020-10-22,3453.489990234375,^GSPC,Adj Close,8.147140590083934
2020-10-23,3465.389892578125,^GSPC,Adj Close,8.150580428404323
2020-10-26,3400.969970703125,^GSPC,Adj Close,8.131815955419002
2020-10-27,3390.679931640625,^GSPC,Adj Close,8.128785750068555
2020-10-28,3271.030029296875,^GSPC,Adj Close,8.092860207959978
2020-10-29,3310.110107421875,^GSPC,Adj Close,8.104736732899976
2020-10-30,3269.9599609375,^GSPC,Adj Close,8.092533019454715
2020-11-02,3310.239990234375,^GSPC,Adj Close,8.104775970345306
2020-11-03,3369.159912109375,^GSPC,Adj Close,8.122418708029384
2020-11-04,3443.43994140625,^GSPC,Adj Close,8.144226233684476
2020-11-05,3510.449951171875,^GSPC,Adj Close,8.163499499461178
2020-11-06,3509.43994140625,^GSPC,Adj Close,8.163211742875804
2020-11-09,3550.5,^GSPC,Adj Close,8.174843717622148
2020-11-10,3545.530029296875,^GSPC,Adj Close,8.17344294240128
2020-11-11,3572.659912109375,^GSPC,Adj Close,8.181065670764273
2020-11-12,3537.010009765625,^GSPC,Adj Close,8.171037019217202
2020-11-13,3585.14990234375,^GSPC,Adj Close,8.184555565923496
2020-11-16,3626.909912109375,^GSPC,Adj Close,8.196136300846328
2020-11-17,3609.530029296875,^GSPC,Adj Close,8.191332857061681
2020-11-18,3567.7900390625,^GSPC,Adj Close,8.1797016464142
2020-11-19,3581.8701171875,^GSPC,Adj Close,8.183640322104933
2020-11-20,3557.5400390625,^GSPC,Adj Close,8.176824584732014
2020-11-23,3577.590087890625,^GSPC,Adj Close,8.182444692913863
2020-11-24,3635.409912109375,^GSPC,Adj Close,8.198477151727896
2020-11-25,3629.64990234375,^GSPC,Adj Close,8.196891476972386
2020-11-27,3638.35009765625,^GSPC,Adj Close,8.199285587998288
2020-11-30,3621.6298828125,^GSPC,Adj Close,8.194679447361315
2020-12-01,3662.449951171875,^GSPC,Adj Close,8.20588758802291
2020-12-02,3669.010009765625,^GSPC,Adj Close,8.207677152551513
2020-12-03,3666.719970703125,^GSPC,Adj Close,8.207052800471219
2020-12-04,3699.1201171875,^GSPC,Adj Close,8.215850264186406
2020-12-07,3691.9599609375,^GSPC,Adj Close,8.213912750747442
2020-12-08,3702.25,^GSPC,Adj Close,8.216696021917613
2020-12-09,3672.820068359375,^GSPC,Adj Close,8.20871505696914
2020-12-10,3668.10009765625,^GSPC,Adj Close,8.207429122441368
2020-12-11,3663.4599609375,^GSPC,Adj Close,8.206163324357137
2020-12-14,3647.489990234375,^GSPC,Adj Close,8.20179453611199
2020-12-15,3694.6201171875,^GSPC,Adj Close,8.214633018134208
2020-12-16,3701.169921875,^GSPC,Adj Close,8.216404243754532
2020-12-17,3722.47998046875,^GSPC,Adj Close,8.222145386563515
2020-12-18,3709.409912109375,^GSPC,Adj Close,8.218628089611366
2020-12-21,3694.919921875,^GSPC,Adj Close,8.214714161124457
2020-12-22,3687.260009765625,^GSPC,Adj Close,8.212638916432686
2020-12-23,3690.010009765625,^GSPC,Adj Close,8.213384449704504
2020-12-24,3703.06005859375,^GSPC,Adj Close,8.216914799683991
2020-12-28,3735.360107421875,^GSPC,Adj Close,8.225599507222404
2020-12-29,3727.0400390625,^GSPC,Adj Close,8.223369642395124
2020-12-30,3732.0400390625,^GSPC,Adj Close,8.224710290490204
2020-12-31,3756.070068359375,^GSPC,Adj Close,8.231128495201908
2021-01-04,3700.64990234375,^GSPC,Adj Close,8.216263732489882
2021-01-05,3726.860107421875,^GSPC,Adj Close,8.223321363873243
2021-01-06,3748.139892578125,^GSPC,Adj Close,8.229014967255718
2021-01-07,3803.7900390625,^GSPC,Adj Close,8.24375322736347
2021-01-08,3824.679931640625,^GSPC,Adj Close,8.249230064756986
2021-01-11,3799.610107421875,^GSPC,Adj Close,8.242653737140365
2021-01-12,3801.18994140625,^GSPC,Adj Close,8.243069439170934
2021-01-13,3809.840087890625,^GSPC,Adj Close,8.24534249555766
2021-01-14,3795.5400390625,^GSPC,Adj Close,8.241581982488917
2021-01-15,3768.25,^GSPC,Adj Close,8.234365981690638
2021-01-19,3798.909912109375,^GSPC,Adj Close,8.2424694393264
2021-01-20,3851.85009765625,^GSPC,Adj Close,8.256308856702912
2021-01-21,3853.070068359375,^GSPC,Adj Close,8.256625529864225
2021-01-22,3841.469970703125,^GSPC,Adj Close,8.253610377201287
2021-01-25,3855.360107421875,^GSPC,Adj Close,8.257219694714305
2021-01-26,3849.6201171875,^GSPC,Adj Close,8.255729751553151
2021-01-27,3750.77001953125,^GSPC,Adj Close,8.22971643642705
2021-01-28,3787.3798828125,^GSPC,Adj Close,8.23942973520581
2021-01-29,3714.239990234375,^GSPC,Adj Close,8.219929357551019
2021-02-01,3773.860107421875,^GSPC,Adj Close,8.235853657785697
2021-02-02,3826.31005859375,^GSPC,Adj Close,8.249656186600008
2021-02-03,3830.169921875,^GSPC,Adj Close,8.250664447215353
2021-02-04,3871.739990234375,^GSPC,Adj Close,8.261459294859275
2021-02-05,3886.830078125,^GSPC,Adj Close,8.265349214467038
2021-02-08,3915.590087890625,^GSPC,Adj Close,8.272721321943328
2021-02-09,3911.22998046875,^GSPC,Adj Close,8.271607176521606
2021-02-10,3909.8798828125,^GSPC,Adj Close,8.271261931999215
2021-02-11,3916.3798828125,^GSPC,Adj Close,8.272923006813803
2021-02-12,3934.830078125,^GSPC,Adj Close,8.277622977739965
2021-02-16,3932.590087890625,^GSPC,Adj Close,8.27705354322455
2021-02-17,3931.330078125,^GSPC,Adj Close,8.276733089875632
2021-02-18,3913.969970703125,^GSPC,Adj Close,8.27230747564839
2021-02-19,3906.7099609375,^GSPC,Adj Close,8.270450856552724
2021-02-22,3876.5,^GSPC,Adj Close,8.262687963659014
2021-02-23,3881.3701171875,^GSPC,Adj Close,8.26394349327054
2021-02-24,3925.429931640625,^GSPC,Adj Close,8.275231160941527
2021-02-25,3829.340087890625,^GSPC,Adj Close,8.250447766517354
2021-02-26,3811.14990234375,^GSPC,Adj Close,8.245686234223555
2021-03-01,3901.820068359375,^GSPC,Adj Close,8.269198407449249
2021-03-02,3870.2900390625,^GSPC,Adj Close,8.26108472870974
2021-03-03,3819.719970703125,^GSPC,Adj Close,8.247932392814938
2021-03-04,3768.469970703125,^GSPC,Adj Close,8.234424354750548
2021-03-05,3841.93994140625,^GSPC,Adj Close,8.253732711089258
2021-03-08,3821.35009765625,^GSPC,Adj Close,8.248359067865232
2021-03-09,3875.43994140625,^GSPC,Adj Close,8.262414468609164
2021-03-10,3898.81005859375,^GSPC,Adj Close,8.268426672380151
2021-03-11,3939.340087890625,^GSPC,Adj Close,8.278768497880808
2021-03-12,3943.340087890625,^GSPC,Adj Close,8.27978338120834
2021-03-15,3968.93994140625,^GSPC,Adj Close,8.286254320747753
2021-03-16,3962.7099609375,^GSPC,Adj Close,8.284683403769156
2021-03-17,3974.1201171875,^GSPC,Adj Close,8.287558648419315
2021-03-18,3915.4599609375,^GSPC,Adj Close,8.272688088353368
2021-03-19,3913.10009765625,^GSPC,Adj Close,8.272085202679614
2021-03-22,3940.590087890625,^GSPC,Adj Close,8.279085759577956
2021-03-23,3910.52001953125,^GSPC,Adj Close,8.271425641458622
2021-03-24,3889.139892578125,^GSPC,Adj Close,8.265943304858274
2021-03-25,3909.52001953125,^GSPC,Adj Close,8.271169888291002
2021-03-26,3974.5400390625,^GSPC,Adj Close,8.287664306949718
2021-03-29,3971.090087890625,^GSPC,Adj Close,8.286795917323332
2021-03-30,3958.550048828125,^GSPC,Adj Close,8.283633087913682
2021-03-31,3972.889892578125,^GSPC,Adj Close,8.287249041506103
2021-04-01,4019.8701171875,^GSPC,Adj Close,8.299004871933777
2021-04-05,4077.909912109375,^GSPC,Adj Close,8.31333985969602
2021-04-06,4073.93994140625,^GSPC,Adj Close,8.312365854755223
2021-04-07,4079.949951171875,^GSPC,Adj Close,8.31384000045333
2021-04-08,4097.169921875,^GSPC,Adj Close,8.318051751393922
2021-04-09,4128.7998046875,^GSPC,Adj Close,8.32574203952961
2021-04-12,4127.990234375,^GSPC,Adj Close,8.32554594145487
2021-04-13,4141.58984375,^GSPC,Adj Close,8.328835013331933
2021-04-14,4124.66015625,^GSPC,Adj Close,8.324738909011202
2021-04-15,4170.419921875,^GSPC,Adj Close,8.335772010412322
2021-04-16,4185.47021484375,^GSPC,Adj Close,8.339374333802839
2021-04-19,4163.259765625,^GSPC,Adj Close,8.334053643909082
2021-04-20,4134.93994140625,^GSPC,Adj Close,8.327228082904004
2021-04-21,4173.419921875,^GSPC,Adj Close,8.336491103823857
2021-04-22,4134.97998046875,^GSPC,Adj Close,8.327237765963302
2021-04-23,4180.169921875,^GSPC,Adj Close,8.338107175858834
2021-04-26,4187.6201171875,^GSPC,Adj Close,8.339887860423417
2021-04-27,4186.72021484375,^GSPC,Adj Close,8.339672941441972
2021-04-28,4183.18017578125,^GSPC,Adj Close,8.338827043854575
2021-04-29,4211.47021484375,^GSPC,Adj Close,8.345567085391279
2021-04-30,4181.169921875,^GSPC,Adj Close,8.338346371974158
2021-05-03,4192.66015625,^GSPC,Adj Close,8.34109069362367
2021-05-04,4164.66015625,^GSPC,Adj Close,8.334389956133823
2021-05-05,4167.58984375,^GSPC,Adj Close,8.335093172580937
2021-05-06,4201.6201171875,^GSPC,Adj Close,8.343225472079569
2021-05-07,4232.60009765625,^GSPC,Adj Close,8.350571763498756
2021-05-10,4188.43017578125,^GSPC,Adj Close,8.340081282995618
2021-05-11,4152.10009765625,^GSPC,Adj Close,8.331369532853836
2021-05-12,4063.0400390625,^GSPC,Adj Close,8.309686750495533
2021-05-13,4112.5,^GSPC,Adj Close,8.321786395073627
2021-05-14,4173.85009765625,^GSPC,Adj Close,8.33659417363725
2021-05-17,4163.2900390625,^GSPC,Adj Close,8.33406091545329
2021-05-18,4127.830078125,^GSPC,Adj Close,8.325507143069256
2021-05-19,4115.68017578125,^GSPC,Adj Close,8.322559391257878
2021-05-20,4159.1201171875,^GSPC,Adj Close,8.333058820592386
2021-05-21,4155.85986328125,^GSPC,Adj Close,8.332274632517134
2021-05-24,4197.0498046875,^GSPC,Adj Close,8.342137129998349
2021-05-25,4188.1298828125,^GSPC,Adj Close,8.34000958459752
2021-05-26,4195.990234375,^GSPC,Adj Close,8.341884642148132
2021-05-27,4200.8798828125,^GSPC,Adj Close,8.343049278237995
2021-05-28,4204.10986328125,^GSPC,Adj Close,8.343817864690882
2021-06-01,4202.0400390625,^GSPC,Adj Close,8.343325409932252
2021-06-02,4208.1201171875,^GSPC,Adj Close,8.344771298969153
2021-06-03,4192.85009765625,^GSPC,Adj Close,8.341135995913104
2021-06-04,4229.89013671875,^GSPC,Adj Close,8.34993129929612
2021-06-07,4226.52001953125,^GSPC,Adj Close,8.349134243026699
2021-06-08,4227.259765625,^GSPC,Adj Close,8.34930925257614
2021-06-09,4219.5498046875,^GSPC,Adj Close,8.347483719985524
2021-06-10,4239.18017578125,^GSPC,Adj Close,8.352125174761987
2021-06-11,4247.43994140625,^GSPC,Adj Close,8.354071713694795
2021-06-14,4255.14990234375,^GSPC,Adj Close,8.355885270079932
2021-06-15,4246.58984375,^GSPC,Adj Close,8.353871550125655
2021-06-16,4223.7001953125,^GSPC,Adj Close,8.34846684637863
2021-06-17,4221.85986328125,^GSPC,Adj Close,8.348031035834957
2021-06-18,4166.4501953125,^GSPC,Adj Close,8.334819680147673
2021-06-21,4224.7900390625,^GSPC,Adj Close,8.348724843659992
2021-06-22,4246.43994140625,^GSPC,Adj Close,8.353836250038983
2021-06-23,4241.83984375,^GSPC,Adj Close,8.352752379520334
2021-06-24,4266.490234375,^GSPC,Adj Close,8.358546809066251
2021-06-25,4280.7001953125,^GSPC,Adj Close,8.361871872230937
2021-06-28,4290.60986328125,^GSPC,Adj Close,8.36418416109141
2021-06-29,4291.7998046875,^GSPC,Adj Close,8.364461458834096
2021-06-30,4297.5,^GSPC,Adj Close,8.365788737257004
2021-07-01,4319.93994140625,^GSPC,Adj Close,8.370996778689259
2021-07-02,4352.33984375,^GSPC,Adj Close,8.37846887458395
2021-07-06,4343.5400390625,^GSPC,Adj Close,8.376444971813928
2021-07-07,4358.1298828125,^GSPC,Adj Close,8.379798318367591
2021-07-08,4320.81982421875,^GSPC,Adj Close,8.371200437358036
2021-07-09,4369.5498046875,^GSPC,Adj Close,8.38241526326045
2021-07-12,4384.6298828125,^GSPC,Adj Close,8.385860495956043
2021-07-13,4369.2099609375,^GSPC,Adj Close,8.382337484774878
2021-07-14,4374.2998046875,^GSPC,Adj Close,8.383501741340346
2021-07-15,4360.02978515625,^GSPC,Adj Close,8.380234167777601
2021-07-16,4327.16015625,^GSPC,Adj Close,8.372666752770789
2021-07-19,4258.490234375,^GSPC,Adj Close,8.356669971370804
2021-07-20,4323.06005859375,^GSPC,Adj Close,8.371718777375603
2021-07-21,4358.68994140625,^GSPC,Adj Close,8.379926819037747
2021-07-22,4367.47998046875,^GSPC,Adj Close,8.38194145824699
2021-07-23,4411.7900390625,^GSPC,Adj Close,8.392035790633246
2021-07-26,4422.2998046875,^GSPC,Adj Close,8.394415157555974
2021-07-27,4401.4599609375,^GSPC,Adj Close,8.389691574173797
2021-07-28,4400.64013671875,^GSPC,Adj Close,8.389505294942245
2021-07-29,4419.14990234375,^GSPC,Adj Close,8.393702626787517
2021-07-30,4395.259765625,^GSPC,Adj Close,8.388281913179256
2021-08-02,4387.16015625,^GSPC,Adj Close,8.386437407509195
2021-08-03,4423.14990234375,^GSPC,Adj Close,8.394607368848114
2021-08-04,4402.66015625,^GSPC,Adj Close,8.389964218186817
2021-08-05,4429.10009765625,^GSPC,Adj Close,8.395951704177238
2021-08-06,4436.52001953125,^GSPC,Adj Close,8.397625568725767
2021-08-09,4432.35009765625,^GSPC,Adj Close,8.39668521846081
2021-08-10,4436.75,^GSPC,Adj Close,8.397677405414674
2021-08-11,4442.41015625,^GSPC,Adj Close,8.39895233613269
2021-08-12,4460.830078125,^GSPC,Adj Close,8.403090143868168
2021-08-13,4468.0,^GSPC,Adj Close,8.404696160189092
2021-08-16,4479.7099609375,^GSPC,Adj Close,8.407313582451085
2021-08-17,4448.080078125,^GSPC,Adj Close,8.400227838943948
2021-08-18,4400.27001953125,^GSPC,Adj Close,8.389421186098692
2021-08-19,4405.7998046875,^GSPC,Adj Close,8.39067708935485
2021-08-20,4441.669921875,^GSPC,Adj Close,8.398785693245593
2021-08-23,4479.52978515625,^GSPC,Adj Close,8.407273361230004
2021-08-24,4486.22998046875,^GSPC,Adj Close,8.408767980031966
2021-08-25,4496.18994140625,^GSPC,Adj Close,8.410985637435218
2021-08-26,4470.0,^GSPC,Adj Close,8.405143687607614
2021-08-27,4509.3701171875,^GSPC,Adj Close,8.413912759148067
2021-08-30,4528.7900390625,^GSPC,Adj Close,8.418210083254941
2021-08-31,4522.68017578125,^GSPC,Adj Close,8.416860056339049
2021-09-01,4524.08984375,^GSPC,Adj Close,8.4171716964
2021-09-02,4536.9501953125,^GSPC,Adj Close,8.420010302154406
2021-09-03,4535.43017578125,^GSPC,Adj Close,8.419675214893225
2021-09-07,4520.02978515625,^GSPC,Adj Close,8.416273862440903
2021-09-08,4514.06982421875,^GSPC,Adj Close,8.414954425627087
2021-09-09,4493.27978515625,^GSPC,Adj Close,8.410338178477085
2021-09-10,4458.580078125,^GSPC,Adj Close,8.402585626190808
2021-09-13,4468.72998046875,^GSPC,Adj Close,8.404859526537178
2021-09-14,4443.0498046875,^GSPC,Adj Close,8.39909631257092
2021-09-15,4480.7001953125,^GSPC,Adj Close,8.407534606793
2021-09-16,4473.75,^GSPC,Adj Close,8.405982262080235
2021-09-17,4432.990234375,^GSPC,Adj Close,8.396829631804437
2021-09-20,4357.72998046875,^GSPC,Adj Close,8.379706554078055
2021-09-21,4354.18994140625,^GSPC,Adj Close,8.378893865419508
2021-09-22,4395.64013671875,^GSPC,Adj Close,8.388368450643727
2021-09-23,4448.97998046875,^GSPC,Adj Close,8.400430131013664
2021-09-24,4455.47998046875,^GSPC,Adj Close,8.401890073825028
2021-09-27,4443.10986328125,^GSPC,Adj Close,8.39910982990484
2021-09-28,4352.6298828125,^GSPC,Adj Close,8.378535512164946
2021-09-29,4359.4599609375,^GSPC,Adj Close,8.38010346650123
2021-09-30,4307.5400390625,^GSPC,Adj Close,8.368122263556215
2021-10-01,4357.0400390625,^GSPC,Adj Close,8.37954821566955
2021-10-04,4300.4599609375,^GSPC,Adj Close,8.366477263620906
2021-10-05,4345.72021484375,^GSPC,Adj Close,8.376946781119507
2021-10-06,4363.5498046875,^GSPC,Adj Close,8.381041180469131
2021-10-07,4399.759765625,^GSPC,Adj Close,8.389305219694197
2021-10-08,4391.33984375,^GSPC,Adj Close,8.387389663091776
2021-10-11,4361.18994140625,^GSPC,Adj Close,8.380500221447436
2021-10-12,4350.64990234375,^GSPC,Adj Close,8.378080515760882
2021-10-13,4363.7998046875,^GSPC,Adj Close,8.381098471631113
2021-10-14,4438.259765625,^GSPC,Adj Close,8.398017633916824
2021-10-15,4471.3701171875,^GSPC,Adj Close,8.405450154554014
2021-10-18,4486.4599609375,^GSPC,Adj Close,8.408819242355818
2021-10-19,4519.6298828125,^GSPC,Adj Close,8.416185385140054
2021-10-20,4536.18994140625,^GSPC,Adj Close,8.419842718738614
2021-10-21,4549.77978515625,^GSPC,Adj Close,8.422834111906974
2021-10-22,4544.89990234375,^GSPC,Adj Close,8.421760982682311
2021-10-25,4566.47998046875,^GSPC,Adj Close,8.426497942123165
2021-10-26,4574.7900390625,^GSPC,Adj Close,8.428316083555409
2021-10-27,4551.68017578125,^GSPC,Adj Close,8.423251713184303
2021-10-28,4596.419921875,^GSPC,Adj Close,8.433033001608488
2021-10-29,4605.3798828125,^GSPC,Adj Close,8.434980438840205
2021-11-01,4613.669921875,^GSPC,Adj Close,8.436778897786107
2021-11-02,4630.64990234375,^GSPC,Adj Close,8.440452504906496
2021-11-03,4660.56982421875,^GSPC,Adj Close,8.446892999519385
2021-11-04,4680.06005859375,^GSPC,Adj Close,8.451066221862202
2021-11-05,4697.52978515625,^GSPC,Adj Close,8.454792071907487
2021-11-08,4701.7001953125,^GSPC,Adj Close,8.455679465968188
2021-11-09,4685.25,^GSPC,Adj Close,8.45217455504179
2021-11-10,4646.7099609375,^GSPC,Adj Close,8.443914712877929
2021-11-11,4649.27001953125,^GSPC,Adj Close,8.444465501210917
2021-11-12,4682.85009765625,^GSPC,Adj Close,8.451662198775047
2021-11-15,4682.7998046875,^GSPC,Adj Close,8.45165145889703
2021-11-16,4700.89990234375,^GSPC,Adj Close,8.455509237954157
2021-11-17,4688.669921875,^GSPC,Adj Close,8.452904222471261
2021-11-18,4704.5400390625,^GSPC,Adj Close,8.456283287211432
2021-11-19,4697.9599609375,^GSPC,Adj Close,8.454883642606445
2021-11-22,4682.93994140625,^GSPC,Adj Close,8.451681384289484
2021-11-23,4690.7001953125,^GSPC,Adj Close,8.453337145672679
2021-11-24,4701.4599609375,^GSPC,Adj Close,8.455628369449347
2021-11-26,4594.6201171875,^GSPC,Adj Close,8.432641358290025
2021-11-29,4655.27001953125,^GSPC,Adj Close,8.445755194372849
2021-11-30,4567.0,^GSPC,Adj Close,8.426611813185
2021-12-01,4513.0400390625,^GSPC,Adj Close,8.414726271727043
2021-12-02,4577.10009765625,^GSPC,Adj Close,8.4288209101231
2021-12-03,4538.43017578125,^GSPC,Adj Close,8.420336454981362
2021-12-06,4591.669921875,^GSPC,Adj Close,8.431999054291047
2021-12-07,4686.75,^GSPC,Adj Close,8.4524946574773
2021-12-08,4701.2099609375,^GSPC,Adj Close,8.455575193063886
2021-12-09,4667.4501953125,^GSPC,Adj Close,8.448368204831363
2021-12-10,4712.02001953125,^GSPC,Adj Close,8.457871973949572
2021-12-13,4668.97021484375,^GSPC,Adj Close,8.448693815606779
2021-12-14,4634.08984375,^GSPC,Adj Close,8.441195092752155
2021-12-15,4709.85009765625,^GSPC,Adj Close,8.457411360104047
2021-12-16,4668.669921875,^GSPC,Adj Close,8.448629496792934
2021-12-17,4620.64013671875,^GSPC,Adj Close,8.43828853220888
2021-12-20,4568.02001953125,^GSPC,Adj Close,8.426835133885623
2021-12-21,4649.22998046875,^GSPC,Adj Close,8.44445688927082
2021-12-22,4696.56005859375,^GSPC,Adj Close,8.454585617299946
2021-12-23,4725.7900390625,^GSPC,Adj Close,8.460790029985198
2021-12-27,4791.18994140625,^GSPC,Adj Close,8.474534081558804
2021-12-28,4786.35009765625,^GSPC,Adj Close,8.473523416159917
2021-12-29,4793.06005859375,^GSPC,Adj Close,8.474924329561775
2021-12-30,4778.72998046875,^GSPC,Adj Close,8.47193009571987
2021-12-31,4766.18017578125,^GSPC,Adj Close,8.469300461346396
2022-01-03,4796.56005859375,^GSPC,Adj Close,8.475654285516784
2022-01-04,4793.5400390625,^GSPC,Adj Close,8.47502446526458
2022-01-05,4700.580078125,^GSPC,Adj Close,8.45544120096008
2022-01-06,4696.0498046875,^GSPC,Adj Close,8.454476967219898
2022-01-07,4677.02978515625,^GSPC,Adj Close,8.450418526137563
2022-01-10,4670.2900390625,^GSPC,Adj Close,8.448976455600024
2022-01-11,4713.06982421875,^GSPC,Adj Close,8.458094742052422
2022-01-12,4726.35009765625,^GSPC,Adj Close,8.460908534067089
2022-01-13,4659.02978515625,^GSPC,Adj Close,8.44656250483269
2022-01-14,4662.85009765625,^GSPC,Adj Close,8.44738214910228
2022-01-18,4577.10986328125,^GSPC,Adj Close,8.428823043704272
2022-01-19,4532.759765625,^GSPC,Adj Close,8.419086252762812
2022-01-20,4482.72998046875,^GSPC,Adj Close,8.40798751045848
2022-01-21,4397.93994140625,^GSPC,Adj Close,8.388891515133844
2022-01-24,4410.1298828125,^GSPC,Adj Close,8.391659419892115
2022-01-25,4356.4501953125,^GSPC,Adj Close,8.379412829335248
2022-01-26,4349.93017578125,^GSPC,Adj Close,8.377915072409362
2022-01-27,4326.509765625,^GSPC,Adj Close,8.372516437209391
2022-01-28,4431.85009765625,^GSPC,Adj Close,8.396572405124127
2022-01-31,4515.5498046875,^GSPC,Adj Close,8.415282231347112
2022-02-01,4546.5400390625,^GSPC,Adj Close,8.42212179169543
2022-02-02,4589.3798828125,^GSPC,Adj Close,8.431500192143753
2022-02-03,4477.43994140625,^GSPC,Adj Close,8.406806720423633
2022-02-04,4500.52978515625,^GSPC,Adj Close,8.411950398863496
2022-02-07,4483.8701171875,^GSPC,Adj Close,8.408241817935668
2022-02-08,4521.5400390625,^GSPC,Adj Close,8.416607931402302
2022-02-09,4587.18017578125,^GSPC,Adj Close,8.431020773481567
2022-02-10,4504.080078125,^GSPC,Adj Close,8.41273894899651
2022-02-11,4418.64013671875,^GSPC,Adj Close,8.393587266358425
2022-02-14,4401.669921875,^GSPC,Adj Close,8.389739275602796
2022-02-15,4471.06982421875,^GSPC,Adj Close,8.40538299324886
2022-02-16,4475.009765625,^GSPC,Adj Close,8.406263812969144
2022-02-17,4380.259765625,^GSPC,Adj Close,8.384863308832207
2022-02-18,4348.8701171875,^GSPC,Adj Close,8.377671347168341
2022-02-22,4304.759765625,^GSPC,Adj Close,8.367476611733325
2022-02-23,4225.5,^GSPC,Adj Close,8.348892875984538
2022-02-24,4288.7001953125,^GSPC,Adj Close,8.363738981237262
2022-02-25,4384.64990234375,^GSPC,Adj Close,8.385865061788527
2022-02-28,4373.93994140625,^GSPC,Adj Close,8.3834194703254
2022-03-01,4306.259765625,^GSPC,Adj Close,8.367825002538789
2022-03-02,4386.5400390625,^GSPC,Adj Close,8.386296049319439
2022-03-03,4363.490234375,^GSPC,Adj Close,8.381027528575194
2022-03-04,4328.8701171875,^GSPC,Adj Close,8.373061844032192
2022-03-07,4201.08984375,^GSPC,Adj Close,8.343099257217776
2022-03-08,4170.7001953125,^GSPC,Adj Close,8.335839213242078
2022-03-09,4277.8798828125,^GSPC,Adj Close,8.361212811364219
2022-03-10,4259.52001953125,^GSPC,Adj Close,8.356911761443971
2022-03-11,4204.31005859375,^GSPC,Adj Close,8.343865482510733
2022-03-14,4173.10986328125,^GSPC,Adj Close,8.3364168074152
2022-03-15,4262.4501953125,^GSPC,Adj Close,8.357599437139346
2022-03-16,4357.85986328125,^GSPC,Adj Close,8.379736358787738
2022-03-17,4411.669921875,^GSPC,Adj Close,8.39200856385644
2022-03-18,4463.1201171875,^GSPC,Adj Close,8.403603378268327
2022-03-21,4461.18017578125,^GSPC,Adj Close,8.403168623414025
2022-03-22,4511.60986328125,^GSPC,Adj Close,8.4144093229681
2022-03-23,4456.240234375,^GSPC,Adj Close,8.402060692715605
2022-03-24,4520.16015625,^GSPC,Adj Close,8.416302704997223
2022-03-25,4543.06005859375,^GSPC,Adj Close,8.42135608570146
2022-03-28,4575.52001953125,^GSPC,Adj Close,8.428475636721503
2022-03-29,4631.60009765625,^GSPC,Adj Close,8.440657680822895
2022-03-30,4602.4501953125,^GSPC,Adj Close,8.434344091823805
2022-03-31,4530.41015625,^GSPC,Adj Close,8.418567756596923
2022-04-01,4545.85986328125,^GSPC,Adj Close,8.421972177558386
2022-04-04,4582.64013671875,^GSPC,Adj Close,8.43003056009052
2022-04-05,4525.1201171875,^GSPC,Adj Close,8.417399401016514
2022-04-06,4481.14990234375,^GSPC,Adj Close,8.407634967104036
2022-04-07,4500.2099609375,^GSPC,Adj Close,8.411879332656072
2022-04-08,4488.27978515625,^GSPC,Adj Close,8.40922478598052
2022-04-11,4412.52978515625,^GSPC,Adj Close,8.392203451395824
2022-04-12,4397.4501953125,^GSPC,Adj Close,8.38878015086537
2022-04-13,4446.58984375,^GSPC,Adj Close,8.399892754134273
2022-04-14,4392.58984375,^GSPC,Adj Close,8.387674273750765
2022-04-18,4391.68994140625,^GSPC,Adj Close,8.387469384478358
2022-04-19,4462.2099609375,^GSPC,Adj Close,8.403399429227745
2022-04-20,4459.4501953125,^GSPC,Adj Close,8.402780762821562
2022-04-21,4393.66015625,^GSPC,Adj Close,8.387917907270252
2022-04-22,4271.77978515625,^GSPC,Adj Close,8.359785830892884
2022-04-25,4296.1201171875,^GSPC,Adj Close,8.365467596036996
2022-04-26,4175.2001953125,^GSPC,Adj Close,8.336917587108399
2022-04-27,4183.9599609375,^GSPC,Adj Close,8.339013436133364
2022-04-28,4287.5,^GSPC,Adj Close,8.363459091474196
2022-04-29,4131.93017578125,^GSPC,Adj Close,8.3264999316895
2022-05-02,4155.3798828125,^GSPC,Adj Close,8.33215913098332
2022-05-03,4175.47998046875,^GSPC,Adj Close,8.336984596058679
2022-05-04,4300.169921875,^GSPC,Adj Close,8.366409817616006
2022-05-05,4146.8701171875,^GSPC,Adj Close,8.330109140051906
2022-05-06,4123.33984375,^GSPC,Adj Close,8.324418755637954
2022-05-09,3991.239990234375,^GSPC,Adj Close,8.29185723609835
2022-05-10,4001.050048828125,^GSPC,Adj Close,8.294312117858759
2022-05-11,3935.179931640625,^GSPC,Adj Close,8.277711885763061
2022-05-12,3930.080078125,^GSPC,Adj Close,8.276415080768949
2022-05-13,4023.889892578125,^GSPC,Adj Close,8.300004348725817
2022-05-16,4008.010009765625,^GSPC,Adj Close,8.296050140208095
2022-05-17,4088.85009765625,^GSPC,Adj Close,8.316019059789557
2022-05-18,3923.679931640625,^GSPC,Adj Close,8.27478525049831
2022-05-19,3900.7900390625,^GSPC,Adj Close,8.26893438572096
2022-05-20,3901.360107421875,^GSPC,Adj Close,8.269080516812952
2022-05-23,3973.75,^GSPC,Adj Close,8.287465512225012
2022-05-24,3941.47998046875,^GSPC,Adj Close,8.279311561321455
2022-05-25,3978.72998046875,^GSPC,Adj Close,8.288717946970387
2022-05-26,4057.840087890625,^GSPC,Adj Close,8.308406112978107
2022-05-27,4158.240234375,^GSPC,Adj Close,8.332847243173928
2022-05-31,4132.14990234375,^GSPC,Adj Close,8.326553107980262
2022-06-01,4101.22998046875,^GSPC,Adj Close,8.319042202939107
2022-06-02,4176.81982421875,^GSPC,Adj Close,8.337305428354652
2022-06-03,4108.5400390625,^GSPC,Adj Close,8.320823022744834
2022-06-06,4121.43017578125,^GSPC,Adj Close,8.323955512151871
2022-06-07,4160.68017578125,^GSPC,Adj Close,8.33343384368359
2022-06-08,4115.77001953125,^GSPC,Adj Close,8.322581220643436
2022-06-09,4017.820068359375,^GSPC,Adj Close,8.29849476297828
2022-06-10,3900.860107421875,^GSPC,Adj Close,8.26895234816687
2022-06-13,3749.6298828125,^GSPC,Adj Close,8.22941241617683
2022-06-14,3735.47998046875,^GSPC,Adj Close,8.22563159813734
2022-06-15,3789.989990234375,^GSPC,Adj Close,8.240118656973875
2022-06-16,3666.77001953125,^GSPC,Adj Close,8.207066449860035
2022-06-17,3674.840087890625,^GSPC,Adj Close,8.209264897201047
2022-06-21,3764.7900390625,^GSPC,Adj Close,8.23344737216172
2022-06-22,3759.889892578125,^GSPC,Adj Close,8.232144952066362
2022-06-23,3795.72998046875,^GSPC,Adj Close,8.241632024551919
2022-06-24,3911.739990234375,^GSPC,Adj Close,8.27173756428182
2022-06-27,3900.110107421875,^GSPC,Adj Close,8.26876006439148
2022-06-28,3821.550048828125,^GSPC,Adj Close,8.248411391241984
2022-06-29,3818.830078125,^GSPC,Adj Close,8.247699392421811
2022-06-30,3785.3798828125,^GSPC,Adj Close,8.238901526175443
2022-07-01,3825.330078125,^GSPC,Adj Close,8.249400037472084
2022-07-05,3831.389892578125,^GSPC,Adj Close,8.250982912578277
2022-07-06,3845.080078125,^GSPC,Adj Close,8.254549708283342
2022-07-07,3902.6201171875,^GSPC,Adj Close,8.269403431464273
2022-07-08,3899.3798828125,^GSPC,Adj Close,8.268572815068145
2022-07-11,3854.429931640625,^GSPC,Adj Close,8.25697839740762
2022-07-12,3818.800048828125,^GSPC,Adj Close,8.247691528910126
2022-07-13,3801.780029296875,^GSPC,Adj Close,8.24322466479831
2022-07-14,3790.3798828125,^GSPC,Adj Close,8.240221525985545
2022-07-15,3863.159912109375,^GSPC,Adj Close,8.259240757644179
2022-07-18,3830.85009765625,^GSPC,Adj Close,8.250842015158343
2022-07-19,3936.68994140625,^GSPC,Adj Close,8.278095532802073
2022-07-20,3959.89990234375,^GSPC,Adj Close,8.283974026743131
2022-07-21,3998.949951171875,^GSPC,Adj Close,8.293787093432636
2022-07-22,3961.6298828125,^GSPC,Adj Close,8.284410806138823
2022-07-25,3966.840087890625,^GSPC,Adj Close,8.285725109112128
2022-07-26,3921.050048828125,^GSPC,Adj Close,8.274114766512865
2022-07-27,4023.610107421875,^GSPC,Adj Close,8.299934815291493
2022-07-28,4072.429931640625,^GSPC,Adj Close,8.311995135083405
2022-07-29,4130.2900390625,^GSPC,Adj Close,8.32610291086516
2022-08-01,4118.6298828125,^GSPC,Adj Close,8.323275834320244
2022-08-02,4091.18994140625,^GSPC,Adj Close,8.316591145941372
2022-08-03,4155.169921875,^GSPC,Adj Close,8.332108602211463
2022-08-04,4151.93994140625,^GSPC,Adj Close,8.331330959761878
2022-08-05,4145.18994140625,^GSPC,Adj Close,8.32970389074296
2022-08-08,4140.06005859375,^GSPC,Adj Close,8.32846557362084
2022-08-09,4122.47021484375,^GSPC,Adj Close,8.324207829384912
2022-08-10,4210.240234375,^GSPC,Adj Close,8.34527498784532
2022-08-11,4207.27001953125,^GSPC,Adj Close,8.344569264923118
2022-08-12,4280.14990234375,^GSPC,Adj Close,8.36174331187461
2022-08-15,4297.14013671875,^GSPC,Adj Close,8.365704995930844
2022-08-16,4305.2001953125,^GSPC,Adj Close,8.367578918756791
2022-08-17,4274.0400390625,^GSPC,Adj Close,8.360314803889144
2022-08-18,4283.740234375,^GSPC,Adj Close,8.36258179349553
2022-08-19,4228.47998046875,^GSPC,Adj Close,8.34959786478249
2022-08-22,4137.990234375,^GSPC,Adj Close,8.327965498315995
2022-08-23,4128.72998046875,^GSPC,Adj Close,8.325725127881558
2022-08-24,4140.77001953125,^GSPC,Adj Close,8.328637044580281
2022-08-25,4199.1201171875,^GSPC,Adj Close,8.342630286416389
2022-08-26,4057.659912109375,^GSPC,Adj Close,8.30836171009935
2022-08-29,4030.610107421875,^GSPC,Adj Close,8.301673034902024
2022-08-30,3986.159912109375,^GSPC,Adj Close,8.290583618409908
2022-08-31,3955.0,^GSPC,Adj Close,8.282735880201754
2022-09-01,3966.85009765625,^GSPC,Adj Close,8.28572763246895
2022-09-02,3924.260009765625,^GSPC,Adj Close,8.274933079898226
2022-09-06,3908.18994140625,^GSPC,Adj Close,8.27082961520733
2022-09-07,3979.8701171875,^GSPC,Adj Close,8.2890044638735
2022-09-08,4006.179931640625,^GSPC,Adj Close,8.295593430753941
2022-09-09,4067.360107421875,^GSPC,Adj Close,8.310749445735153
2022-09-12,4110.41015625,^GSPC,Adj Close,8.32127809721915
2022-09-13,3932.68994140625,^GSPC,Adj Close,8.277078934187175
2022-09-14,3946.010009765625,^GSPC,Adj Close,8.28046022326602
2022-09-15,3901.35009765625,^GSPC,Adj Close,8.26907795109787
2022-09-16,3873.330078125,^GSPC,Adj Close,8.261869901322207
2022-09-19,3899.889892578125,^GSPC,Adj Close,8.268703599046912
2022-09-20,3855.929931640625,^GSPC,Adj Close,8.257367484310313
2022-09-21,3789.929931640625,^GSPC,Adj Close,8.240102810211805
2022-09-22,3757.989990234375,^GSPC,Adj Close,8.231639516381351
2022-09-23,3693.22998046875,^GSPC,Adj Close,8.214256687614022
2022-09-26,3655.0400390625,^GSPC,Adj Close,8.20386232672374
2022-09-27,3647.2900390625,^GSPC,Adj Close,8.201739715768916
2022-09-28,3719.0400390625,^GSPC,Adj Close,8.22122085995007
2022-09-29,3640.469970703125,^GSPC,Adj Close,8.19986806512697
2022-09-30,3585.6201171875,^GSPC,Adj Close,8.184686713580762
2022-10-03,3678.429931640625,^GSPC,Adj Close,8.210241291111691
2022-10-04,3790.929931640625,^GSPC,Adj Close,8.240366632528492
2022-10-05,3783.280029296875,^GSPC,Adj Close,8.238346644969553
2022-10-06,3744.52001953125,^GSPC,Adj Close,8.228048722058158
2022-10-07,3639.659912109375,^GSPC,Adj Close,8.19964552552668
2022-10-10,3612.389892578125,^GSPC,Adj Close,8.192124852393027
2022-10-11,3588.840087890625,^GSPC,Adj Close,8.185584333980703
2022-10-12,3577.030029296875,^GSPC,Adj Close,8.182288134330538
2022-10-13,3669.909912109375,^GSPC,Adj Close,8.207922393638169
2022-10-14,3583.070068359375,^GSPC,Adj Close,8.18397527289364
2022-10-17,3677.949951171875,^GSPC,Adj Close,8.210110797451202
2022-10-18,3719.97998046875,^GSPC,Adj Close,8.22147356565829
2022-10-19,3695.159912109375,^GSPC,Adj Close,8.214779110418604
2022-10-20,3665.780029296875,^GSPC,Adj Close,8.206796423679839
2022-10-21,3752.75,^GSPC,Adj Close,8.230244183540286
2022-10-24,3797.340087890625,^GSPC,Adj Close,8.242056123745398
2022-10-25,3859.110107421875,^GSPC,Adj Close,8.258191893761271
2022-10-26,3830.60009765625,^GSPC,Adj Close,8.250776753362283
2022-10-27,3807.300048828125,^GSPC,Adj Close,8.244675568309098
2022-10-28,3901.06005859375,^GSPC,Adj Close,8.269003605079954
2022-10-31,3871.97998046875,^GSPC,Adj Close,8.261521278049617
2022-11-01,3856.10009765625,^GSPC,Adj Close,8.257411614329259
2022-11-02,3759.68994140625,^GSPC,Adj Close,8.232091770591776
2022-11-03,3719.889892578125,^GSPC,Adj Close,8.221449348059819
2022-11-04,3770.550048828125,^GSPC,Adj Close,8.234976171345382
2022-11-07,3806.800048828125,^GSPC,Adj Close,8.244544233024742
2022-11-08,3828.110107421875,^GSPC,Adj Close,8.250126515853502
2022-11-09,3748.570068359375,^GSPC,Adj Close,8.2291297311412
2022-11-10,3956.3701171875,^GSPC,Adj Close,8.283082246805996
2022-11-11,3992.929931640625,^GSPC,Adj Close,8.292280559110766
2022-11-14,3957.25,^GSPC,Adj Close,8.283304618565849
2022-11-15,3991.72998046875,^GSPC,Adj Close,8.291979994980517
2022-11-16,3958.7900390625,^GSPC,Adj Close,8.283693711868644
2022-11-17,3946.56005859375,^GSPC,Adj Close,8.280599607224413
2022-11-18,3965.340087890625,^GSPC,Adj Close,8.285346902872572
2022-11-21,3949.93994140625,^GSPC,Adj Close,8.281455653072296
2022-11-22,4003.580078125,^GSPC,Adj Close,8.294944259342126
2022-11-23,4027.260009765625,^GSPC,Adj Close,8.300841525383863
2022-11-25,4026.1201171875,^GSPC,Adj Close,8.30055844112166
2022-11-28,3963.93994140625,^GSPC,Adj Close,8.284993744327595
2022-11-29,3957.6298828125,^GSPC,Adj Close,8.283400610625971
2022-11-30,4080.110107421875,^GSPC,Adj Close,8.313879254147267
2022-12-01,4076.570068359375,^GSPC,Adj Close,8.31301124431766
2022-12-02,4071.699951171875,^GSPC,Adj Close,8.311815869653898
2022-12-05,3998.840087890625,^GSPC,Adj Close,8.293759620022927
2022-12-06,3941.260009765625,^GSPC,Adj Close,8.27925575059994
2022-12-07,3933.919921875,^GSPC,Adj Close,8.277391643346558
2022-12-08,3963.510009765625,^GSPC,Adj Close,8.284885277760491
2022-12-09,3934.3798828125,^GSPC,Adj Close,8.27750855829628
2022-12-12,3990.56005859375,^GSPC,Adj Close,8.29168686559593
2022-12-13,4019.64990234375,^GSPC,Adj Close,8.298950088851386
2022-12-14,3995.320068359375,^GSPC,Adj Close,8.29287897222755
2022-12-15,3895.75,^GSPC,Adj Close,8.267641494325725
2022-12-16,3852.360107421875,^GSPC,Adj Close,8.256441254379713
2022-12-19,3817.659912109375,^GSPC,Adj Close,8.247392925438609
2022-12-20,3821.6201171875,^GSPC,Adj Close,8.248429726136498
2022-12-21,3878.43994140625,^GSPC,Adj Close,8.263188274805554
2022-12-22,3822.389892578125,^GSPC,Adj Close,8.248631132307407
2022-12-23,3844.820068359375,^GSPC,Adj Close,8.254482084579323
2022-12-27,3829.25,^GSPC,Adj Close,8.250424240544664
2022-12-28,3783.219970703125,^GSPC,Adj Close,8.238330770101715
2022-12-29,3849.280029296875,^GSPC,Adj Close,8.255641404416709
2022-12-30,3839.5,^GSPC,Adj Close,8.253097428770598
2023-01-03,3824.139892578125,^GSPC,Adj Close,8.249088856289324
2023-01-04,3852.969970703125,^GSPC,Adj Close,8.256599550851464
2023-01-05,3808.10009765625,^GSPC,Adj Close,8.244885681715006
2023-01-06,3895.080078125,^GSPC,Adj Close,8.267469517304038
2023-01-09,3892.090087890625,^GSPC,Adj Close,8.266701589978046
2023-01-10,3919.25,^GSPC,Adj Close,8.27365558794864
2023-01-11,3969.610107421875,^GSPC,Adj Close,8.286423159140934
2023-01-12,3983.169921875,^GSPC,Adj Close,8.289833244052977
2023-01-13,3999.090087890625,^GSPC,Adj Close,8.293822136197633
2023-01-17,3990.969970703125,^GSPC,Adj Close,8.291789580766636
2023-01-18,3928.860107421875,^GSPC,Adj Close,8.276104613788892
2023-01-19,3898.85009765625,^GSPC,Adj Close,8.26843694188708
2023-01-20,3972.610107421875,^GSPC,Adj Close,8.287178615439432
2023-01-23,4019.81005859375,^GSPC,Adj Close,8.29898993139076
2023-01-24,4016.949951171875,^GSPC,Adj Close,8.298278175026468
2023-01-25,4016.219970703125,^GSPC,Adj Close,8.298096433453003
2023-01-26,4060.429931640625,^GSPC,Adj Close,8.309044141482117
2023-01-27,4070.56005859375,^GSPC,Adj Close,8.311535875503822
2023-01-30,4017.77001953125,^GSPC,Adj Close,8.298482306188529
2023-01-31,4076.60009765625,^GSPC,Adj Close,8.313018610604948
2023-02-01,4119.2099609375,^GSPC,Adj Close,8.323416666901833
2023-02-02,4179.759765625,^GSPC,Adj Close,8.338009051528687
2023-02-03,4136.47998046875,^GSPC,Adj Close,8.327600458891402
2023-02-06,4111.080078125,^GSPC,Adj Close,8.321441065697462
2023-02-07,4164.0,^GSPC,Adj Close,8.33423142973486
2023-02-08,4117.85986328125,^GSPC,Adj Close,8.323088856722448
2023-02-09,4081.5,^GSPC,Adj Close,8.31421984689141
2023-02-10,4090.4599609375,^GSPC,Adj Close,8.316412702600628
2023-02-13,4137.2900390625,^GSPC,Adj Close,8.327796272551783
2023-02-14,4136.1298828125,^GSPC,Adj Close,8.32751581869629
2023-02-15,4147.60009765625,^GSPC,Adj Close,8.330285156229365
2023-02-16,4090.409912109375,^GSPC,Adj Close,8.316400467024485
2023-02-17,4079.090087890625,^GSPC,Adj Close,8.313629224852201
2023-02-21,3997.340087890625,^GSPC,Adj Close,8.29338444087873
2023-02-22,3991.050048828125,^GSPC,Adj Close,8.291809645393087
2023-02-23,4012.320068359375,^GSPC,Adj Close,8.297124923656325
2023-02-24,3970.0400390625,^GSPC,Adj Close,8.28653145903655
2023-02-27,3982.239990234375,^GSPC,Adj Close,8.289599751576102
2023-02-28,3970.14990234375,^GSPC,Adj Close,8.286559131745154
2023-03-01,3951.389892578125,^GSPC,Adj Close,8.281822667541661
2023-03-02,3981.35009765625,^GSPC,Adj Close,8.289376261272858
2023-03-03,4045.639892578125,^GSPC,Adj Close,8.305395010449342
2023-03-06,4048.419921875,^GSPC,Adj Close,8.30608194122819
2023-03-07,3986.3701171875,^GSPC,Adj Close,8.290636350748926
2023-03-08,3992.010009765625,^GSPC,Adj Close,8.292050144884529
2023-03-09,3918.320068359375,^GSPC,Adj Close,8.273418286939048
2023-03-10,3861.590087890625,^GSPC,Adj Close,8.25883431750298
2023-03-13,3855.760009765625,^GSPC,Adj Close,8.257323415662242
2023-03-14,3919.2900390625,^GSPC,Adj Close,8.273665803897606
2023-03-15,3891.929931640625,^GSPC,Adj Close,8.266660439968252
2023-03-16,3960.280029296875,^GSPC,Adj Close,8.284070016217283
2023-03-17,3916.639892578125,^GSPC,Adj Close,8.27298939494333
2023-03-20,3951.570068359375,^GSPC,Adj Close,8.281868264579272
2023-03-21,4002.8701171875,^GSPC,Adj Close,8.29476691209783
2023-03-22,3936.969970703125,^GSPC,Adj Close,8.278166663457988
2023-03-23,3948.719970703125,^GSPC,Adj Close,8.28114674732717
2023-03-24,3970.989990234375,^GSPC,Adj Close,8.286770710411473
2023-03-27,3977.530029296875,^GSPC,Adj Close,8.28841630997524
2023-03-28,3971.27001953125,^GSPC,Adj Close,8.286841226686851
2023-03-29,4027.81005859375,^GSPC,Adj Close,8.300978097461899
2023-03-30,4050.830078125,^GSPC,Adj Close,8.306677096661382
2023-03-31,4109.31005859375,^GSPC,Adj Close,8.321010424443418
2023-04-03,4124.509765625,^GSPC,Adj Close,8.324702447009221
2023-04-04,4100.60009765625,^GSPC,Adj Close,8.318888607264059
2023-04-05,4090.3798828125,^GSPC,Adj Close,8.316393125606938
2023-04-06,4105.02001953125,^GSPC,Adj Close,8.31996589873974
2023-04-10,4109.10986328125,^GSPC,Adj Close,8.32096170575675
2023-04-11,4108.93994140625,^GSPC,Adj Close,8.320920352423768
2023-04-12,4091.949951171875,^GSPC,Adj Close,8.316776896100306
2023-04-13,4146.22021484375,^GSPC,Adj Close,8.329952406598137
2023-04-14,4137.64013671875,^GSPC,Adj Close,8.327880889013558
2023-04-17,4151.31982421875,^GSPC,Adj Close,8.331181592596174
2023-04-18,4154.8701171875,^GSPC,Adj Close,8.33203644739964
2023-04-19,4154.52001953125,^GSPC,Adj Close,8.3319521818517
2023-04-20,4129.7900390625,^GSPC,Adj Close,8.325981846663389
2023-04-21,4133.52001953125,^GSPC,Adj Close,8.32688462792069
2023-04-24,4137.0400390625,^GSPC,Adj Close,8.327735844698962
2023-04-25,4071.6298828125,^GSPC,Adj Close,8.311798660880385
2023-04-26,4055.989990234375,^GSPC,Adj Close,8.30795007737704
2023-04-27,4135.35009765625,^GSPC,Adj Close,8.327327270779737
2023-04-28,4169.47998046875,^GSPC,Adj Close,8.33554660209298
2023-05-01,4167.8701171875,^GSPC,Adj Close,8.33516042104447
2023-05-02,4119.580078125,^GSPC,Adj Close,8.323506514363897
2023-05-03,4090.75,^GSPC,Adj Close,8.316483606309005
2023-05-04,4061.219970703125,^GSPC,Adj Close,8.309238692853942
2023-05-05,4136.25,^GSPC,Adj Close,8.327544859235822
2023-05-08,4138.1201171875,^GSPC,Adj Close,8.327996885720705
2023-05-09,4119.169921875,^GSPC,Adj Close,8.323406946771644
2023-05-10,4137.64013671875,^GSPC,Adj Close,8.327880889013558
2023-05-11,4130.6201171875,^GSPC,Adj Close,8.326182824123853
2023-05-12,4124.080078125,^GSPC,Adj Close,8.324598262534414
2023-05-15,4136.27978515625,^GSPC,Adj Close,8.32755206021473
2023-05-16,4109.89990234375,^GSPC,Adj Close,8.321153952532812
2023-05-17,4158.77001953125,^GSPC,Adj Close,8.332974641154884
2023-05-18,4198.0498046875,^GSPC,Adj Close,8.342375364218611
2023-05-19,4191.97998046875,^GSPC,Adj Close,8.340928450337936
2023-05-22,4192.6298828125,^GSPC,Adj Close,8.341083473017738
2023-05-23,4145.580078125,^GSPC,Adj Close,8.329798004249454
2023-05-24,4115.240234375,^GSPC,Adj Close,8.322452491571148
2023-05-25,4151.27978515625,^GSPC,Adj Close,8.33117194765016
2023-05-26,4205.4501953125,^GSPC,Adj Close,8.3441366285818
2023-05-30,4205.52001953125,^GSPC,Adj Close,8.344153231712466
2023-05-31,4179.830078125,^GSPC,Adj Close,8.338025873526252
2023-06-01,4221.02001953125,^GSPC,Adj Close,8.347832088612106
2023-06-02,4282.3701171875,^GSPC,Adj Close,8.362261901002213
2023-06-05,4273.7900390625,^GSPC,Adj Close,8.360256309511556
2023-06-06,4283.85009765625,^GSPC,Adj Close,8.362607439745407
2023-06-07,4267.52001953125,^GSPC,Adj Close,8.358788145818986
2023-06-08,4293.93017578125,^GSPC,Adj Close,8.36495771742651
2023-06-09,4298.85986328125,^GSPC,Adj Close,8.36610511844956
2023-06-12,4338.93017578125,^GSPC,Adj Close,8.375383093431315
2023-06-13,4369.009765625,^GSPC,Adj Close,8.382291664157224
2023-06-14,4372.58984375,^GSPC,Adj Close,8.38311075413735
2023-06-15,4425.83984375,^GSPC,Adj Close,8.39521533463094
2023-06-16,4409.58984375,^GSPC,Adj Close,8.391536958163188
2023-06-20,4388.7099609375,^GSPC,Adj Close,8.386790604327953
2023-06-21,4365.68994140625,^GSPC,Adj Close,8.381531517961028
2023-06-22,4381.89013671875,^GSPC,Adj Close,8.385235448348363
2023-06-23,4348.330078125,^GSPC,Adj Close,8.37754716029186
2023-06-26,4328.81982421875,^GSPC,Adj Close,8.373050225928727
2023-06-27,4378.41015625,^GSPC,Adj Close,8.38444095945291
2023-06-28,4376.85986328125,^GSPC,Adj Close,8.38408682006452
2023-06-29,4396.43994140625,^GSPC,Adj Close,8.38855038817901
2023-06-30,4450.3798828125,^GSPC,Adj Close,8.400744738440896
2023-07-03,4455.58984375,^GSPC,Adj Close,8.401914731533568
2023-07-05,4446.81982421875,^GSPC,Adj Close,8.399944473435955
2023-07-06,4411.58984375,^GSPC,Adj Close,8.39199041226006
2023-07-07,4398.9501953125,^GSPC,Adj Close,8.389121199464327
2023-07-10,4409.52978515625,^GSPC,Adj Close,8.391523338074954
2023-07-11,4439.259765625,^GSPC,Adj Close,8.398242922073209
2023-07-12,4472.16015625,^GSPC,Adj Close,8.405626827308598
2023-07-13,4510.0400390625,^GSPC,Adj Close,8.414061310298225
2023-07-14,4505.419921875,^GSPC,Adj Close,8.413036378101317
2023-07-17,4522.7900390625,^GSPC,Adj Close,8.416884347675738
2023-07-18,4554.97998046875,^GSPC,Adj Close,8.423976414617167
2023-07-19,4565.72021484375,^GSPC,Adj Close,8.4263315494444
2023-07-20,4534.8701171875,^GSPC,Adj Close,8.419551722048142
2023-07-21,4536.33984375,^GSPC,Adj Close,8.419875764062756
2023-07-24,4554.64013671875,^GSPC,Adj Close,8.42390180255963
2023-07-25,4567.4599609375,^GSPC,Adj Close,8.42671252213547
2023-07-26,4566.75,^GSPC,Adj Close,8.426557071156793
2023-07-27,4537.41015625,^GSPC,Adj Close,8.420111678101597
2023-07-28,4582.22998046875,^GSPC,Adj Close,8.42994105391203
2023-07-31,4588.9599609375,^GSPC,Adj Close,8.431408689348599
2023-08-01,4576.72998046875,^GSPC,Adj Close,8.428740044040916
2023-08-02,4513.39013671875,^GSPC,Adj Close,8.41480384340258
2023-08-03,4501.89013671875,^GSPC,Adj Close,8.412252617952289
2023-08-04,4478.02978515625,^GSPC,Adj Close,8.40693844857835
2023-08-07,4518.43994140625,^GSPC,Adj Close,8.415922067543207
2023-08-08,4499.3798828125,^GSPC,Adj Close,8.411694862443149
2023-08-09,4467.7099609375,^GSPC,Adj Close,8.404631243341102
2023-08-10,4468.830078125,^GSPC,Adj Close,8.404881925862183
2023-08-11,4464.0498046875,^GSPC,Adj Close,8.403811660962955
2023-08-14,4489.72021484375,^GSPC,Adj Close,8.409545665842373
2023-08-15,4437.85986328125,^GSPC,Adj Close,8.397927526446276
2023-08-16,4404.330078125,^GSPC,Adj Close,8.390343444653652
2023-08-17,4370.35986328125,^GSPC,Adj Close,8.382600633276123
2023-08-18,4369.7099609375,^GSPC,Adj Close,8.382451915392165
2023-08-21,4399.77001953125,^GSPC,Adj Close,8.389307550251965
2023-08-22,4387.5498046875,^GSPC,Adj Close,8.38652621920542
2023-08-23,4436.009765625,^GSPC,Adj Close,8.39751054991621
2023-08-24,4376.31005859375,^GSPC,Adj Close,8.383961195932203
2023-08-25,4405.7099609375,^GSPC,Adj Close,8.3906566969925
2023-08-28,4433.31005859375,^GSPC,Adj Close,8.396901775586695
2023-08-29,4497.6298828125,^GSPC,Adj Close,8.411305844298752
2023-08-30,4514.8701171875,^GSPC,Adj Close,8.415131698479945
2023-08-31,4507.66015625,^GSPC,Adj Close,8.413533485505605
2023-09-01,4515.77001953125,^GSPC,Adj Close,8.415330998271124
2023-09-05,4496.830078125,^GSPC,Adj Close,8.411128000449741
2023-09-06,4465.47998046875,^GSPC,Adj Close,8.40413198595831
2023-09-07,4451.14013671875,^GSPC,Adj Close,8.400915552842577
2023-09-08,4457.490234375,^GSPC,Adj Close,8.402341158904834
2023-09-11,4487.4599609375,^GSPC,Adj Close,8.40904211040297
2023-09-12,4461.89990234375,^GSPC,Adj Close,8.403329941379965
2023-09-13,4467.43994140625,^GSPC,Adj Close,8.4045708034975
2023-09-14,4505.10009765625,^GSPC,Adj Close,8.412965389031166
2023-09-15,4450.31982421875,^GSPC,Adj Close,8.400731243188673
2023-09-18,4453.52978515625,^GSPC,Adj Close,8.401452270882848
2023-09-19,4443.9501953125,^GSPC,Adj Close,8.399298943521314
2023-09-20,4402.2001953125,^GSPC,Adj Close,8.389859739315023
2023-09-21,4330.0,^GSPC,Adj Close,8.373322820996535
2023-09-22,4320.06005859375,^GSPC,Adj Close,8.371024583593774
2023-09-25,4337.43994140625,^GSPC,Adj Close,8.375039577797581
2023-09-26,4273.52978515625,^GSPC,Adj Close,8.360195412315317
2023-09-27,4274.509765625,^GSPC,Adj Close,8.360424700087611
2023-09-28,4299.7001953125,^GSPC,Adj Close,8.366300577230612
2023-09-29,4288.0498046875,^GSPC,Adj Close,8.363587317582322
2023-10-02,4288.39013671875,^GSPC,Adj Close,8.363666681988475
2023-10-03,4229.4501953125,^GSPC,Adj Close,8.349827286125027
2023-10-04,4263.75,^GSPC,Adj Close,8.357904333732856
2023-10-05,4258.18994140625,^GSPC,Adj Close,8.35659945258586
2023-10-06,4308.5,^GSPC,Adj Close,8.368345094679821
2023-10-09,4335.66015625,^GSPC,Adj Close,8.37462916279921
2023-10-10,4358.240234375,^GSPC,Adj Close,8.379823638899195
2023-10-11,4376.9501953125,^GSPC,Adj Close,8.38410745839929
2023-10-12,4349.60986328125,^GSPC,Adj Close,8.377841433458634
2023-10-13,4327.77978515625,^GSPC,Adj Close,8.372809937798415
2023-10-16,4373.6298828125,^GSPC,Adj Close,8.383348580101005
2023-10-17,4373.2001953125,^GSPC,Adj Close,8.38325033022156
2023-10-18,4314.60009765625,^GSPC,Adj Close,8.36975992197041
2023-10-19,4278.0,^GSPC,Adj Close,8.361240889642351
2023-10-20,4224.16015625,^GSPC,Adj Close,8.348575740446195
2023-10-23,4217.0400390625,^GSPC,Adj Close,8.34688874838076
2023-10-24,4247.68017578125,^GSPC,Adj Close,8.35412827190039
2023-10-25,4186.77001953125,^GSPC,Adj Close,8.339684837243151
2023-10-26,4137.22998046875,^GSPC,Adj Close,8.327781756037567
2023-10-27,4117.3701171875,^GSPC,Adj Close,8.322969917458945
2023-10-30,4166.81982421875,^GSPC,Adj Close,8.334908391759232
2023-10-31,4193.7998046875,^GSPC,Adj Close,8.341362476580919
2023-11-01,4237.85986328125,^GSPC,Adj Close,8.351813671571112
2023-11-02,4317.77978515625,^GSPC,Adj Close,8.370496610505198
2023-11-03,4358.33984375,^GSPC,Adj Close,8.37984649404975
2023-11-06,4365.97998046875,^GSPC,Adj Close,8.38159795177385
2023-11-07,4378.3798828125,^GSPC,Adj Close,8.384434045175562
2023-11-08,4382.77978515625,^GSPC,Adj Close,8.385438456207982
2023-11-09,4347.35009765625,^GSPC,Adj Close,8.377321765508913
2023-11-10,4415.240234375,^GSPC,Adj Close,8.392817524779685
2023-11-13,4411.5498046875,^GSPC,Adj Close,8.391981336338315
2023-11-14,4495.7001953125,^GSPC,Adj Close,8.410876706812893
2023-11-15,4502.8798828125,^GSPC,Adj Close,8.41247244502074
2023-11-16,4508.240234375,^GSPC,Adj Close,8.413662164417453
2023-11-17,4514.02001953125,^GSPC,Adj Close,8.414943392354632
2023-11-20,4547.3798828125,^GSPC,Adj Close,8.422306496148426
2023-11-21,4538.18994140625,^GSPC,Adj Close,8.42028352021667
2023-11-22,4556.6201171875,^GSPC,Adj Close,8.424336425310983
2023-11-24,4559.33984375,^GSPC,Adj Close,8.424933120920628
2023-11-27,4550.43017578125,^GSPC,Adj Close,8.422977051603729
2023-11-28,4554.89013671875,^GSPC,Adj Close,8.42395669013178
2023-11-29,4550.580078125,^GSPC,Adj Close,8.423009993516677
2023-11-30,4567.7998046875,^GSPC,Adj Close,8.426786924781672
2023-12-01,4594.6298828125,^GSPC,Adj Close,8.432643483735518
2023-12-04,4569.77978515625,^GSPC,Adj Close,8.427220295671692
2023-12-05,4567.18017578125,^GSPC,Adj Close,8.426651264077757
2023-12-06,4549.33984375,^GSPC,Adj Close,8.422737412132813
2023-12-07,4585.58984375,^GSPC,Adj Close,8.430674022817636
2023-12-08,4604.3701171875,^GSPC,Adj Close,8.43476115696414
2023-12-11,4622.43994140625,^GSPC,Adj Close,8.43867797051192
2023-12-12,4643.7001953125,^GSPC,Adj Close,8.443266783307612
2023-12-13,4707.08984375,^GSPC,Adj Close,8.456825128482633
2023-12-14,4719.5498046875,^GSPC,Adj Close,8.459468693667787
2023-12-15,4719.18994140625,^GSPC,Adj Close,8.459392441267338
2023-12-18,4740.56005859375,^GSPC,Adj Close,8.463910563530739
2023-12-19,4768.3701171875,^GSPC,Adj Close,8.469759830981559
2023-12-20,4698.35009765625,^GSPC,Adj Close,8.454966683016252
2023-12-21,4746.75,^GSPC,Adj Close,8.465215452323525
2023-12-22,4754.6298828125,^GSPC,Adj Close,8.466874134476285
2023-12-26,4774.75,^GSPC,Adj Close,8.471096895523264
2023-12-27,4781.580078125,^GSPC,Adj Close,8.472526331139687
2023-12-28,4783.35009765625,^GSPC,Adj Close,8.472896437250014
2023-12-29,4769.830078125,^GSPC,Adj Close,8.47006596021328
2024-01-02,4742.830078125,^GSPC,Adj Close,8.464389299413558
2024-01-03,4704.81005859375,^GSPC,Adj Close,8.45634068108636
2024-01-04,4688.68017578125,^GSPC,Adj Close,8.452906409423042
2024-01-05,4697.240234375,^GSPC,Adj Close,8.454730431062476
2024-01-08,4763.5400390625,^GSPC,Adj Close,8.46874637649883
2024-01-09,4756.5,^GSPC,Adj Close,8.467267382646511
2024-01-10,4783.4501953125,^GSPC,Adj Close,8.472917363297007
2024-01-11,4780.240234375,^GSPC,Adj Close,8.472246082460046
2024-01-12,4783.830078125,^GSPC,Adj Close,8.47299677621308
2024-01-16,4765.97998046875,^GSPC,Adj Close,8.469258457160723
2024-01-17,4739.2099609375,^GSPC,Adj Close,8.463625725889615
2024-01-18,4780.93994140625,^GSPC,Adj Close,8.472392446615858
2024-01-19,4839.81005859375,^GSPC,Adj Close,8.484630754848407
2024-01-22,4850.43017578125,^GSPC,Adj Close,8.486822676035638
2024-01-23,4864.60009765625,^GSPC,Adj Close,8.489739791376403
2024-01-24,4868.5498046875,^GSPC,Adj Close,8.49055139035262
2024-01-25,4894.16015625,^GSPC,Adj Close,8.495797968487599
2024-01-26,4890.97021484375,^GSPC,Adj Close,8.495145970732173
2024-01-29,4927.93017578125,^GSPC,Adj Close,8.502674336237419
2024-01-30,4924.97021484375,^GSPC,Adj Close,8.502073505840439
2024-01-31,4845.64990234375,^GSPC,Adj Close,8.485836654099707
2024-02-01,4906.18994140625,^GSPC,Adj Close,8.498252940213757
2024-02-02,4958.60986328125,^GSPC,Adj Close,8.508880710936388
2024-02-05,4942.81005859375,^GSPC,Adj Close,8.505689286227105
2024-02-06,4954.22998046875,^GSPC,Adj Close,8.507997032158853
2024-02-07,4995.06005859375,^GSPC,Adj Close,8.516204714752861
2024-02-08,4997.91015625,^GSPC,Adj Close,8.516775135292953
2024-02-09,5026.60986328125,^GSPC,Adj Close,8.522501052421747
2024-02-12,5021.83984375,^GSPC,Adj Close,8.521551648279095
2024-02-13,4953.169921875,^GSPC,Adj Close,8.50778303885925
2024-02-14,5000.6201171875,^GSPC,Adj Close,8.517317207163467
2024-02-15,5029.72998046875,^GSPC,Adj Close,8.523121579837508
2024-02-16,5005.56982421875,^GSPC,Adj Close,8.518306536261546
2024-02-20,4975.509765625,^GSPC,Adj Close,8.512283109795728
2024-02-21,4981.7998046875,^GSPC,Adj Close,8.513546511290832
2024-02-22,5087.02978515625,^GSPC,Adj Close,8.534449399957236
2024-02-23,5088.7998046875,^GSPC,Adj Close,8.534797286983737
2024-02-26,5069.52978515625,^GSPC,Adj Close,8.53100334773907
2024-02-27,5078.18017578125,^GSPC,Adj Close,8.53270824327779
2024-02-28,5069.759765625,^GSPC,Adj Close,8.531048711956679
2024-02-29,5096.27001953125,^GSPC,Adj Close,8.536264182412477
2024-03-01,5137.080078125,^GSPC,Adj Close,8.544240118845865
2024-03-04,5130.9501953125,^GSPC,Adj Close,8.543046144270903
2024-03-05,5078.64990234375,^GSPC,Adj Close,8.532800737994984
2024-03-06,5104.759765625,^GSPC,Adj Close,8.537928670847986
2024-03-07,5157.35986328125,^GSPC,Adj Close,8.54818007313297
2024-03-08,5123.68994140625,^GSPC,Adj Close,8.54163015014092
2024-03-11,5117.93994140625,^GSPC,Adj Close,8.540507281872891
2024-03-12,5175.27001953125,^GSPC,Adj Close,8.55164679445956
2024-03-13,5165.31005859375,^GSPC,Adj Close,8.549720410457438
2024-03-14,5150.47998046875,^GSPC,Adj Close,8.546845189405943
2024-03-15,5117.08984375,^GSPC,Adj Close,8.540341166546204
2024-03-18,5149.419921875,^GSPC,Adj Close,8.546639350784686
2024-03-19,5178.509765625,^GSPC,Adj Close,8.552272603829028
2024-03-20,5224.6201171875,^GSPC,Adj Close,8.561137369345388
2024-03-21,5241.52978515625,^GSPC,Adj Close,8.564368678439918
2024-03-22,5234.18017578125,^GSPC,Adj Close,8.562965506605591
2024-03-25,5218.18994140625,^GSPC,Adj Close,8.55990586622356
2024-03-26,5203.580078125,^GSPC,Adj Close,8.557102144240753
2024-03-27,5248.490234375,^GSPC,Adj Close,8.56569573982346
2024-03-28,5254.35009765625,^GSPC,Adj Close,8.56681160252422
2024-04-01,5243.77001953125,^GSPC,Adj Close,8.564795987997263
2024-04-02,5205.81005859375,^GSPC,Adj Close,8.55753059979359
2024-04-03,5211.490234375,^GSPC,Adj Close,8.558621127316929
2024-04-04,5147.2099609375,^GSPC,Adj Close,8.546210091697667
2024-04-05,5204.33984375,^GSPC,Adj Close,8.557248141833366
2024-04-08,5202.39013671875,^GSPC,Adj Close,8.556873440643324
2024-04-09,5209.91015625,^GSPC,Adj Close,8.558317890116959
2024-04-10,5160.64013671875,^GSPC,Adj Close,8.548815908284746
2024-04-11,5199.06005859375,^GSPC,Adj Close,8.556233130268089
2024-04-12,5123.41015625,^GSPC,Adj Close,8.541575542465841
2024-04-15,5061.81982421875,^GSPC,Adj Close,8.52948134667838
2024-04-16,5051.41015625,^GSPC,Adj Close,8.527422722150877
2024-04-17,5022.2099609375,^GSPC,Adj Close,8.521625347074872
2024-04-18,5011.1201171875,^GSPC,Adj Close,8.519414745374387
2024-04-19,4967.22998046875,^GSPC,Adj Close,8.510617615720331
2024-04-22,5010.60009765625,^GSPC,Adj Close,8.51931096687717
2024-04-23,5070.5498046875,^GSPC,Adj Close,8.531204533444892
2024-04-24,5071.6298828125,^GSPC,Adj Close,8.531417520822824
2024-04-25,5048.419921875,^GSPC,Adj Close,8.526830586552705
2024-04-26,5099.9599609375,^GSPC,Adj Close,8.53698796788503
2024-04-29,5116.169921875,^GSPC,Adj Close,8.54016137596167
2024-04-30,5035.68994140625,^GSPC,Adj Close,8.524305824842742
2024-05-01,5018.39013671875,^GSPC,Adj Close,8.520864471357111
2024-05-02,5064.2001953125,^GSPC,Adj Close,8.529951496082194
2024-05-03,5127.7900390625,^GSPC,Adj Close,8.542430053741704
2024-05-06,5180.740234375,^GSPC,Adj Close,8.552703227432952
2024-05-07,5187.7001953125,^GSPC,Adj Close,8.554045755661777
2024-05-08,5187.669921875,^GSPC,Adj Close,8.554039920026582
2024-05-09,5214.080078125,^GSPC,Adj Close,8.55911795266569
2024-05-10,5222.68017578125,^GSPC,Adj Close,8.560765992745857
2024-05-13,5221.419921875,^GSPC,Adj Close,8.56052465957199
2024-05-14,5246.68017578125,^GSPC,Adj Close,8.565350808099446
2024-05-15,5308.14990234375,^GSPC,Adj Close,8.576998635886746
2024-05-16,5297.10009765625,^GSPC,Adj Close,8.574914798412657
2024-05-17,5303.27001953125,^GSPC,Adj Close,8.57607889410055
2024-05-20,5308.1298828125,^GSPC,Adj Close,8.576994864409041
2024-05-21,5321.41015625,^GSPC,Adj Close,8.579493614175934
2024-05-22,5307.009765625,^GSPC,Adj Close,8.576783822966583
2024-05-23,5267.83984375,^GSPC,Adj Close,8.56937566068311
2024-05-24,5304.72021484375,^GSPC,Adj Close,8.576352309759784
2024-05-28,5306.0400390625,^GSPC,Adj Close,8.57660108066667
2024-05-29,5266.9501953125,^GSPC,Adj Close,8.569206763450927
2024-05-30,5235.47998046875,^GSPC,Adj Close,8.563213805915174
2024-05-31,5277.509765625,^GSPC,Adj Close,8.571209630147102
2024-06-03,5283.39990234375,^GSPC,Adj Close,8.572325090370637
2024-06-04,5291.33984375,^GSPC,Adj Close,8.57382677137442
2024-06-05,5354.02978515625,^GSPC,Adj Close,8.585604787224376
2024-06-06,5352.9599609375,^GSPC,Adj Close,8.58540495062274
2024-06-07,5346.990234375,^GSPC,Adj Close,8.584289108572461
2024-06-10,5360.7900390625,^GSPC,Adj Close,8.586866638550703
2024-06-11,5375.31982421875,^GSPC,Adj Close,8.589573353405912
2024-06-12,5421.02978515625,^GSPC,Adj Close,8.5980410736478
2024-06-13,5433.740234375,^GSPC,Adj Close,8.600382985084916
2024-06-14,5431.60009765625,^GSPC,Adj Close,8.599989046803918
2024-06-17,5473.22998046875,^GSPC,Adj Close,8.607624211176239
2024-06-18,5487.02978515625,^GSPC,Adj Close,8.610142365357756
2024-06-20,5473.169921875,^GSPC,Adj Close,8.607613237962344
2024-06-21,5464.6201171875,^GSPC,Adj Close,8.60604988624352
2024-06-24,5447.8701171875,^GSPC,Adj Close,8.602980007087652
2024-06-25,5469.2998046875,^GSPC,Adj Close,8.606905880766835
2024-06-26,5477.89990234375,^GSPC,Adj Close,8.608477076991555
2024-06-27,5482.8701171875,^GSPC,Adj Close,8.609383986848353
2024-06-28,5460.47998046875,^GSPC,Adj Close,8.605291973385985
2024-07-01,5475.08984375,^GSPC,Adj Close,8.607963964367414
2024-07-02,5509.009765625,^GSPC,Adj Close,8.6141401701386
2024-07-03,5537.02001953125,^GSPC,Adj Close,8.619211732408132
2024-07-05,5567.18994140625,^GSPC,Adj Close,8.624645706769101
2024-07-08,5572.85009765625,^GSPC,Adj Close,8.625661889245507
2024-07-09,5576.97998046875,^GSPC,Adj Close,8.626402686723571
2024-07-10,5633.91015625,^GSPC,Adj Close,8.636559001601677
2024-07-11,5584.5400390625,^GSPC,Adj Close,8.627757351632411
2024-07-12,5615.35009765625,^GSPC,Adj Close,8.633259215657375
2024-07-15,5631.22021484375,^GSPC,Adj Close,8.63608143208073
2024-07-16,5667.2001953125,^GSPC,Adj Close,8.642450482052181
2024-07-17,5588.27001953125,^GSPC,Adj Close,8.628425040528537
2024-07-18,5544.58984375,^GSPC,Adj Close,8.620577928383186
2024-07-19,5505.0,^GSPC,Adj Close,8.61341204915678
2024-07-22,5564.41015625,^GSPC,Adj Close,8.624146266403
2024-07-23,5555.740234375,^GSPC,Adj Close,8.622586948709055
2024-07-24,5427.1298828125,^GSPC,Adj Close,8.599165706486161
2024-07-25,5399.22021484375,^GSPC,Adj Close,8.594009817466445
2024-07-26,5459.10009765625,^GSPC,Adj Close,8.605039237876015
2024-07-29,5463.5400390625,^GSPC,Adj Close,8.605852217447843
2024-07-30,5436.43994140625,^GSPC,Adj Close,8.600879703086477
2024-07-31,5522.2998046875,^GSPC,Adj Close,8.616549683788394
2024-08-01,5446.68017578125,^GSPC,Adj Close,8.602761559996404
2024-08-02,5346.56005859375,^GSPC,Adj Close,8.58420865338785
2024-08-05,5186.330078125,^GSPC,Adj Close,8.553781611995458
2024-08-06,5240.02978515625,^GSPC,Adj Close,8.564082461489058
2024-08-07,5199.5,^GSPC,Adj Close,8.556317746100287
2024-08-08,5319.31005859375,^GSPC,Adj Close,8.579098885691186
2024-08-09,5344.16015625,^GSPC,Adj Close,8.583759684125567
2024-08-12,5344.39013671875,^GSPC,Adj Close,8.583802717177289
2024-08-13,5434.43017578125,^GSPC,Adj Close,8.600509950596338
2024-08-14,5455.2099609375,^GSPC,Adj Close,8.604326387157537
2024-08-15,5543.22021484375,^GSPC,Adj Close,8.620330877088842
2024-08-16,5554.25,^GSPC,Adj Close,8.622318679457237
2024-08-19,5608.25,^GSPC,Adj Close,8.631994006893414
2024-08-20,5597.1201171875,^GSPC,Adj Close,8.630007479655806
2024-08-21,5620.85009765625,^GSPC,Adj Close,8.634238194376811
2024-08-22,5570.64013671875,^GSPC,Adj Close,8.625265252120155
2024-08-23,5634.60986328125,^GSPC,Adj Close,8.636683189521818
2024-08-26,5616.83984375,^GSPC,Adj Close,8.633524479352213
2024-08-27,5625.7998046875,^GSPC,Adj Close,8.635118404464937
2024-08-28,5592.18017578125,^GSPC,Adj Close,8.629124503670202
2024-08-29,5591.9599609375,^GSPC,Adj Close,8.629085123826764
2024-08-30,5648.39990234375,^GSPC,Adj Close,8.639127580905908
2024-09-03,5528.93017578125,^GSPC,Adj Close,8.61774961753351
2024-09-04,5520.06982421875,^GSPC,Adj Close,8.61614578850613
2024-09-05,5503.41015625,^GSPC,Adj Close,8.613123207491455
2024-09-06,5408.419921875,^GSPC,Adj Close,8.595712262984032
2024-09-09,5471.0498046875,^GSPC,Adj Close,8.607225797419849
2024-09-10,5495.52001953125,^GSPC,Adj Close,8.611688497397644
2024-09-11,5554.1298828125,^GSPC,Adj Close,8.622297053047486
2024-09-12,5595.759765625,^GSPC,Adj Close,8.62976440520429
2024-09-13,5626.02001953125,^GSPC,Adj Close,8.635157547438645
2024-09-16,5633.08984375,^GSPC,Adj Close,8.636413388305956
2024-09-17,5634.580078125,^GSPC,Adj Close,8.636677903399852
2024-09-18,5618.259765625,^GSPC,Adj Close,8.633777244691538
2024-09-19,5713.64013671875,^GSPC,Adj Close,8.650611601584265
2024-09-20,5702.5498046875,^GSPC,Adj Close,8.648668687954249
2024-09-23,5718.56982421875,^GSPC,Adj Close,8.651474022379961
2024-09-24,5732.93017578125,^GSPC,Adj Close,8.653982053483308
2024-09-25,5722.259765625,^GSPC,Adj Close,8.652119070277095
2024-09-26,5745.3701171875,^GSPC,Adj Close,8.656149612435295
2024-09-27,5738.169921875,^GSPC,Adj Close,8.654895609535222
2024-09-30,5762.47998046875,^GSPC,Adj Close,8.659123213193663
2024-10-01,5708.75,^GSPC,Adj Close,8.649755364499208
2024-10-02,5709.5400390625,^GSPC,Adj Close,8.649893745826196
2024-10-03,5699.93994140625,^GSPC,Adj Close,8.648210917171737
2024-10-04,5751.06982421875,^GSPC,Adj Close,8.657141172870922
2024-10-07,5695.93994140625,^GSPC,Adj Close,8.647508909041534
2024-10-08,5751.1298828125,^GSPC,Adj Close,8.657151615846228
2024-10-09,5792.0400390625,^GSPC,Adj Close,8.664239846863223
2024-10-10,5780.0498046875,^GSPC,Adj Close,8.662167578357241
2024-10-11,5815.02978515625,^GSPC,Adj Close,8.66820118706454
2024-10-14,5859.85009765625,^GSPC,Adj Close,8.675879301639133
2024-10-15,5815.259765625,^GSPC,Adj Close,8.66824073560162
2024-10-16,5842.47021484375,^GSPC,Adj Close,8.6729089683844
2024-10-17,5841.47021484375,^GSPC,Adj Close,8.672737793255862
2024-10-18,5864.669921875,^GSPC,Adj Close,8.676701480198636
2024-10-21,5853.97998046875,^GSPC,Adj Close,8.674877047442218
2024-10-22,5851.2001953125,^GSPC,Adj Close,8.674402080775021
2024-10-23,5797.419921875,^GSPC,Adj Close,8.665168256507341
2024-10-24,5809.85986328125,^GSPC,Adj Close,8.667311729637898
2024-10-25,5808.1201171875,^GSPC,Adj Close,8.667012237624713
2024-10-28,5823.52001953125,^GSPC,Adj Close,8.669660172251445
2024-10-29,5832.919921875,^GSPC,Adj Close,8.671272998196347
2024-10-30,5813.669921875,^GSPC,Adj Close,8.667967306523858
2024-10-31,5705.4501953125,^GSPC,Adj Close,8.649177171595113
2024-11-01,5728.7998046875,^GSPC,Adj Close,8.653261329599639
2024-11-04,5712.68994140625,^GSPC,Adj Close,8.650445284786448
2024-11-05,5782.759765625,^GSPC,Adj Close,8.66263631581601
2024-11-06,5929.0400390625,^GSPC,Adj Close,8.687617596773197
2024-11-07,5973.10009765625,^GSPC,Adj Close,8.695021350947194
2024-11-08,5995.5400390625,^GSPC,Adj Close,8.698771144982912
2024-11-11,6001.35009765625,^GSPC,Adj Close,8.699739739173868
2024-11-12,5983.990234375,^GSPC,Adj Close,8.696842887696931
2024-11-13,5985.3798828125,^GSPC,Adj Close,8.697075088461073
2024-11-14,5949.169921875,^GSPC,Adj Close,8.691006979878829
2024-11-15,5870.6201171875,^GSPC,Adj Close,8.677715549012035
2024-11-18,5893.6201171875,^GSPC,Adj Close,8.681625708758242
2024-11-19,5916.97998046875,^GSPC,Adj Close,8.685581459278838
2024-11-20,5917.10986328125,^GSPC,Adj Close,8.685603409900173
2024-11-21,5948.7099609375,^GSPC,Adj Close,8.69092966174446
2024-11-22,5969.33984375,^GSPC,Adj Close,8.694391621335997
2024-11-25,5987.3701171875,^GSPC,Adj Close,8.697407549156123
2024-11-26,6021.6298828125,^GSPC,Adj Close,8.703113246311386
2024-11-27,5998.740234375,^GSPC,Adj Close,8.699304765227808
2024-11-29,6032.3798828125,^GSPC,Adj Close,8.70489688562461
2024-12-02,6047.14990234375,^GSPC,Adj Close,8.707342349505192
2024-12-03,6049.8798828125,^GSPC,Adj Close,8.707793696747213
2024-12-04,6086.490234375,^GSPC,Adj Close,8.71382687837535
2024-12-05,6075.10986328125,^GSPC,Adj Close,8.711955352535968
2024-12-06,6090.27001953125,^GSPC,Adj Close,8.714447697903505
2024-12-09,6052.85009765625,^GSPC,Adj Close,8.708284530618279
2024-12-10,6034.91015625,^GSPC,Adj Close,8.705316246304
2024-12-11,6084.18994140625,^GSPC,Adj Close,8.713448872715368
2024-12-12,6051.25,^GSPC,Adj Close,8.708020141253904
2024-12-13,6051.08984375,^GSPC,Adj Close,8.707993674264532
2024-12-16,6074.080078125,^GSPC,Adj Close,8.711785829273317
2024-12-17,6050.60986328125,^GSPC,Adj Close,8.707914349792661
2024-12-18,5872.16015625,^GSPC,Adj Close,8.677977844488144
2024-12-19,5867.080078125,^GSPC,Adj Close,8.677112357737606
2024-12-20,5930.85009765625,^GSPC,Adj Close,8.687922837140004
2024-12-23,5974.06982421875,^GSPC,Adj Close,8.69518368672562
2024-12-24,6040.0400390625,^GSPC,Adj Close,8.706165919890747
2024-12-26,6037.58984375,^GSPC,Adj Close,8.705760178802489
2024-12-27,5970.83984375,^GSPC,Adj Close,8.694642873837577
2024-12-30,5906.93994140625,^GSPC,Adj Close,8.683883199895847
2024-12-31,5881.6298828125,^GSPC,Adj Close,8.679589193436865
2025-01-02,5868.5498046875,^GSPC,Adj Close,8.677362830287416
2025-01-03,5942.47021484375,^GSPC,Adj Close,8.689880186995241
2025-01-06,5975.3798828125,^GSPC,Adj Close,8.69540295349206
2025-01-07,5909.02978515625,^GSPC,Adj Close,8.684236931975423
2025-01-08,5918.25,^GSPC,Adj Close,8.685796076069254
2025-01-10,5827.0400390625,^GSPC,Adj Close,8.670264438419022
2025-01-13,5836.22021484375,^GSPC,Adj Close,8.671838642797075
2025-01-14,5842.91015625,^GSPC,Adj Close,8.67298426613124
2025-01-15,5949.91015625,^GSPC,Adj Close,8.691131398635756
2025-01-16,5937.33984375,^GSPC,Adj Close,8.68901647429489
2025-01-17,5996.66015625,^GSPC,Adj Close,8.698957952603283
2025-01-21,6049.240234375,^GSPC,Adj Close,8.70768796204388
2025-01-22,6086.3701171875,^GSPC,Adj Close,8.713807143130873
2025-01-23,6118.7099609375,^GSPC,Adj Close,8.719106562590403
2025-01-24,6101.240234375,^GSPC,Adj Close,8.716247346605936
2025-01-27,6012.27978515625,^GSPC,Adj Close,8.701559287573824
2025-01-28,6067.7001953125,^GSPC,Adj Close,8.71073493175154
2025-01-29,6039.31005859375,^GSPC,Adj Close,8.70604505569462
2025-01-30,6071.169921875,^GSPC,Adj Close,8.7113066038468
2025-01-31,6040.52978515625,^GSPC,Adj Close,8.706246999856534
2025-02-03,5994.56982421875,^GSPC,Adj Close,8.698609309127038
2025-02-04,6037.8798828125,^GSPC,Adj Close,8.705808216530068
2025-02-05,6061.47998046875,^GSPC,Adj Close,8.709709270445682
2025-02-06,6083.56982421875,^GSPC,Adj Close,8.713346944800948
2025-02-07,6025.990234375,^GSPC,Adj Close,8.703837099107288
2025-02-10,6066.43994140625,^GSPC,Adj Close,8.710527211402741
2025-02-11,6068.5,^GSPC,Adj Close,8.710866736546416
2025-02-12,6051.97021484375,^GSPC,Adj Close,8.708139153356768
2025-02-13,6115.06982421875,^GSPC,Adj Close,8.718511466571004
2025-02-14,6114.6298828125,^GSPC,Adj Close,8.71843952017543
2025-02-18,6129.580078125,^GSPC,Adj Close,8.72088152383098
2025-02-19,6144.14990234375,^GSPC,Adj Close,8.723255672697805
2025-02-20,6117.52001953125,^GSPC,Adj Close,8.718912067813516
2025-02-21,6013.1298828125,^GSPC,Adj Close,8.701700671140976
2025-02-24,5983.25,^GSPC,Adj Close,8.696719177574725
2025-02-25,5955.25,^GSPC,Adj Close,8.692028462436328
2025-02-26,5956.06005859375,^GSPC,Adj Close,8.692164477465912
2025-02-27,5861.56982421875,^GSPC,Adj Close,8.676172734787388
2025-02-28,5954.5,^GSPC,Adj Close,8.691902515208051
2025-03-03,5849.72021484375,^GSPC,Adj Close,8.674149112559741
2025-03-04,5778.14990234375,^GSPC,Adj Close,8.661838824328235
2025-03-05,5842.6298828125,^GSPC,Adj Close,8.672936296856971
2025-03-06,5738.52001953125,^GSPC,Adj Close,8.654956619749516
2025-03-07,5770.2001953125,^GSPC,Adj Close,8.660462054794971
2025-03-10,5614.56005859375,^GSPC,Adj Close,8.633118513006542
2025-03-11,5572.06982421875,^GSPC,Adj Close,8.625521866088006
2025-03-12,5599.2998046875,^GSPC,Adj Close,8.630396834028497
2025-03-13,5521.52001953125,^GSPC,Adj Close,8.616408467222032
2025-03-14,5638.93994140625,^GSPC,Adj Close,8.63745137317523
2025-03-17,5675.1201171875,^GSPC,Adj Close,8.643847008149836
2025-03-18,5614.66015625,^GSPC,Adj Close,8.633136341075515
2025-03-19,5675.2900390625,^GSPC,Adj Close,8.643876949248469
2025-03-20,5662.89013671875,^GSPC,Adj Close,8.641689665734686
2025-03-21,5667.56005859375,^GSPC,Adj Close,8.64251397934252
2025-03-24,5767.56982421875,^GSPC,Adj Close,8.660006096471157
2025-03-25,5776.64990234375,^GSPC,Adj Close,8.661579191961811
2025-03-26,5712.2001953125,^GSPC,Adj Close,8.650359551604213
2025-03-27,5693.31005859375,^GSPC,Adj Close,8.64704709059708
2025-03-28,5580.93994140625,^GSPC,Adj Close,8.627112489470228
2025-03-31,5611.85009765625,^GSPC,Adj Close,8.632635729827873
2025-04-01,5633.06982421875,^GSPC,Adj Close,8.636409834383086
2025-04-02,5670.97021484375,^GSPC,Adj Close,8.64311549581257
2025-04-03,5396.52001953125,^GSPC,Adj Close,8.593509583983574
2025-04-04,5074.080078125,^GSPC,Adj Close,8.531900522085342
2025-04-07,5062.25,^GSPC,Adj Close,8.52956632747938
2025-04-08,4982.77001953125,^GSPC,Adj Close,8.513741244202324
2025-04-09,5456.89990234375,^GSPC,Adj Close,8.60463612403536
2025-04-10,5268.0498046875,^GSPC,Adj Close,8.56941551701125
2025-04-11,5363.35986328125,^GSPC,Adj Close,8.587345897847026
2025-04-14,5405.97021484375,^GSPC,Adj Close,8.59525921717337
2025-04-15,5396.6298828125,^GSPC,Adj Close,8.593529941948068
2025-04-16,5275.7001953125,^GSPC,Adj Close,8.570866687983166
2025-04-17,5282.7001953125,^GSPC,Adj Close,8.57219264660694
2025-04-21,5158.2001953125,^GSPC,Adj Close,8.54834299827292
2025-04-22,5287.759765625,^GSPC,Adj Close,8.57314995039837
2025-04-23,5375.85986328125,^GSPC,Adj Close,8.58967381476525
2025-04-24,5484.77001953125,^GSPC,Adj Close,8.609730442847834
2025-04-25,5525.2099609375,^GSPC,Adj Close,8.617076527643535
2025-04-28,5528.75,^GSPC,Adj Close,8.617717029182536
2025-04-29,5560.830078125,^GSPC,Adj Close,8.623502670728094
2025-04-30,5569.06005859375,^GSPC,Adj Close,8.624981567980026
2025-05-01,5604.14013671875,^GSPC,Adj Close,8.631260913696478
2025-05-02,5686.669921875,^GSPC,Adj Close,8.645880104805592
2025-05-05,5650.3798828125,^GSPC,Adj Close,8.639478057776273
2025-05-06,5606.91015625,^GSPC,Adj Close,8.631755072497882
2025-05-07,5631.27978515625,^GSPC,Adj Close,8.63609201060459
2025-05-08,5663.93994140625,^GSPC,Adj Close,8.641875031752058
2025-05-09,5659.91015625,^GSPC,Adj Close,8.641163297617181
2025-05-12,5844.18994140625,^GSPC,Adj Close,8.6732032742942
2025-05-13,5886.5498046875,^GSPC,Adj Close,8.680425333314448
2025-05-14,5892.580078125,^GSPC,Adj Close,8.681449224556724
2025-05-15,5916.93017578125,^GSPC,Adj Close,8.68557304199548
2025-05-16,5958.3798828125,^GSPC,Adj Close,8.69255389136358
2025-05-19,5963.60009765625,^GSPC,Adj Close,8.69342962092963
2025-05-20,5940.4599609375,^GSPC,Adj Close,8.689541843860058
2025-05-21,5844.60986328125,^GSPC,Adj Close,8.673275124592298
2025-05-22,5842.009765625,^GSPC,Adj Close,8.672830154569876
2025-05-23,5802.81982421875,^GSPC,Adj Close,8.666099254978404
2025-05-27,5921.5400390625,^GSPC,Adj Close,8.686351835780588
2025-05-28,5888.5498046875,^GSPC,Adj Close,8.680765033204143
2025-05-29,5912.169921875,^GSPC,Adj Close,8.684768204074775
2025-05-30,5911.68994140625,^GSPC,Adj Close,8.68468701561778
2025-06-02,5935.93994140625,^GSPC,Adj Close,8.688780667108405
2025-06-03,5970.3701171875,^GSPC,Adj Close,8.694564200643775
2025-06-04,5970.81005859375,^GSPC,Adj Close,8.694637885388493
2025-06-05,5939.2998046875,^GSPC,Adj Close,8.689346527409796
2025-06-06,6000.35986328125,^GSPC,Adj Close,8.699574723625172
2025-06-09,6005.8798828125,^GSPC,Adj Close,8.700494248811564
2025-06-10,6038.81005859375,^GSPC,Adj Close,8.70596226135321
2025-06-11,6022.240234375,^GSPC,Adj Close,8.703214601034924
2025-06-12,6045.259765625,^GSPC,Adj Close,8.7070297341066
2025-06-13,5976.97021484375,^GSPC,Adj Close,8.695669065516498
2025-06-16,6033.10986328125,^GSPC,Adj Close,8.705017888664687
2025-06-17,5982.72021484375,^GSPC,Adj Close,8.696630628941042
2025-06-18,5980.8701171875,^GSPC,Adj Close,8.696321340906323
2025-06-20,5967.83984375,^GSPC,Adj Close,8.694140305690734
2025-06-23,6025.169921875,^GSPC,Adj Close,8.703700960761994
2025-06-24,6092.18017578125,^GSPC,Adj Close,8.714761289378952
2025-06-25,6092.16015625,^GSPC,Adj Close,8.714758003270603
2025-06-26,6141.02001953125,^GSPC,Adj Close,8.72274613430312
2025-06-27,6173.06982421875,^GSPC,Adj Close,8.72795153355927
2025-06-30,6204.9501953125,^GSPC,Adj Close,8.7331026710654
2025-07-01,6198.009765625,^GSPC,Adj Close,8.73198351395552
2025-07-02,6227.419921875,^GSPC,Adj Close,8.73671738826201
2025-07-03,6279.35009765625,^GSPC,Adj Close,8.745021766472675
2025-07-07,6229.97998046875,^GSPC,Adj Close,8.73712839836843
2025-07-08,6225.52001953125,^GSPC,Adj Close,8.73641225511796
2025-07-09,6263.259765625,^GSPC,Adj Close,8.74245605789474
2025-07-10,6280.4599609375,^GSPC,Adj Close,8.745198498967666
2025-07-11,6259.75,^GSPC,Adj Close,8.74189552719444
2025-07-14,6268.56005859375,^GSPC,Adj Close,8.743301951525376
2025-07-15,6243.759765625,^GSPC,Adj Close,8.739337806459705
2025-07-16,6263.7001953125,^GSPC,Adj Close,8.742526374985088
2025-07-17,6297.35986328125,^GSPC,Adj Close,8.7478857552251
2025-07-18,6296.7900390625,^GSPC,Adj Close,8.747795264922292
2025-07-21,6305.60009765625,^GSPC,Adj Close,8.749193421927965
2025-07-22,6309.6201171875,^GSPC,Adj Close,8.749830750424632
2025-07-23,6358.91015625,^GSPC,Adj Close,8.757612282570335
2025-07-24,6363.35009765625,^GSPC,Adj Close,8.758310262567267
2025-07-25,6388.64013671875,^GSPC,Adj Close,8.762276713568948
2025-07-28,6389.77001953125,^GSPC,Adj Close,8.762453556040215
2025-07-29,6370.85986328125,^GSPC,Adj Close,8.759489725842748
2025-07-30,6362.89990234375,^GSPC,Adj Close,8.758239511904238
2025-07-31,6339.39013671875,^GSPC,Adj Close,8.754537849857863
2025-08-01,6238.009765625,^GSPC,Adj Close,8.738416462672294
2025-08-04,6329.93994140625,^GSPC,Adj Close,8.753046027163709
2025-08-05,6299.18994140625,^GSPC,Adj Close,8.748176323383246
2025-08-06,6345.06005859375,^GSPC,Adj Close,8.7554318456031
2025-08-07,6340.0,^GSPC,Adj Close,8.754634047431272
2025-08-08,6389.4501953125,^GSPC,Adj Close,8.762403502247661
2025-08-11,6373.4501953125,^GSPC,Adj Close,8.759896233853777
2025-08-12,6445.759765625,^GSPC,Adj Close,8.771177792928947
2025-08-13,6466.580078125,^GSPC,Adj Close,8.774402666312993
2025-08-14,6468.5400390625,^GSPC,Adj Close,8.774705711191547
2025-08-15,6449.7998046875,^GSPC,Adj Close,8.771804371275183
2025-08-18,6449.14990234375,^GSPC,Adj Close,8.771703603017446
2025-08-19,6411.3701171875,^GSPC,Adj Close,8.765828273905239
2025-08-20,6395.77978515625,^GSPC,Adj Close,8.763393643272975
2025-08-21,6370.169921875,^GSPC,Adj Close,8.759381423544024
2025-08-22,6466.91015625,^GSPC,Adj Close,8.774453708702803
2025-08-25,6439.31982421875,^GSPC,Adj Close,8.770178196163156
2025-08-26,6465.93994140625,^GSPC,Adj Close,8.774303669873273
2025-08-27,6481.39990234375,^GSPC,Adj Close,8.776691800326576
2025-08-28,6501.85986328125,^GSPC,Adj Close,8.779843547768042
2025-08-29,6460.259765625,^GSPC,Adj Close,8.77342480736525
2025-09-02,6415.5400390625,^GSPC,Adj Close,8.766478457304219
2025-09-03,6448.259765625,^GSPC,Adj Close,8.77156556960716
2025-09-04,6502.080078125,^GSPC,Adj Close,8.779877416710034
2025-09-05,6481.5,^GSPC,Adj Close,8.776707244040098
2025-09-08,6495.14990234375,^GSPC,Adj Close,8.778811008490987
2025-09-09,6512.60986328125,^GSPC,Adj Close,8.78149555552106
2025-09-10,6532.0400390625,^GSPC,Adj Close,8.784474583750457
2025-09-11,6587.47021484375,^GSPC,Adj Close,8.792924671373552
2025-09-12,6584.2900390625,^GSPC,Adj Close,8.792441793492124
2025-09-15,6615.27978515625,^GSPC,Adj Close,8.797137371218684
2025-09-16,6606.759765625,^GSPC,Adj Close,8.795848610785352
2025-09-17,6600.35009765625,^GSPC,Adj Close,8.794877971707107
2025-09-18,6631.9599609375,^GSPC,Adj Close,8.799655659543815
2025-09-19,6664.35986328125,^GSPC,Adj Close,8.804529183481296
2025-09-22,6693.75,^GSPC,Adj Close,8.808929534196059
2025-09-23,6656.919921875,^GSPC,Adj Close,8.80341218236732
2025-09-24,6637.97021484375,^GSPC,Adj Close,8.800561505202024
2025-09-25,6604.72021484375,^GSPC,Adj Close,8.795539856459497
2025-09-26,6643.7001953125,^GSPC,Adj Close,8.801424345589911
2025-09-29,6661.2099609375,^GSPC,Adj Close,8.804056422849824
2025-09-30,6688.4599609375,^GSPC,Adj Close,8.808138926463332
2025-10-01,6711.2001953125,^GSPC,Adj Close,8.811533080634556
2025-10-02,6715.35009765625,^GSPC,Adj Close,8.812151244255938
2025-10-03,6715.7900390625,^GSPC,Adj Close,8.812216754912805
2025-10-06,6740.27978515625,^GSPC,Adj Close,8.815856714195567
2025-10-07,6714.58984375,^GSPC,Adj Close,8.812038026488715
2025-10-08,6753.72021484375,^GSPC,Adj Close,8.817848774982902
2025-10-09,6735.10986328125,^GSPC,Adj Close,8.815089401002624
2025-10-10,6552.509765625,^GSPC,Adj Close,8.787603425562724
2025-10-13,6654.72021484375,^GSPC,Adj Close,8.803081688599658
2025-10-14,6644.31005859375,^GSPC,Adj Close,8.801516137102714
2025-10-15,6671.06005859375,^GSPC,Adj Close,8.805534055606143
2025-10-16,6629.06982421875,^GSPC,Adj Close,8.799219775331
2025-10-17,6664.009765625,^GSPC,Adj Close,8.804476649275527
2025-10-20,6735.1298828125,^GSPC,Adj Close,8.815092373411671
2025-10-21,6735.35009765625,^GSPC,Adj Close,8.815125069328088
2025-10-22,6699.39990234375,^GSPC,Adj Close,8.809773234553345
2025-10-23,6738.43994140625,^GSPC,Adj Close,8.815583714415359
2025-10-24,6791.68994140625,^GSPC,Adj Close,8.823455076390603
2025-10-27,6875.16015625,^GSPC,Adj Close,8.835670217717983
2025-10-28,6890.89013671875,^GSPC,Adj Close,8.837955548220213
2025-10-29,6890.58984375,^GSPC,Adj Close,8.83791196901548
2025-10-30,6822.33984375,^GSPC,Adj Close,8.827957777590944
2025-10-31,6840.2001953125,^GSPC,Adj Close,8.830572278508829
2025-11-03,6851.97021484375,^GSPC,Adj Close,8.832291512505746
2025-11-04,6771.5498046875,^GSPC,Adj Close,8.820485262113419
2025-11-05,6796.2900390625,^GSPC,Adj Close,8.824132159789107
2025-11-06,6720.31982421875,^GSPC,Adj Close,8.812891025274384
2025-11-07,6728.7998046875,^GSPC,Adj Close,8.814152071621878
2025-11-10,6832.43017578125,^GSPC,Adj Close,8.82943569832538
2025-11-11,6846.60986328125,^GSPC,Adj Close,8.831508898277772
2025-11-12,6850.919921875,^GSPC,Adj Close,8.832138217403717
2025-11-13,6737.490234375,^GSPC,Adj Close,8.815442765772788
2025-11-14,6734.10986328125,^GSPC,Adj Close,8.814940914301516
2025-11-17,6672.41015625,^GSPC,Adj Close,8.805736416407212
2025-11-18,6617.31982421875,^GSPC,Adj Close,8.797445706563042
2025-11-19,6642.16015625,^GSPC,Adj Close,8.801192514300308
2025-11-20,6538.759765625,^GSPC,Adj Close,8.785502788183992
2025-11-21,6602.990234375,^GSPC,Adj Close,8.795277891225584
2025-11-24,6705.1201171875,^GSPC,Adj Close,8.810626710124666
2025-11-25,6765.8798828125,^GSPC,Adj Close,8.819647596125499
2025-11-26,6812.60986328125,^GSPC,Adj Close,8.826530565561649
2025-11-28,6849.08984375,^GSPC,Adj Close,8.831871052902786
2025-12-01,6812.6298828125,^GSPC,Adj Close,8.82653350415673
2025-12-02,6829.3701171875,^GSPC,Adj Close,8.828987725352667
2025-12-03,6849.72021484375,^GSPC,Adj Close,8.831963085873753
2025-12-04,6857.1201171875,^GSPC,Adj Close,8.833042824585727
2025-12-05,6870.39990234375,^GSPC,Adj Close,8.834977593470406
2025-12-08,6846.509765625,^GSPC,Adj Close,8.831494278138758
2025-12-09,6840.509765625,^GSPC,Adj Close,8.830617534977744
2025-12-10,6886.68017578125,^GSPC,Adj Close,8.837344415636885
2025-12-11,6901.0,^GSPC,Adj Close,8.839421607620602
2025-12-12,6827.41015625,^GSPC,Adj Close,8.828700694162047
2025-12-15,6816.509765625,^GSPC,Adj Close,8.82710285527021
2025-12-16,6800.259765625,^GSPC,Adj Close,8.82471609126177
2025-12-17,6721.43017578125,^GSPC,Adj Close,8.8130562346504
2025-12-18,6774.759765625,^GSPC,Adj Close,8.820959186170878
2025-12-19,6834.5,^GSPC,Adj Close,8.829738593592708
2025-12-22,6878.490234375,^GSPC,Adj Close,8.836154464168269
2025-12-23,6909.7900390625,^GSPC,Adj Close,8.840694531215059
2025-12-24,6932.0498046875,^GSPC,Adj Close,8.84391083555976
2025-12-26,6929.93994140625,^GSPC,Adj Close,8.84360642568265
2025-12-29,6905.740234375,^GSPC,Adj Close,8.840108262758713
2025-12-30,6896.240234375,^GSPC,Adj Close,8.838731648508059
2025-12-31,6845.5,^GSPC,Adj Close,8.83134678107381
2026-01-02,6858.47021484375,^GSPC,Adj Close,8.833239695099927
2026-01-05,6902.0498046875,^GSPC,Adj Close,8.839573719610978
2026-01-06,6944.81982421875,^GSPC,Adj Close,8.84575131161487
2026-01-07,6920.93017578125,^GSPC,Adj Close,8.842305458043862
2026-01-08,6921.4599609375,^GSPC,Adj Close,8.842382003373285
2026-01-09,6966.27978515625,^GSPC,Adj Close,8.848836614511605
2026-01-12,6977.27001953125,^GSPC,Adj Close,8.850413004570786
2026-01-13,6963.740234375,^GSPC,Adj Close,8.848471998982578
2026-01-14,6926.60009765625,^GSPC,Adj Close,8.843124365398443
2026-01-15,6944.47021484375,^GSPC,Adj Close,8.845700969318887
2026-01-16,6940.009765625,^GSPC,Adj Close,8.845058460650437
2026-01-20,6796.85986328125,^GSPC,Adj Close,8.824215999697175
2026-01-21,6875.6201171875,^GSPC,Adj Close,8.835737117330735
2026-01-22,6913.35009765625,^GSPC,Adj Close,8.841209618038638
2026-01-23,6915.60986328125,^GSPC,Adj Close,8.84153643446612
2026-01-26,6950.22998046875,^GSPC,Adj Close,8.84653002872628
2026-01-27,6978.60009765625,^GSPC,Adj Close,8.85060361656672
2026-01-28,6978.02978515625,^GSPC,Adj Close,8.85052189017502
2026-01-29,6969.009765625,^GSPC,Adj Close,8.849228422732558
2026-01-30,6939.02978515625,^GSPC,Adj Close,8.8449172433181
2026-02-02,6976.43994140625,^GSPC,Adj Close,8.850294028595464
2026-02-03,6917.81005859375,^GSPC,Adj Close,8.8418545330048
2026-02-04,6882.72021484375,^GSPC,Adj Close,8.836769232849786
2026-02-05,6798.39990234375,^GSPC,Adj Close,8.824442554995954
2026-02-06,6932.2998046875,^GSPC,Adj Close,8.843946899278155
2026-02-09,6964.81982421875,^GSPC,Adj Close,8.848627017138277
2026-02-10,6941.81005859375,^GSPC,Adj Close,8.845317834853768
2026-02-11,6941.47021484375,^GSPC,Adj Close,8.845268877583818
2026-02-12,6832.759765625,^GSPC,Adj Close,8.8294839361977
2026-02-13,6836.169921875,^GSPC,Adj Close,8.829982900842147
2026-02-17,6843.22021484375,^GSPC,Adj Close,8.831013691472803
2026-02-18,6881.31005859375,^GSPC,Adj Close,8.836564328293939
2026-02-19,6861.89013671875,^GSPC,Adj Close,8.833738212902404
2026-02-20,6909.509765625,^GSPC,Adj Close,8.840653968604578
2026-02-23,6837.75,^GSPC,Adj Close,8.830214009133122
2026-02-24,6890.06982421875,^GSPC,Adj Close,8.837836498095506
2026-02-25,6946.1298828125,^GSPC,Adj Close,8.845939932065635
2026-02-26,6908.85986328125,^GSPC,Adj Close,8.840559905070068
2026-02-27,6878.8798828125,^GSPC,Adj Close,8.836211109942031
2026-03-02,6881.6201171875,^GSPC,Adj Close,8.836609385355166
2026-03-03,6816.6298828125,^GSPC,Adj Close,8.827120476623854
2026-03-04,6869.5,^GSPC,Adj Close,8.834846602364003
2026-03-05,6830.7099609375,^GSPC,Adj Close,8.8291838945913
2026-03-06,6740.02001953125,^GSPC,Adj Close,8.815818174158803
2026-03-09,6795.990234375,^GSPC,Adj Close,8.824088045824192
2026-03-10,6781.47998046875,^GSPC,Adj Close,8.821950643318305
2026-03-11,6775.7998046875,^GSPC,Adj Close,8.821112691132669
2026-03-12,6672.6201171875,^GSPC,Adj Close,8.805767882943176
2026-03-13,6632.18994140625,^GSPC,Adj Close,8.799690336544673
2026-03-16,6699.3798828125,^GSPC,Adj Close,8.809770246291492
2026-03-17,6716.08984375,^GSPC,Adj Close,8.812261395676446
2026-03-18,6624.7001953125,^GSPC,Adj Close,8.798560396292714
2026-03-19,6606.490234375,^GSPC,Adj Close,8.795807813668816
2026-03-20,6506.47998046875,^GSPC,Adj Close,8.780553879361046
2026-03-23,6581.0,^GSPC,Adj Close,8.791941988456118
2026-03-24,6556.3701171875,^GSPC,Adj Close,8.788192392996798
2026-03-25,6591.89990234375,^GSPC,Adj Close,8.793596886756747
2026-03-26,6477.16015625,^GSPC,Adj Close,8.776037445795538
2026-03-27,6368.85009765625,^GSPC,Adj Close,8.759174213849487
2026-03-30,6343.72021484375,^GSPC,Adj Close,8.75522066001613
2026-03-31,6528.52001953125,^GSPC,Adj Close,8.78393555332593
2026-04-01,6575.31982421875,^GSPC,Adj Close,8.79107849832969
2026-04-02,6582.68994140625,^GSPC,Adj Close,8.792198746465926
2026-04-06,6611.830078125,^GSPC,Adj Close,8.79661575959753
2026-04-07,6616.85009765625,^GSPC,Adj Close,8.797374719630659
2026-04-08,6782.81005859375,^GSPC,Adj Close,8.822146757987843
2026-04-09,6824.66015625,^GSPC,Adj Close,8.828297824857357
2026-04-10,6816.89013671875,^GSPC,Adj Close,8.827158655158216
2026-04-13,6886.240234375,^GSPC,Adj Close,8.837280530651958
2026-04-14,6967.3798828125,^GSPC,Adj Close,8.848994519568102
2026-04-15,7022.9501953125,^GSPC,Adj Close,8.856938664479667
2026-04-16,7041.27978515625,^GSPC,Adj Close,8.859545220294953
2026-04-17,7126.06005859375,^GSPC,Adj Close,8.87151377422369
2026-04-20,7109.14013671875,^GSPC,Adj Close,8.869136578313439
2026-04-21,7064.009765625,^GSPC,Adj Close,8.862768124732586
2026-04-22,7137.89990234375,^GSPC,Adj Close,8.873173880744122
2026-04-23,7108.39990234375,^GSPC,Adj Close,8.869032448573183
2026-04-24,7165.080078125,^GSPC,Adj Close,8.876974516490815
2026-04-27,7173.91015625,^GSPC,Adj Close,8.878206134491366
2026-04-28,7138.7998046875,^GSPC,Adj Close,8.87329994662257
2026-04-29,7135.9501953125,^GSPC,Adj Close,8.872900694879057
2026-04-30,7209.009765625,^GSPC,Adj Close,8.883086879047163
2026-05-01,7230.1201171875,^GSPC,Adj Close,8.886010928733684
2026-05-04,7200.75,^GSPC,Adj Close,8.881940466245842
2026-05-05,7259.22021484375,^GSPC,Adj Close,8.890027693626418
2026-05-06,7365.1201171875,^GSPC,Adj Close,8.904510637954164
2026-05-07,7337.10986328125,^GSPC,Adj Close,8.900700292471486
2026-05-08,7398.93017578125,^GSPC,Adj Close,8.909090697900519
2026-05-11,7412.83984375,^GSPC,Adj Close,8.910968889641193
2026-05-12,7400.9599609375,^GSPC,Adj Close,8.909364995229785
2026-05-13,7444.25,^GSPC,Adj Close,8.91519720129278
2026-05-14,7501.240234375,^GSPC,Adj Close,8.92282365043652
2026-05-15,7408.5,^GSPC,Adj Close,8.91038326864879
2026-05-18,7403.0498046875,^GSPC,Adj Close,8.909647330056224
2026-05-19,7353.60986328125,^GSPC,Adj Close,8.902946609499553
2026-05-20,7432.97021484375,^GSPC,Adj Close,8.91368081756588
2026-05-21,7445.72021484375,^GSPC,Adj Close,8.915394678497545
2026-05-22,7473.47021484375,^GSPC,Adj Close,8.919114723781886
2026-05-26,7519.1201171875,^GSPC,Adj Close,8.925204404405033
2026-05-27,7520.35986328125,^GSPC,Adj Close,8.925369269958653
2026-05-28,7563.6298828125,^GSPC,Adj Close,8.93110649717087
2026-05-29,7580.06005859375,^GSPC,Adj Close,8.933276401902356
2026-06-01,7599.9599609375,^GSPC,Adj Close,8.935898257962847
2026-06-02,7609.77978515625,^GSPC,Adj Close,8.937189512875436
