model,phase,date,observed,prediction
TrainValidationSelector,validation,2019-11-04,8.032123036194836,8.028593976240613
TrainValidationSelector,validation,2019-11-05,8.030936633483016,8.028996201177415
TrainValidationSelector,validation,2019-11-06,8.031638884075305,8.029398426114218
TrainValidationSelector,validation,2019-11-07,8.034365259319586,8.029800651051021
TrainValidationSelector,validation,2019-11-08,8.036922662464702,8.030202875987824
TrainValidationSelector,validation,2019-11-11,8.034958267051364,8.030605100924626
TrainValidationSelector,validation,2019-11-12,8.036521690352627,8.03100732586143
TrainValidationSelector,validation,2019-11-13,8.037232971922744,8.031409550798232
TrainValidationSelector,validation,2019-11-14,8.0380696645372,8.031811775735035
TrainValidationSelector,validation,2019-11-15,8.045735693315173,8.032214000671837
TrainValidationSelector,validation,2019-11-18,8.046238719637984,8.03261622560864
TrainValidationSelector,validation,2019-11-19,8.04564594953829,8.033018450545443
TrainValidationSelector,validation,2019-11-20,8.04188269311735,8.033420675482246
TrainValidationSelector,validation,2019-11-21,8.04029868703116,8.033822900419048
TrainValidationSelector,validation,2019-11-22,8.042471260973537,8.034225125355851
TrainValidationSelector,validation,2019-11-25,8.049950512861004,8.034627350292654
TrainValidationSelector,validation,2019-11-26,8.052143676505944,8.035029575229457
TrainValidationSelector,validation,2019-11-27,8.056309412131244,8.03543180016626
TrainValidationSelector,validation,2019-11-29,8.052290125901255,8.035834025103062
TrainValidationSelector,validation,2019-12-02,8.04362164220729,8.036236250039865
TrainValidationSelector,validation,2019-12-03,8.036961416949246,8.036638474976668
TrainValidationSelector,validation,2019-12-04,8.043265074558017,8.03704069991347
TrainValidationSelector,validation,2019-12-05,8.044764201484647,8.037442924850273
TrainValidationSelector,validation,2019-12-06,8.053858447515072,8.037845149787076
TrainValidationSelector,validation,2019-12-09,8.050690613830596,8.038247374723879
TrainValidationSelector,validation,2019-12-10,8.049593077661614,8.038649599660681
TrainValidationSelector,validation,2019-12-11,8.052497015190964,8.039051824597484
TrainValidationSelector,validation,2019-12-12,8.06103568256652,8.039454049534287
TrainValidationSelector,validation,2019-12-13,8.061108261716734,8.03985627447109
TrainValidationSelector,validation,2019-12-16,8.068230622659277,8.040258499407893
TrainValidationSelector,validation,2019-12-17,8.068565858687737,8.040660724344695
TrainValidationSelector,validation,2019-12-18,8.068133465047215,8.041062949281498
TrainValidationSelector,validation,2019-12-19,8.07258284386908,8.0414651742183
TrainValidationSelector,validation,2019-12-20,8.077515439673414,8.041867399155104
TrainValidationSelector,validation,2019-12-23,8.078381208387713,8.042269624091906
TrainValidationSelector,validation,2019-12-24,8.078185741085244,8.042671849028709
TrainValidationSelector,validation,2019-12-26,8.083300803495298,8.043074073965512
TrainValidationSelector,validation,2019-12-27,8.083334787634955,8.043476298902315
TrainValidationSelector,validation,2019-12-30,8.077537191555606,8.043878523839117
TrainValidationSelector,validation,2019-12-31,8.080478882199797,8.04428074877592
TrainValidationSelector,validation,2020-01-02,8.088822777562113,8.044682973712723
TrainValidationSelector,validation,2020-01-03,8.081737868197159,8.045085198649526
TrainValidationSelector,validation,2020-01-06,8.085265013391432,8.045487423586328
TrainValidationSelector,validation,2020-01-07,8.082457838306837,8.045889648523131
TrainValidationSelector,validation,2020-01-08,8.087348311792478,8.046291873459934
TrainValidationSelector,validation,2020-01-09,8.093981525909385,8.046694098396737
TrainValidationSelector,validation,2020-01-10,8.091122263421878,8.04709632333354
TrainValidationSelector,validation,2020-01-13,8.098074257467813,8.047498548270342
TrainValidationSelector,validation,2020-01-14,8.096558576630917,8.047900773207145
TrainValidationSelector,validation,2020-01-15,8.098427026874605,8.048302998143948
TrainValidationSelector,validation,2020-01-16,8.106758774296837,8.04870522308075
TrainValidationSelector,validation,2020-01-17,8.110613497544321,8.049107448017553
TrainValidationSelector,validation,2020-01-21,8.107957997174736,8.049509672954356
TrainValidationSelector,validation,2020-01-22,8.108247031471418,8.049911897891159
TrainValidationSelector,validation,2020-01-23,8.109387357664776,8.050314122827961
TrainValidationSelector,validation,2020-01-24,8.100304068238582,8.050716347764764
TrainValidationSelector,validation,2020-01-27,8.084448315881739,8.051118572701567
TrainValidationSelector,validation,2020-01-28,8.094451699382091,8.05152079763837
TrainValidationSelector,validation,2020-01-29,8.093584449238506,8.051923022575172
TrainValidationSelector,validation,2020-01-30,8.096713906168716,8.052325247511975
TrainValidationSelector,validation,2020-01-31,8.078849462597354,8.052727472448778
TrainValidationSelector,validation,2020-02-03,8.086077888358586,8.05312969738558
TrainValidationSelector,validation,2020-02-04,8.100947204276093,8.053531922322383
TrainValidationSelector,validation,2020-02-05,8.112134982935066,8.053934147259186
TrainValidationSelector,validation,2020-02-06,8.115455137992068,8.054336372195989
TrainValidationSelector,validation,2020-02-07,8.110039646982608,8.054738597132792
TrainValidationSelector,validation,2020-02-10,8.117339337103182,8.055140822069594
TrainValidationSelector,validation,2020-02-11,8.119026385789185,8.055543047006397
TrainValidationSelector,validation,2020-02-12,8.125468238894388,8.0559452719432
TrainValidationSelector,validation,2020-02-13,8.123836462534399,8.056347496880003
TrainValidationSelector,validation,2020-02-14,8.125678298632884,8.056749721816805
TrainValidationSelector,validation,2020-02-18,8.122754084646736,8.057151946753608
TrainValidationSelector,validation,2020-02-19,8.127448832931021,8.05755417169041
TrainValidationSelector,validation,2020-02-20,8.123626015503024,8.057956396627214
TrainValidationSelector,validation,2020-02-21,8.113052206270204,8.058358621564016
TrainValidationSelector,validation,2020-02-24,8.078964126849764,8.05876084650082
TrainValidationSelector,validation,2020-02-25,8.04821622247441,8.059163071437622
TrainValidationSelector,validation,2020-02-26,8.044430525150881,8.059565296374425
TrainValidationSelector,validation,2020-02-27,7.999262388798619,8.059967521311227
TrainValidationSelector,validation,2020-02-28,7.990989925688966,8.06036974624803
TrainValidationSelector,validation,2020-03-02,8.03600079445838,8.060771971184833
TrainValidationSelector,validation,2020-03-03,8.007490309535465,8.061174196121636
TrainValidationSelector,validation,2020-03-04,8.048826658896099,8.061576421058438
TrainValidationSelector,validation,2020-03-05,8.014315876456116,8.061978645995241
TrainValidationSelector,validation,2020-03-06,7.997114932803731,8.062380870932044
TrainValidationSelector,validation,2020-03-09,7.918104519863359,8.062783095868847
TrainValidationSelector,validation,2020-03-10,7.966319572289218,8.06318532080565
TrainValidationSelector,validation,2020-03-11,7.916216679480613,8.063587545742452
TrainValidationSelector,validation,2020-03-12,7.81627182707814,8.063989770679255
TrainValidationSelector,validation,2020-03-13,7.905080234027375,8.064391995616058
TrainValidationSelector,validation,2020-03-16,7.777428036554558,8.06479422055286
TrainValidationSelector,validation,2020-03-17,7.83565434919025,8.065196445489663
TrainValidationSelector,validation,2020-03-18,7.78243207685817,8.065598670426466
TrainValidationSelector,validation,2020-03-19,7.787128837828571,8.066000895363269
TrainValidationSelector,validation,2020-03-20,7.742801213775204,8.066403120300071
TrainValidationSelector,validation,2020-03-23,7.713069712765627,8.066805345236874
TrainValidationSelector,validation,2020-03-24,7.80275294528359,8.067207570173677
TrainValidationSelector,validation,2020-03-25,7.8142219357044125,8.06760979511048
TrainValidationSelector,validation,2020-03-26,7.874765766778659,8.068012020047282
TrainValidationSelector,validation,2020-03-27,7.840497921237032,8.068414244984085
TrainValidationSelector,validation,2020-03-30,7.873464511807008,8.068816469920888
TrainValidationSelector,validation,2020-03-31,7.857322201018592,8.06921869485769
TrainValidationSelector,validation,2020-04-01,7.812175838285805,8.069620919794493
TrainValidationSelector,validation,2020-04-02,7.834748495342765,8.070023144731296
TrainValidationSelector,validation,2020-04-03,7.81949563451682,8.070425369668099
TrainValidationSelector,validation,2020-04-06,7.887463878661651,8.070827594604902
TrainValidationSelector,validation,2020-04-07,7.885859539613288,8.071229819541704
TrainValidationSelector,validation,2020-04-08,7.919348910804573,8.071632044478507
TrainValidationSelector,validation,2020-04-09,7.933732381108273,8.07203426941531
TrainValidationSelector,validation,2020-04-13,7.923576321663596,8.072436494352113
TrainValidationSelector,validation,2020-04-14,7.953690881235903,8.072838719288915
TrainValidationSelector,validation,2020-04-15,7.931414148563534,8.073240944225718
TrainValidationSelector,validation,2020-04-16,7.9372139864030755,8.073643169162521
TrainValidationSelector,validation,2020-04-17,7.963654918424396,8.074045394099324
TrainValidationSelector,validation,2020-04-20,7.945612072809048,8.074447619036127
TrainValidationSelector,validation,2020-04-21,7.914456957572717,8.07484984397293
TrainValidationSelector,validation,2020-04-22,7.937128258154854,8.075252068909732
TrainValidationSelector,validation,2020-04-23,7.936588690494658,8.075654293846535
TrainValidationSelector,validation,2020-04-24,7.950410781061498,8.076056518783338
TrainValidationSelector,validation,2020-04-27,7.965017649243234,8.07645874372014
TrainValidationSelector,validation,2020-04-28,7.95976147905275,8.076860968656943
TrainValidationSelector,validation,2020-04-29,7.985998183097823,8.077263193593746
TrainValidationSelector,validation,2020-04-30,7.976743039778769,8.077665418530549
TrainValidationSelector,validation,2020-05-01,7.948282828763992,8.078067643467351
TrainValidationSelector,validation,2020-05-04,7.952523651342842,8.078469868404154
TrainValidationSelector,validation,2020-05-05,7.961523586540622,8.078872093340957
TrainValidationSelector,validation,2020-05-06,7.954519706141579,8.07927431827776
TrainValidationSelector,validation,2020-05-07,7.96595866189647,8.079676543214562
TrainValidationSelector,validation,2020-05-08,7.982689456961696,8.080078768151365
TrainValidationSelector,validation,2020-05-11,7.982822526328487,8.080480993088168
TrainValidationSelector,validation,2020-05-12,7.962109160556439,8.08088321802497
TrainValidationSelector,validation,2020-05-13,7.944492163932159,8.081285442961773
TrainValidationSelector,validation,2020-05-14,7.955951081736231,8.081687667898576
TrainValidationSelector,validation,2020-05-15,7.959869756939954,8.082089892835379
TrainValidationSelector,validation,2020-05-18,7.990884965710027,8.082492117772182
TrainValidationSelector,validation,2020-05-19,7.980345217998428,8.082894342708984
TrainValidationSelector,validation,2020-05-20,7.996859208611843,8.083296567645787
TrainValidationSelector,validation,2020-05-21,7.98905524030189,8.08369879258259
TrainValidationSelector,validation,2020-05-22,7.991406185988702,8.084101017519393
TrainValidationSelector,validation,2020-05-26,8.003620471010162,8.084503242456195
TrainValidationSelector,validation,2020-05-27,8.018338918500477,8.084905467392998
TrainValidationSelector,validation,2020-05-28,8.016228779175558,8.0853076923298
TrainValidationSelector,validation,2020-05-29,8.021029572727866,8.085709917266604
TrainValidationSelector,validation,2020-06-01,8.024773789206229,8.086112142203406
TrainValidationSelector,validation,2020-06-02,8.03295109648863,8.086514367140209
TrainValidationSelector,validation,2020-06-03,8.046507767301192,8.086916592077012
TrainValidationSelector,validation,2020-06-04,8.043133378217583,8.087318817013815
TrainValidationSelector,validation,2020-06-05,8.06900739103922,8.087721041950617
TrainValidationSelector,validation,2020-06-08,8.080977047445025,8.08812326688742
TrainValidationSelector,validation,2020-06-09,8.073147304025303,8.088525491824223
TrainValidationSelector,validation,2020-06-10,8.067820048290121,8.088927716761026
TrainValidationSelector,validation,2020-06-11,8.007067355293833,8.089329941697828
TrainValidationSelector,validation,2020-06-12,8.020043641899044,8.089732166634631
TrainValidationSelector,validation,2020-06-15,8.028321502717219,8.090134391571434
TrainValidationSelector,validation,2020-06-16,8.04710635558393,8.090536616508237
TrainValidationSelector,validation,2020-06-17,8.0434995593513,8.09093884144504
TrainValidationSelector,validation,2020-06-18,8.044093602755103,8.091341066381842
TrainValidationSelector,validation,2020-06-19,8.038428089189429,8.091743291318645
TrainValidationSelector,validation,2020-06-22,8.044902182486087,8.092145516255448
TrainValidationSelector,validation,2020-06-23,8.049200351677571,8.09254774119225
TrainValidationSelector,validation,2020-06-24,8.023005086081909,8.092949966129053
TrainValidationSelector,validation,2020-06-25,8.033904913810126,8.093352191065856
TrainValidationSelector,validation,2020-06-26,8.009379709535295,8.093754416002659
TrainValidationSelector,validation,2020-06-29,8.023958597648829,8.094156640939461
TrainValidationSelector,validation,2020-06-30,8.039250947084584,8.094558865876264
TrainValidationSelector,validation,2020-07-01,8.044260511060456,8.094961090813067
TrainValidationSelector,validation,2020-07-02,8.048791481537272,8.09536331574987
TrainValidationSelector,validation,2020-07-06,8.064548412369435,8.095765540686672
TrainValidationSelector,validation,2020-07-07,8.053670934499792,8.096167765623475
TrainValidationSelector,validation,2020-07-08,8.061467920763222,8.096569990560278
TrainValidationSelector,validation,2020-07-09,8.055808329287027,8.09697221549708
TrainValidationSelector,validation,2020-07-10,8.066220139061471,8.097374440433883
TrainValidationSelector,validation,2020-07-13,8.056813493845413,8.097776665370686
TrainValidationSelector,validation,2020-07-14,8.070130794428316,8.098178890307489
TrainValidationSelector,validation,2020-07-15,8.07917185136467,8.098581115244292
TrainValidationSelector,validation,2020-07-16,8.075759936150556,8.098983340181094
TrainValidationSelector,validation,2020-07-17,8.07860449873814,8.099385565117897
TrainValidationSelector,validation,2020-07-20,8.08697629599328,8.0997877900547
TrainValidationSelector,validation,2020-07-21,8.08865392532784,8.100190014991503
TrainValidationSelector,validation,2020-07-22,8.094384555922312,8.100592239928305
TrainValidationSelector,validation,2020-07-23,8.081988177510066,8.100994464865108
TrainValidationSelector,validation,2020-07-24,8.07577853748579,8.101396689801911
TrainValidationSelector,validation,2020-07-27,8.083146466307273,8.101798914738714
TrainValidationSelector,validation,2020-07-28,8.076652030888626,8.102201139675516
TrainValidationSelector,validation,2020-07-29,8.08900381424037,8.10260336461232
TrainValidationSelector,validation,2020-07-30,8.085246512476914,8.103005589549122
TrainValidationSelector,validation,2020-07-31,8.09288774871909,8.103407814485925
TrainValidationSelector,validation,2020-08-03,8.10004311138345,8.103810039422727
TrainValidationSelector,validation,2020-08-04,8.103648534409583,8.10421226435953
TrainValidationSelector,validation,2020-08-05,8.1100576948451,8.104614489296333
TrainValidationSelector,validation,2020-08-06,8.116464820865765,8.105016714233136
TrainValidationSelector,validation,2020-08-07,8.117097650135722,8.105418939169938
TrainValidationSelector,validation,2020-08-10,8.119836115409115,8.105821164106741
TrainValidationSelector,validation,2020-08-11,8.111835060007737,8.106223389043544
TrainValidationSelector,validation,2020-08-12,8.12573456230135,8.106625613980347
TrainValidationSelector,validation,2020-08-13,8.123685289625193,8.10702783891715
TrainValidationSelector,validation,2020-08-14,8.123513392228915,8.107430063853952
TrainValidationSelector,validation,2020-08-17,8.126219569736339,8.107832288790755
TrainValidationSelector,validation,2020-08-18,8.128520310156155,8.108234513727558
TrainValidationSelector,validation,2020-08-19,8.124106186810973,8.10863673866436
TrainValidationSelector,validation,2020-08-20,8.127259841579319,8.109038963601163
TrainValidationSelector,validation,2020-08-21,8.130695041562293,8.109441188537966
TrainValidationSelector,validation,2020-08-24,8.140688656927194,8.109843413474769
TrainValidationSelector,validation,2020-08-25,8.144278556672734,8.110245638411572
TrainValidationSelector,validation,2020-08-26,8.154422558017577,8.110647863348374
TrainValidationSelector,validation,2020-08-27,8.156094204049387,8.111050088285177
TrainValidationSelector,validation,2020-08-28,8.162804206898956,8.11145231322198
TrainValidationSelector,validation,2020-08-31,8.160606831723447,8.111854538158783
TrainValidationSelector,validation,2020-09-01,8.168103663144153,8.112256763095585
TrainValidationSelector,validation,2020-09-02,8.183352713288023,8.112658988032388
TrainValidationSelector,validation,2020-09-03,8.147595119145837,8.11306121296919
TrainValidationSelector,validation,2020-09-04,8.139428838391563,8.113463437905994
TrainValidationSelector,validation,2020-09-08,8.111280009305096,8.113865662842796
TrainValidationSelector,validation,2020-09-09,8.131224769967277,8.114267887779599
TrainValidationSelector,validation,2020-09-10,8.11348352404188,8.114670112716402
TrainValidationSelector,validation,2020-09-11,8.114016454199968,8.115072337653205
TrainValidationSelector,validation,2020-09-14,8.126677789224992,8.115474562590007
TrainValidationSelector,validation,2020-09-15,8.131883575155491,8.11587678752681
TrainValidationSelector,validation,2020-09-16,8.12725392826334,8.116279012463613
TrainValidationSelector,validation,2020-09-17,8.118805978734787,8.116681237400416
TrainValidationSelector,validation,2020-09-18,8.107560401786959,8.117083462337218
TrainValidationSelector,validation,2020-09-21,8.09592183775966,8.117485687274021
TrainValidationSelector,validation,2020-09-22,8.106384854158037,8.117887912210824
TrainValidationSelector,validation,2020-09-23,8.082377515243662,8.118290137147627
TrainValidationSelector,validation,2020-09-24,8.085360520798291,8.11869236208443
TrainValidationSelector,validation,2020-09-25,8.10121096002248,8.119094587021232
TrainValidationSelector,validation,2020-09-28,8.117193151876334,8.119496811958035
TrainValidationSelector,validation,2020-09-29,8.11236886917189,8.119899036894838
TrainValidationSelector,validation,2020-09-30,8.12058871174027,8.12030126183164
TrainValidationSelector,validation,2020-10-01,8.125867661304564,8.120703486768443
TrainValidationSelector,validation,2020-10-02,8.116243848438193,8.121105711705246
TrainValidationSelector,validation,2020-10-05,8.134056957441095,8.121507936642049
TrainValidationSelector,validation,2020-10-06,8.119984893053571,8.121910161578851
TrainValidationSelector,validation,2020-10-07,8.137232056823812,8.122312386515654
TrainValidationSelector,validation,2020-10-08,8.145210269718682,8.122714611452457
TrainValidationSelector,validation,2020-10-09,8.153965364899435,8.12311683638926
TrainValidationSelector,validation,2020-10-12,8.17024789505776,8.123519061326062
TrainValidationSelector,validation,2020-10-13,8.163921003428596,8.123921286262865
TrainValidationSelector,validation,2020-10-14,8.157275831344537,8.124323511199668
TrainValidationSelector,validation,2020-10-15,8.155746907830324,8.12472573613647
TrainValidationSelector,validation,2020-10-16,8.155881818286954,8.125127961073273
TrainValidationSelector,validation,2020-10-19,8.139417154772012,8.125530186010076
TrainValidationSelector,validation,2020-10-20,8.144133350092012,8.125932410946879
TrainValidationSelector,validation,2020-10-21,8.141935236080442,8.126334635883682
TrainValidationSelector,validation,2020-10-22,8.147140590083934,8.126736860820484
TrainValidationSelector,validation,2020-10-23,8.150580428404323,8.127139085757287
TrainValidationSelector,validation,2020-10-26,8.131815955419002,8.12754131069409
TrainValidationSelector,validation,2020-10-27,8.128785750068555,8.127943535630893
TrainValidationSelector,validation,2020-10-28,8.092860207959978,8.128345760567695
TrainValidationSelector,validation,2020-10-29,8.104736732899976,8.128747985504498
TrainValidationSelector,validation,2020-10-30,8.092533019454715,8.129150210441301
TrainValidationSelector,validation,2020-11-02,8.104775970345306,8.129552435378104
TrainValidationSelector,validation,2020-11-03,8.122418708029384,8.129954660314906
TrainValidationSelector,validation,2020-11-04,8.144226233684476,8.13035688525171
TrainValidationSelector,validation,2020-11-05,8.163499499461178,8.130759110188512
TrainValidationSelector,validation,2020-11-06,8.163211742875804,8.131161335125315
TrainValidationSelector,validation,2020-11-09,8.174843717622148,8.131563560062117
TrainValidationSelector,validation,2020-11-10,8.17344294240128,8.13196578499892
TrainValidationSelector,validation,2020-11-11,8.181065670764273,8.132368009935723
TrainValidationSelector,validation,2020-11-12,8.171037019217202,8.132770234872526
TrainValidationSelector,validation,2020-11-13,8.184555565923496,8.133172459809328
TrainValidationSelector,validation,2020-11-16,8.196136300846328,8.133574684746131
TrainValidationSelector,validation,2020-11-17,8.191332857061681,8.133976909682934
TrainValidationSelector,validation,2020-11-18,8.1797016464142,8.134379134619737
TrainValidationSelector,validation,2020-11-19,8.183640322104933,8.13478135955654
TrainValidationSelector,validation,2020-11-20,8.176824584732014,8.135183584493342
TrainValidationSelector,validation,2020-11-23,8.182444692913863,8.135585809430145
TrainValidationSelector,validation,2020-11-24,8.198477151727896,8.135988034366948
TrainValidationSelector,validation,2020-11-25,8.196891476972386,8.13639025930375
TrainValidationSelector,validation,2020-11-27,8.199285587998288,8.136792484240553
TrainValidationSelector,validation,2020-11-30,8.194679447361315,8.137194709177356
TrainValidationSelector,validation,2020-12-01,8.20588758802291,8.137596934114159
TrainValidationSelector,validation,2020-12-02,8.207677152551513,8.137999159050961
TrainValidationSelector,validation,2020-12-03,8.207052800471219,8.138401383987764
TrainValidationSelector,validation,2020-12-04,8.215850264186406,8.138803608924567
TrainValidationSelector,validation,2020-12-07,8.213912750747442,8.13920583386137
TrainValidationSelector,validation,2020-12-08,8.216696021917613,8.139608058798173
TrainValidationSelector,validation,2020-12-09,8.20871505696914,8.140010283734975
TrainValidationSelector,validation,2020-12-10,8.207429122441368,8.140412508671778
TrainValidationSelector,validation,2020-12-11,8.206163324357137,8.14081473360858
TrainValidationSelector,validation,2020-12-14,8.20179453611199,8.141216958545384
TrainValidationSelector,validation,2020-12-15,8.214633018134208,8.141619183482186
TrainValidationSelector,validation,2020-12-16,8.216404243754532,8.142021408418989
TrainValidationSelector,validation,2020-12-17,8.222145386563515,8.142423633355792
TrainValidationSelector,validation,2020-12-18,8.218628089611366,8.142825858292595
TrainValidationSelector,validation,2020-12-21,8.214714161124457,8.143228083229397
TrainValidationSelector,validation,2020-12-22,8.212638916432686,8.1436303081662
TrainValidationSelector,validation,2020-12-23,8.213384449704504,8.144032533103003
TrainValidationSelector,validation,2020-12-24,8.216914799683991,8.144434758039806
TrainValidationSelector,validation,2020-12-28,8.225599507222404,8.144836982976608
TrainValidationSelector,validation,2020-12-29,8.223369642395124,8.145239207913411
TrainValidationSelector,validation,2020-12-30,8.224710290490204,8.145641432850214
TrainValidationSelector,validation,2020-12-31,8.231128495201908,8.146043657787017
TrainValidationSelector,validation,2021-01-04,8.216263732489882,8.14644588272382
TrainValidationSelector,validation,2021-01-05,8.223321363873243,8.146848107660622
TrainValidationSelector,validation,2021-01-06,8.229014967255718,8.147250332597425
TrainValidationSelector,validation,2021-01-07,8.24375322736347,8.147652557534228
TrainValidationSelector,validation,2021-01-08,8.249230064756986,8.14805478247103
TrainValidationSelector,validation,2021-01-11,8.242653737140365,8.148457007407833
TrainValidationSelector,validation,2021-01-12,8.243069439170934,8.148859232344636
TrainValidationSelector,validation,2021-01-13,8.24534249555766,8.149261457281439
TrainValidationSelector,validation,2021-01-14,8.241581982488917,8.149663682218241
TrainValidationSelector,validation,2021-01-15,8.234365981690638,8.150065907155044
TrainValidationSelector,validation,2021-01-19,8.2424694393264,8.150468132091847
TrainValidationSelector,validation,2021-01-20,8.256308856702912,8.15087035702865
TrainValidationSelector,validation,2021-01-21,8.256625529864225,8.151272581965452
TrainValidationSelector,validation,2021-01-22,8.253610377201287,8.151674806902255
TrainValidationSelector,validation,2021-01-25,8.257219694714305,8.152077031839058
TrainValidationSelector,validation,2021-01-26,8.255729751553151,8.15247925677586
TrainValidationSelector,validation,2021-01-27,8.22971643642705,8.152881481712663
TrainValidationSelector,validation,2021-01-28,8.23942973520581,8.153283706649466
TrainValidationSelector,validation,2021-01-29,8.219929357551019,8.153685931586269
TrainValidationSelector,validation,2021-02-01,8.235853657785697,8.154088156523072
TrainValidationSelector,validation,2021-02-02,8.249656186600008,8.154490381459874
TrainValidationSelector,validation,2021-02-03,8.250664447215353,8.154892606396677
TrainValidationSelector,validation,2021-02-04,8.261459294859275,8.15529483133348
TrainValidationSelector,validation,2021-02-05,8.265349214467038,8.155697056270283
TrainValidationSelector,validation,2021-02-08,8.272721321943328,8.156099281207085
TrainValidationSelector,validation,2021-02-09,8.271607176521606,8.156501506143888
TrainValidationSelector,validation,2021-02-10,8.271261931999215,8.156903731080691
TrainValidationSelector,validation,2021-02-11,8.272923006813803,8.157305956017494
TrainValidationSelector,validation,2021-02-12,8.277622977739965,8.157708180954296
TrainValidationSelector,validation,2021-02-16,8.27705354322455,8.1581104058911
TrainValidationSelector,validation,2021-02-17,8.276733089875632,8.158512630827902
TrainValidationSelector,validation,2021-02-18,8.27230747564839,8.158914855764705
TrainValidationSelector,validation,2021-02-19,8.270450856552724,8.159317080701507
TrainValidationSelector,validation,2021-02-22,8.262687963659014,8.15971930563831
TrainValidationSelector,validation,2021-02-23,8.26394349327054,8.160121530575113
TrainValidationSelector,validation,2021-02-24,8.275231160941527,8.160523755511916
TrainValidationSelector,validation,2021-02-25,8.250447766517354,8.160925980448718
TrainValidationSelector,validation,2021-02-26,8.245686234223555,8.161328205385521
TrainValidationSelector,validation,2021-03-01,8.269198407449249,8.161730430322324
TrainValidationSelector,validation,2021-03-02,8.26108472870974,8.162132655259127
TrainValidationSelector,validation,2021-03-03,8.247932392814938,8.16253488019593
TrainValidationSelector,validation,2021-03-04,8.234424354750548,8.162937105132732
TrainValidationSelector,validation,2021-03-05,8.253732711089258,8.163339330069535
TrainValidationSelector,validation,2021-03-08,8.248359067865232,8.163741555006338
TrainValidationSelector,validation,2021-03-09,8.262414468609164,8.16414377994314
TrainValidationSelector,validation,2021-03-10,8.268426672380151,8.164546004879943
TrainValidationSelector,validation,2021-03-11,8.278768497880808,8.164948229816746
TrainValidationSelector,validation,2021-03-12,8.27978338120834,8.165350454753549
TrainValidationSelector,validation,2021-03-15,8.286254320747753,8.165752679690351
TrainValidationSelector,validation,2021-03-16,8.284683403769156,8.166154904627154
TrainValidationSelector,validation,2021-03-17,8.287558648419315,8.166557129563957
TrainValidationSelector,validation,2021-03-18,8.272688088353368,8.16695935450076
TrainValidationSelector,validation,2021-03-19,8.272085202679614,8.167361579437562
TrainValidationSelector,validation,2021-03-22,8.279085759577956,8.167763804374365
TrainValidationSelector,validation,2021-03-23,8.271425641458622,8.168166029311168
TrainValidationSelector,validation,2021-03-24,8.265943304858274,8.16856825424797
TrainValidationSelector,validation,2021-03-25,8.271169888291002,8.168970479184773
TrainValidationSelector,validation,2021-03-26,8.287664306949718,8.169372704121576
TrainValidationSelector,validation,2021-03-29,8.286795917323332,8.169774929058379
TrainValidationSelector,validation,2021-03-30,8.283633087913682,8.170177153995182
TrainValidationSelector,validation,2021-03-31,8.287249041506103,8.170579378931984
TrainValidationSelector,validation,2021-04-01,8.299004871933777,8.170981603868787
TrainValidationSelector,validation,2021-04-05,8.31333985969602,8.17138382880559
TrainValidationSelector,validation,2021-04-06,8.312365854755223,8.171786053742393
TrainValidationSelector,validation,2021-04-07,8.31384000045333,8.172188278679196
TrainValidationSelector,validation,2021-04-08,8.318051751393922,8.172590503615998
TrainValidationSelector,validation,2021-04-09,8.32574203952961,8.172992728552801
TrainValidationSelector,validation,2021-04-12,8.32554594145487,8.173394953489604
TrainValidationSelector,validation,2021-04-13,8.328835013331933,8.173797178426407
TrainValidationSelector,validation,2021-04-14,8.324738909011202,8.17419940336321
TrainValidationSelector,validation,2021-04-15,8.335772010412322,8.174601628300012
TrainValidationSelector,validation,2021-04-16,8.339374333802839,8.175003853236815
TrainValidationSelector,validation,2021-04-19,8.334053643909082,8.175406078173618
TrainValidationSelector,validation,2021-04-20,8.327228082904004,8.17580830311042
TrainValidationSelector,validation,2021-04-21,8.336491103823857,8.176210528047223
TrainValidationSelector,validation,2021-04-22,8.327237765963302,8.176612752984026
TrainValidationSelector,validation,2021-04-23,8.338107175858834,8.177014977920829
TrainValidationSelector,validation,2021-04-26,8.339887860423417,8.177417202857631
TrainValidationSelector,validation,2021-04-27,8.339672941441972,8.177819427794434
TrainValidationSelector,validation,2021-04-28,8.338827043854575,8.178221652731237
TrainValidationSelector,validation,2021-04-29,8.345567085391279,8.17862387766804
TrainValidationSelector,validation,2021-04-30,8.338346371974158,8.179026102604842
TrainValidationSelector,validation,2021-05-03,8.34109069362367,8.179428327541645
TrainValidationSelector,validation,2021-05-04,8.334389956133823,8.179830552478448
TrainValidationSelector,validation,2021-05-05,8.335093172580937,8.18023277741525
TrainValidationSelector,validation,2021-05-06,8.343225472079569,8.180635002352053
TrainValidationSelector,validation,2021-05-07,8.350571763498756,8.181037227288856
TrainValidationSelector,validation,2021-05-10,8.340081282995618,8.181439452225659
TrainValidationSelector,validation,2021-05-11,8.331369532853836,8.181841677162462
TrainValidationSelector,validation,2021-05-12,8.309686750495533,8.182243902099264
TrainValidationSelector,validation,2021-05-13,8.321786395073627,8.182646127036067
TrainValidationSelector,validation,2021-05-14,8.33659417363725,8.18304835197287
TrainValidationSelector,validation,2021-05-17,8.33406091545329,8.183450576909673
TrainValidationSelector,validation,2021-05-18,8.325507143069256,8.183852801846475
TrainValidationSelector,validation,2021-05-19,8.322559391257878,8.184255026783278
TrainValidationSelector,validation,2021-05-20,8.333058820592386,8.18465725172008
TrainValidationSelector,validation,2021-05-21,8.332274632517134,8.185059476656884
TrainValidationSelector,validation,2021-05-24,8.342137129998349,8.185461701593686
TrainValidationSelector,validation,2021-05-25,8.34000958459752,8.185863926530489
TrainValidationSelector,validation,2021-05-26,8.341884642148132,8.186266151467292
TrainValidationSelector,validation,2021-05-27,8.343049278237995,8.186668376404095
TrainValidationSelector,validation,2021-05-28,8.343817864690882,8.187070601340897
TrainValidationSelector,validation,2021-06-01,8.343325409932252,8.1874728262777
TrainValidationSelector,validation,2021-06-02,8.344771298969153,8.187875051214503
TrainValidationSelector,validation,2021-06-03,8.341135995913104,8.188277276151306
TrainValidationSelector,validation,2021-06-04,8.34993129929612,8.188679501088108
TrainValidationSelector,validation,2021-06-07,8.349134243026699,8.189081726024911
TrainValidationSelector,validation,2021-06-08,8.34930925257614,8.189483950961714
TrainValidationSelector,validation,2021-06-09,8.347483719985524,8.189886175898517
TrainValidationSelector,validation,2021-06-10,8.352125174761987,8.19028840083532
TrainValidationSelector,validation,2021-06-11,8.354071713694795,8.190690625772122
TrainValidationSelector,validation,2021-06-14,8.355885270079932,8.191092850708925
TrainValidationSelector,validation,2021-06-15,8.353871550125655,8.191495075645728
TrainValidationSelector,validation,2021-06-16,8.34846684637863,8.19189730058253
TrainValidationSelector,validation,2021-06-17,8.348031035834957,8.192299525519333
TrainValidationSelector,validation,2021-06-18,8.334819680147673,8.192701750456136
TrainValidationSelector,validation,2021-06-21,8.348724843659992,8.193103975392939
TrainValidationSelector,validation,2021-06-22,8.353836250038983,8.193506200329741
TrainValidationSelector,validation,2021-06-23,8.352752379520334,8.193908425266544
TrainValidationSelector,validation,2021-06-24,8.358546809066251,8.194310650203347
TrainValidationSelector,validation,2021-06-25,8.361871872230937,8.19471287514015
TrainValidationSelector,validation,2021-06-28,8.36418416109141,8.195115100076952
TrainValidationSelector,validation,2021-06-29,8.364461458834096,8.195517325013755
TrainValidationSelector,validation,2021-06-30,8.365788737257004,8.195919549950558
TrainValidationSelector,validation,2021-07-01,8.370996778689259,8.19632177488736
TrainValidationSelector,validation,2021-07-02,8.37846887458395,8.196723999824163
TrainValidationSelector,validation,2021-07-06,8.376444971813928,8.197126224760966
TrainValidationSelector,validation,2021-07-07,8.379798318367591,8.197528449697769
TrainValidationSelector,validation,2021-07-08,8.371200437358036,8.197930674634572
TrainValidationSelector,validation,2021-07-09,8.38241526326045,8.198332899571374
TrainValidationSelector,validation,2021-07-12,8.385860495956043,8.198735124508177
TrainValidationSelector,validation,2021-07-13,8.382337484774878,8.19913734944498
TrainValidationSelector,validation,2021-07-14,8.383501741340346,8.199539574381783
TrainValidationSelector,validation,2021-07-15,8.380234167777601,8.199941799318585
TrainValidationSelector,validation,2021-07-16,8.372666752770789,8.200344024255388
TrainValidationSelector,validation,2021-07-19,8.356669971370804,8.200746249192191
TrainValidationSelector,validation,2021-07-20,8.371718777375603,8.201148474128994
TrainValidationSelector,validation,2021-07-21,8.379926819037747,8.201550699065796
TrainValidationSelector,validation,2021-07-22,8.38194145824699,8.2019529240026
TrainValidationSelector,validation,2021-07-23,8.392035790633246,8.202355148939402
TrainValidationSelector,validation,2021-07-26,8.394415157555974,8.202757373876205
TrainValidationSelector,validation,2021-07-27,8.389691574173797,8.203159598813007
TrainValidationSelector,validation,2021-07-28,8.389505294942245,8.20356182374981
TrainValidationSelector,validation,2021-07-29,8.393702626787517,8.203964048686613
TrainValidationSelector,validation,2021-07-30,8.388281913179256,8.204366273623416
TrainValidationSelector,validation,2021-08-02,8.386437407509195,8.204768498560219
TrainValidationSelector,validation,2021-08-03,8.394607368848114,8.205170723497021
TrainValidationSelector,validation,2021-08-04,8.389964218186817,8.205572948433824
TrainValidationSelector,validation,2021-08-05,8.395951704177238,8.205975173370627
TrainValidationSelector,validation,2021-08-06,8.397625568725767,8.20637739830743
TrainValidationSelector,validation,2021-08-09,8.39668521846081,8.206779623244232
TrainValidationSelector,validation,2021-08-10,8.397677405414674,8.207181848181035
TrainValidationSelector,validation,2021-08-11,8.39895233613269,8.207584073117838
TrainValidationSelector,validation,2021-08-12,8.403090143868168,8.20798629805464
TrainValidationSelector,validation,2021-08-13,8.404696160189092,8.208388522991443
TrainValidationSelector,validation,2021-08-16,8.407313582451085,8.208790747928246
TrainValidationSelector,validation,2021-08-17,8.400227838943948,8.209192972865049
TrainValidationSelector,validation,2021-08-18,8.389421186098692,8.209595197801852
TrainValidationSelector,validation,2021-08-19,8.39067708935485,8.209997422738654
TrainValidationSelector,validation,2021-08-20,8.398785693245593,8.210399647675457
TrainValidationSelector,validation,2021-08-23,8.407273361230004,8.21080187261226
TrainValidationSelector,validation,2021-08-24,8.408767980031966,8.211204097549063
TrainValidationSelector,validation,2021-08-25,8.410985637435218,8.211606322485865
TrainValidationSelector,validation,2021-08-26,8.405143687607614,8.212008547422668
TrainValidationSelector,validation,2021-08-27,8.413912759148067,8.21241077235947
TrainValidationSelector,validation,2021-08-30,8.418210083254941,8.212812997296274
TrainValidationSelector,validation,2021-08-31,8.416860056339049,8.213215222233076
TrainValidationSelector,validation,2021-09-01,8.4171716964,8.213617447169879
TrainValidationSelector,validation,2021-09-02,8.420010302154406,8.214019672106682
TrainValidationSelector,validation,2021-09-03,8.419675214893225,8.214421897043485
TrainValidationSelector,validation,2021-09-07,8.416273862440903,8.214824121980287
TrainValidationSelector,validation,2021-09-08,8.414954425627087,8.21522634691709
TrainValidationSelector,validation,2021-09-09,8.410338178477085,8.215628571853893
TrainValidationSelector,validation,2021-09-10,8.402585626190808,8.216030796790696
TrainValidationSelector,validation,2021-09-13,8.404859526537178,8.216433021727498
TrainValidationSelector,validation,2021-09-14,8.39909631257092,8.216835246664301
TrainValidationSelector,validation,2021-09-15,8.407534606793,8.217237471601104
TrainValidationSelector,validation,2021-09-16,8.405982262080235,8.217639696537907
TrainValidationSelector,validation,2021-09-17,8.396829631804437,8.21804192147471
TrainValidationSelector,validation,2021-09-20,8.379706554078055,8.218444146411512
TrainValidationSelector,validation,2021-09-21,8.378893865419508,8.218846371348315
TrainValidationSelector,validation,2021-09-22,8.388368450643727,8.219248596285118
TrainValidationSelector,validation,2021-09-23,8.400430131013664,8.21965082122192
TrainValidationSelector,validation,2021-09-24,8.401890073825028,8.220053046158723
TrainValidationSelector,validation,2021-09-27,8.39910982990484,8.220455271095526
TrainValidationSelector,validation,2021-09-28,8.378535512164946,8.220857496032329
TrainValidationSelector,validation,2021-09-29,8.38010346650123,8.221259720969131
TrainValidationSelector,validation,2021-09-30,8.368122263556215,8.221661945905934
TrainValidationSelector,validation,2021-10-01,8.37954821566955,8.222064170842737
TrainValidationSelector,validation,2021-10-04,8.366477263620906,8.22246639577954
TrainValidationSelector,validation,2021-10-05,8.376946781119507,8.222868620716342
TrainValidationSelector,validation,2021-10-06,8.381041180469131,8.223270845653145
TrainValidationSelector,validation,2021-10-07,8.389305219694197,8.223673070589948
TrainValidationSelector,validation,2021-10-08,8.387389663091776,8.22407529552675
TrainValidationSelector,validation,2021-10-11,8.380500221447436,8.224477520463553
TrainValidationSelector,validation,2021-10-12,8.378080515760882,8.224879745400356
TrainValidationSelector,validation,2021-10-13,8.381098471631113,8.225281970337159
TrainValidationSelector,validation,2021-10-14,8.398017633916824,8.225684195273962
TrainValidationSelector,validation,2021-10-15,8.405450154554014,8.226086420210764
TrainValidationSelector,validation,2021-10-18,8.408819242355818,8.226488645147567
TrainValidationSelector,validation,2021-10-19,8.416185385140054,8.22689087008437
TrainValidationSelector,validation,2021-10-20,8.419842718738614,8.227293095021173
TrainValidationSelector,validation,2021-10-21,8.422834111906974,8.227695319957975
TrainValidationSelector,validation,2021-10-22,8.421760982682311,8.228097544894778
TrainValidationSelector,validation,2021-10-25,8.426497942123165,8.228499769831581
TrainValidationSelector,validation,2021-10-26,8.428316083555409,8.228901994768384
TrainValidationSelector,validation,2021-10-27,8.423251713184303,8.229304219705186
TrainValidationSelector,validation,2021-10-28,8.433033001608488,8.22970644464199
TrainValidationSelector,validation,2021-10-29,8.434980438840205,8.230108669578792
TrainValidationSelector,validation,2021-11-01,8.436778897786107,8.230510894515595
TrainValidationSelector,validation,2021-11-02,8.440452504906496,8.230913119452397
TrainValidationSelector,validation,2021-11-03,8.446892999519385,8.2313153443892
TrainValidationSelector,validation,2021-11-04,8.451066221862202,8.231717569326003
TrainValidationSelector,validation,2021-11-05,8.454792071907487,8.232119794262806
TrainValidationSelector,validation,2021-11-08,8.455679465968188,8.232522019199608
TrainValidationSelector,validation,2021-11-09,8.45217455504179,8.232924244136411
TrainValidationSelector,validation,2021-11-10,8.443914712877929,8.233326469073214
TrainValidationSelector,validation,2021-11-11,8.444465501210917,8.233728694010017
TrainValidationSelector,validation,2021-11-12,8.451662198775047,8.23413091894682
TrainValidationSelector,validation,2021-11-15,8.45165145889703,8.234533143883622
TrainValidationSelector,validation,2021-11-16,8.455509237954157,8.234935368820425
TrainValidationSelector,validation,2021-11-17,8.452904222471261,8.235337593757228
TrainValidationSelector,validation,2021-11-18,8.456283287211432,8.23573981869403
TrainValidationSelector,validation,2021-11-19,8.454883642606445,8.236142043630833
TrainValidationSelector,validation,2021-11-22,8.451681384289484,8.236544268567636
TrainValidationSelector,validation,2021-11-23,8.453337145672679,8.236946493504439
TrainValidationSelector,validation,2021-11-24,8.455628369449347,8.237348718441242
TrainValidationSelector,validation,2021-11-26,8.432641358290025,8.237750943378044
TrainValidationSelector,validation,2021-11-29,8.445755194372849,8.238153168314847
TrainValidationSelector,validation,2021-11-30,8.426611813185,8.23855539325165
TrainValidationSelector,validation,2021-12-01,8.414726271727043,8.238957618188453
TrainValidationSelector,validation,2021-12-02,8.4288209101231,8.239359843125255
TrainValidationSelector,validation,2021-12-03,8.420336454981362,8.239762068062058
TrainValidationSelector,validation,2021-12-06,8.431999054291047,8.24016429299886
TrainValidationSelector,validation,2021-12-07,8.4524946574773,8.240566517935664
TrainValidationSelector,validation,2021-12-08,8.455575193063886,8.240968742872466
TrainValidationSelector,validation,2021-12-09,8.448368204831363,8.241370967809269
TrainValidationSelector,validation,2021-12-10,8.457871973949572,8.241773192746072
TrainValidationSelector,validation,2021-12-13,8.448693815606779,8.242175417682875
TrainValidationSelector,validation,2021-12-14,8.441195092752155,8.242577642619677
TrainValidationSelector,validation,2021-12-15,8.457411360104047,8.24297986755648
TrainValidationSelector,validation,2021-12-16,8.448629496792934,8.243382092493283
TrainValidationSelector,validation,2021-12-17,8.43828853220888,8.243784317430086
TrainValidationSelector,validation,2021-12-20,8.426835133885623,8.244186542366888
TrainValidationSelector,validation,2021-12-21,8.44445688927082,8.244588767303691
TrainValidationSelector,validation,2021-12-22,8.454585617299946,8.244990992240494
TrainValidationSelector,validation,2021-12-23,8.460790029985198,8.245393217177297
TrainValidationSelector,validation,2021-12-27,8.474534081558804,8.2457954421141
TrainValidationSelector,validation,2021-12-28,8.473523416159917,8.246197667050902
TrainValidationSelector,validation,2021-12-29,8.474924329561775,8.246599891987705
TrainValidationSelector,validation,2021-12-30,8.47193009571987,8.247002116924508
TrainValidationSelector,validation,2021-12-31,8.469300461346396,8.24740434186131
TrainValidationSelector,validation,2022-01-03,8.475654285516784,8.247806566798113
TrainValidationSelector,validation,2022-01-04,8.47502446526458,8.248208791734916
TrainValidationSelector,validation,2022-01-05,8.45544120096008,8.248611016671719
TrainValidationSelector,validation,2022-01-06,8.454476967219898,8.249013241608521
TrainValidationSelector,validation,2022-01-07,8.450418526137563,8.249415466545324
TrainValidationSelector,validation,2022-01-10,8.448976455600024,8.249817691482127
TrainValidationSelector,validation,2022-01-11,8.458094742052422,8.25021991641893
TrainValidationSelector,validation,2022-01-12,8.460908534067089,8.250622141355732
TrainValidationSelector,validation,2022-01-13,8.44656250483269,8.251024366292535
TrainValidationSelector,validation,2022-01-14,8.44738214910228,8.251426591229338
TrainValidationSelector,validation,2022-01-18,8.428823043704272,8.25182881616614
TrainValidationSelector,validation,2022-01-19,8.419086252762812,8.252231041102943
TrainValidationSelector,validation,2022-01-20,8.40798751045848,8.252633266039746
TrainValidationSelector,validation,2022-01-21,8.388891515133844,8.253035490976549
TrainValidationSelector,validation,2022-01-24,8.391659419892115,8.253437715913352
TrainValidationSelector,validation,2022-01-25,8.379412829335248,8.253839940850154
TrainValidationSelector,validation,2022-01-26,8.377915072409362,8.254242165786957
TrainValidationSelector,validation,2022-01-27,8.372516437209391,8.25464439072376
TrainValidationSelector,validation,2022-01-28,8.396572405124127,8.255046615660563
TrainValidationSelector,validation,2022-01-31,8.415282231347112,8.255448840597365
TrainValidationSelector,validation,2022-02-01,8.42212179169543,8.255851065534168
TrainValidationSelector,validation,2022-02-02,8.431500192143753,8.256253290470971
TrainValidationSelector,validation,2022-02-03,8.406806720423633,8.256655515407774
TrainValidationSelector,validation,2022-02-04,8.411950398863496,8.257057740344576
TrainValidationSelector,validation,2022-02-07,8.408241817935668,8.25745996528138
TrainValidationSelector,validation,2022-02-08,8.416607931402302,8.257862190218182
TrainValidationSelector,validation,2022-02-09,8.431020773481567,8.258264415154985
TrainValidationSelector,validation,2022-02-10,8.41273894899651,8.258666640091787
TrainValidationSelector,validation,2022-02-11,8.393587266358425,8.25906886502859
TrainValidationSelector,validation,2022-02-14,8.389739275602796,8.259471089965393
TrainValidationSelector,validation,2022-02-15,8.40538299324886,8.259873314902196
TrainValidationSelector,validation,2022-02-16,8.406263812969144,8.260275539838998
TrainValidationSelector,validation,2022-02-17,8.384863308832207,8.260677764775801
TrainValidationSelector,validation,2022-02-18,8.377671347168341,8.261079989712604
TrainValidationSelector,validation,2022-02-22,8.367476611733325,8.261482214649407
TrainValidationSelector,validation,2022-02-23,8.348892875984538,8.26188443958621
TrainValidationSelector,validation,2022-02-24,8.363738981237262,8.262286664523012
TrainValidationSelector,validation,2022-02-25,8.385865061788527,8.262688889459815
TrainValidationSelector,validation,2022-02-28,8.3834194703254,8.263091114396618
TrainValidationSelector,validation,2022-03-01,8.367825002538789,8.26349333933342
TrainValidationSelector,validation,2022-03-02,8.386296049319439,8.263895564270223
TrainValidationSelector,validation,2022-03-03,8.381027528575194,8.264297789207026
TrainValidationSelector,validation,2022-03-04,8.373061844032192,8.264700014143829
TrainValidationSelector,validation,2022-03-07,8.343099257217776,8.265102239080631
TrainValidationSelector,validation,2022-03-08,8.335839213242078,8.265504464017434
TrainValidationSelector,validation,2022-03-09,8.361212811364219,8.265906688954237
TrainValidationSelector,validation,2022-03-10,8.356911761443971,8.26630891389104
TrainValidationSelector,validation,2022-03-11,8.343865482510733,8.266711138827842
TrainValidationSelector,validation,2022-03-14,8.3364168074152,8.267113363764645
TrainValidationSelector,validation,2022-03-15,8.357599437139346,8.267515588701448
TrainValidationSelector,validation,2022-03-16,8.379736358787738,8.26791781363825
TrainValidationSelector,validation,2022-03-17,8.39200856385644,8.268320038575053
TrainValidationSelector,validation,2022-03-18,8.403603378268327,8.268722263511856
TrainValidationSelector,validation,2022-03-21,8.403168623414025,8.269124488448659
TrainValidationSelector,validation,2022-03-22,8.4144093229681,8.269526713385462
TrainValidationSelector,validation,2022-03-23,8.402060692715605,8.269928938322265
TrainValidationSelector,validation,2022-03-24,8.416302704997223,8.270331163259067
TrainValidationSelector,validation,2022-03-25,8.42135608570146,8.27073338819587
TrainValidationSelector,validation,2022-03-28,8.428475636721503,8.271135613132673
TrainValidationSelector,validation,2022-03-29,8.440657680822895,8.271537838069476
TrainValidationSelector,validation,2022-03-30,8.434344091823805,8.271940063006278
TrainValidationSelector,validation,2022-03-31,8.418567756596923,8.272342287943081
TrainValidationSelector,validation,2022-04-01,8.421972177558386,8.272744512879884
TrainValidationSelector,validation,2022-04-04,8.43003056009052,8.273146737816687
TrainValidationSelector,validation,2022-04-05,8.417399401016514,8.27354896275349
TrainValidationSelector,validation,2022-04-06,8.407634967104036,8.273951187690292
TrainValidationSelector,validation,2022-04-07,8.411879332656072,8.274353412627095
TrainValidationSelector,validation,2022-04-08,8.40922478598052,8.274755637563898
TrainValidationSelector,validation,2022-04-11,8.392203451395824,8.2751578625007
TrainValidationSelector,validation,2022-04-12,8.38878015086537,8.275560087437503
TrainValidationSelector,validation,2022-04-13,8.399892754134273,8.275962312374306
TrainValidationSelector,validation,2022-04-14,8.387674273750765,8.276364537311109
TrainValidationSelector,validation,2022-04-18,8.387469384478358,8.276766762247911
TrainValidationSelector,validation,2022-04-19,8.403399429227745,8.277168987184714
TrainValidationSelector,validation,2022-04-20,8.402780762821562,8.277571212121517
TrainValidationSelector,validation,2022-04-21,8.387917907270252,8.27797343705832
TrainValidationSelector,validation,2022-04-22,8.359785830892884,8.278375661995122
TrainValidationSelector,validation,2022-04-25,8.365467596036996,8.278777886931925
TrainValidationSelector,validation,2022-04-26,8.336917587108399,8.279180111868728
TrainValidationSelector,validation,2022-04-27,8.339013436133364,8.27958233680553
TrainValidationSelector,validation,2022-04-28,8.363459091474196,8.279984561742333
TrainValidationSelector,validation,2022-04-29,8.3264999316895,8.280386786679136
TrainValidationSelector,validation,2022-05-02,8.33215913098332,8.280789011615939
TrainValidationSelector,validation,2022-05-03,8.336984596058679,8.281191236552742
TrainValidationSelector,validation,2022-05-04,8.366409817616006,8.281593461489544
TrainValidationSelector,validation,2022-05-05,8.330109140051906,8.281995686426347
TrainValidationSelector,validation,2022-05-06,8.324418755637954,8.28239791136315
TrainValidationSelector,validation,2022-05-09,8.29185723609835,8.282800136299953
TrainValidationSelector,validation,2022-05-10,8.294312117858759,8.283202361236755
TrainValidationSelector,validation,2022-05-11,8.277711885763061,8.283604586173558
TrainValidationSelector,validation,2022-05-12,8.276415080768949,8.28400681111036
TrainValidationSelector,validation,2022-05-13,8.300004348725817,8.284409036047164
TrainValidationSelector,validation,2022-05-16,8.296050140208095,8.284811260983966
TrainValidationSelector,validation,2022-05-17,8.316019059789557,8.28521348592077
TrainValidationSelector,validation,2022-05-18,8.27478525049831,8.285615710857572
TrainValidationSelector,validation,2022-05-19,8.26893438572096,8.286017935794375
TrainValidationSelector,validation,2022-05-20,8.269080516812952,8.286420160731177
TrainValidationSelector,validation,2022-05-23,8.287465512225012,8.28682238566798
TrainValidationSelector,validation,2022-05-24,8.279311561321455,8.287224610604783
TrainValidationSelector,validation,2022-05-25,8.288717946970387,8.287626835541586
TrainValidationSelector,validation,2022-05-26,8.308406112978107,8.288029060478388
TrainValidationSelector,validation,2022-05-27,8.332847243173928,8.288431285415191
TrainValidationSelector,validation,2022-05-31,8.326553107980262,8.288833510351994
TrainValidationSelector,validation,2022-06-01,8.319042202939107,8.289235735288797
TrainValidationSelector,validation,2022-06-02,8.337305428354652,8.2896379602256
TrainValidationSelector,validation,2022-06-03,8.320823022744834,8.290040185162402
TrainValidationSelector,validation,2022-06-06,8.323955512151871,8.290442410099205
TrainValidationSelector,validation,2022-06-07,8.33343384368359,8.290844635036008
TrainValidationSelector,validation,2022-06-08,8.322581220643436,8.29124685997281
TrainValidationSelector,validation,2022-06-09,8.29849476297828,8.291649084909613
TrainValidationSelector,validation,2022-06-10,8.26895234816687,8.292051309846416
TrainValidationSelector,validation,2022-06-13,8.22941241617683,8.292453534783219
TrainValidationSelector,validation,2022-06-14,8.22563159813734,8.292855759720021
TrainValidationSelector,validation,2022-06-15,8.240118656973875,8.293257984656824
TrainValidationSelector,validation,2022-06-16,8.207066449860035,8.293660209593627
TrainValidationSelector,validation,2022-06-17,8.209264897201047,8.29406243453043
TrainValidationSelector,validation,2022-06-21,8.23344737216172,8.294464659467232
TrainValidationSelector,validation,2022-06-22,8.232144952066362,8.294866884404035
TrainValidationSelector,validation,2022-06-23,8.241632024551919,8.295269109340838
TrainValidationSelector,validation,2022-06-24,8.27173756428182,8.29567133427764
TrainValidationSelector,validation,2022-06-27,8.26876006439148,8.296073559214443
TrainValidationSelector,validation,2022-06-28,8.248411391241984,8.296475784151246
TrainValidationSelector,validation,2022-06-29,8.247699392421811,8.296878009088049
TrainValidationSelector,validation,2022-06-30,8.238901526175443,8.297280234024852
TrainValidationSelector,validation,2022-07-01,8.249400037472084,8.297682458961654
TrainValidationSelector,validation,2022-07-05,8.250982912578277,8.298084683898457
TrainValidationSelector,validation,2022-07-06,8.254549708283342,8.29848690883526
TrainValidationSelector,validation,2022-07-07,8.269403431464273,8.298889133772063
TrainValidationSelector,validation,2022-07-08,8.268572815068145,8.299291358708865
TrainValidationSelector,validation,2022-07-11,8.25697839740762,8.299693583645668
TrainValidationSelector,validation,2022-07-12,8.247691528910126,8.300095808582471
TrainValidationSelector,validation,2022-07-13,8.24322466479831,8.300498033519274
TrainValidationSelector,validation,2022-07-14,8.240221525985545,8.300900258456076
TrainValidationSelector,validation,2022-07-15,8.259240757644179,8.30130248339288
TrainValidationSelector,validation,2022-07-18,8.250842015158343,8.301704708329682
TrainValidationSelector,validation,2022-07-19,8.278095532802073,8.302106933266485
TrainValidationSelector,validation,2022-07-20,8.283974026743131,8.302509158203287
TrainValidationSelector,validation,2022-07-21,8.293787093432636,8.30291138314009
TrainValidationSelector,validation,2022-07-22,8.284410806138823,8.303313608076893
TrainValidationSelector,validation,2022-07-25,8.285725109112128,8.303715833013696
TrainValidationSelector,validation,2022-07-26,8.274114766512865,8.304118057950499
TrainValidationSelector,validation,2022-07-27,8.299934815291493,8.304520282887301
TrainValidationSelector,validation,2022-07-28,8.311995135083405,8.304922507824104
TrainValidationSelector,validation,2022-07-29,8.32610291086516,8.305324732760907
TrainValidationSelector,validation,2022-08-01,8.323275834320244,8.30572695769771
TrainValidationSelector,validation,2022-08-02,8.316591145941372,8.306129182634512
TrainValidationSelector,validation,2022-08-03,8.332108602211463,8.306531407571315
TrainValidationSelector,validation,2022-08-04,8.331330959761878,8.306933632508118
TrainValidationSelector,validation,2022-08-05,8.32970389074296,8.30733585744492
TrainValidationSelector,validation,2022-08-08,8.32846557362084,8.307738082381723
TrainValidationSelector,validation,2022-08-09,8.324207829384912,8.308140307318526
TrainValidationSelector,validation,2022-08-10,8.34527498784532,8.308542532255329
TrainValidationSelector,validation,2022-08-11,8.344569264923118,8.308944757192132
TrainValidationSelector,validation,2022-08-12,8.36174331187461,8.309346982128934
TrainValidationSelector,validation,2022-08-15,8.365704995930844,8.309749207065737
TrainValidationSelector,validation,2022-08-16,8.367578918756791,8.31015143200254
TrainValidationSelector,validation,2022-08-17,8.360314803889144,8.310553656939343
TrainValidationSelector,validation,2022-08-18,8.36258179349553,8.310955881876145
TrainValidationSelector,validation,2022-08-19,8.34959786478249,8.311358106812948
TrainValidationSelector,validation,2022-08-22,8.327965498315995,8.31176033174975
TrainValidationSelector,validation,2022-08-23,8.325725127881558,8.312162556686554
TrainValidationSelector,validation,2022-08-24,8.328637044580281,8.312564781623356
TrainValidationSelector,validation,2022-08-25,8.342630286416389,8.312967006560159
TrainValidationSelector,validation,2022-08-26,8.30836171009935,8.313369231496962
TrainValidationSelector,validation,2022-08-29,8.301673034902024,8.313771456433765
TrainValidationSelector,validation,2022-08-30,8.290583618409908,8.314173681370567
TrainValidationSelector,validation,2022-08-31,8.282735880201754,8.31457590630737
TrainValidationSelector,validation,2022-09-01,8.28572763246895,8.314978131244173
TrainValidationSelector,validation,2022-09-02,8.274933079898226,8.315380356180976
TrainValidationSelector,validation,2022-09-06,8.27082961520733,8.315782581117778
TrainValidationSelector,validation,2022-09-07,8.2890044638735,8.316184806054581
TrainValidationSelector,validation,2022-09-08,8.295593430753941,8.316587030991384
TrainValidationSelector,validation,2022-09-09,8.310749445735153,8.316989255928187
TrainValidationSelector,validation,2022-09-12,8.32127809721915,8.31739148086499
TrainValidationSelector,validation,2022-09-13,8.277078934187175,8.317793705801792
TrainValidationSelector,validation,2022-09-14,8.28046022326602,8.318195930738595
TrainValidationSelector,validation,2022-09-15,8.26907795109787,8.318598155675398
TrainValidationSelector,validation,2022-09-16,8.261869901322207,8.3190003806122
TrainValidationSelector,validation,2022-09-19,8.268703599046912,8.319402605549003
TrainValidationSelector,validation,2022-09-20,8.257367484310313,8.319804830485806
TrainValidationSelector,validation,2022-09-21,8.240102810211805,8.320207055422609
TrainValidationSelector,validation,2022-09-22,8.231639516381351,8.320609280359411
TrainValidationSelector,validation,2022-09-23,8.214256687614022,8.321011505296214
TrainValidationSelector,validation,2022-09-26,8.20386232672374,8.321413730233017
TrainValidationSelector,validation,2022-09-27,8.201739715768916,8.32181595516982
TrainValidationSelector,validation,2022-09-28,8.22122085995007,8.322218180106622
TrainValidationSelector,validation,2022-09-29,8.19986806512697,8.322620405043425
TrainValidationSelector,validation,2022-09-30,8.184686713580762,8.323022629980228
TrainValidationSelector,validation,2022-10-03,8.210241291111691,8.32342485491703
TrainValidationSelector,validation,2022-10-04,8.240366632528492,8.323827079853833
TrainValidationSelector,validation,2022-10-05,8.238346644969553,8.324229304790636
TrainValidationSelector,validation,2022-10-06,8.228048722058158,8.324631529727439
TrainValidationSelector,validation,2022-10-07,8.19964552552668,8.325033754664242
TrainValidationSelector,validation,2022-10-10,8.192124852393027,8.325435979601044
TrainValidationSelector,validation,2022-10-11,8.185584333980703,8.325838204537847
TrainValidationSelector,validation,2022-10-12,8.182288134330538,8.32624042947465
TrainValidationSelector,validation,2022-10-13,8.207922393638169,8.326642654411453
TrainValidationSelector,validation,2022-10-14,8.18397527289364,8.327044879348255
TrainValidationSelector,validation,2022-10-17,8.210110797451202,8.327447104285058
TrainValidationSelector,validation,2022-10-18,8.22147356565829,8.327849329221861
TrainValidationSelector,validation,2022-10-19,8.214779110418604,8.328251554158664
TrainValidationSelector,validation,2022-10-20,8.206796423679839,8.328653779095466
TrainValidationSelector,validation,2022-10-21,8.230244183540286,8.32905600403227
TrainValidationSelector,validation,2022-10-24,8.242056123745398,8.329458228969072
TrainValidationSelector,validation,2022-10-25,8.258191893761271,8.329860453905875
TrainValidationSelector,validation,2022-10-26,8.250776753362283,8.330262678842677
TrainValidationSelector,validation,2022-10-27,8.244675568309098,8.33066490377948
TrainValidationSelector,validation,2022-10-28,8.269003605079954,8.331067128716283
TrainValidationSelector,validation,2022-10-31,8.261521278049617,8.331469353653086
TrainValidationSelector,validation,2022-11-01,8.257411614329259,8.331871578589888
TrainValidationSelector,validation,2022-11-02,8.232091770591776,8.332273803526691
TrainValidationSelector,validation,2022-11-03,8.221449348059819,8.332676028463494
TrainValidationSelector,validation,2022-11-04,8.234976171345382,8.333078253400297
TrainValidationSelector,validation,2022-11-07,8.244544233024742,8.3334804783371
TrainValidationSelector,validation,2022-11-08,8.250126515853502,8.333882703273902
TrainValidationSelector,validation,2022-11-09,8.2291297311412,8.334284928210705
TrainValidationSelector,validation,2022-11-10,8.283082246805996,8.334687153147508
TrainValidationSelector,validation,2022-11-11,8.292280559110766,8.33508937808431
TrainValidationSelector,validation,2022-11-14,8.283304618565849,8.335491603021113
TrainValidationSelector,validation,2022-11-15,8.291979994980517,8.335893827957916
TrainValidationSelector,validation,2022-11-16,8.283693711868644,8.336296052894719
TrainValidationSelector,validation,2022-11-17,8.280599607224413,8.336698277831522
TrainValidationSelector,validation,2022-11-18,8.285346902872572,8.337100502768324
TrainValidationSelector,validation,2022-11-21,8.281455653072296,8.337502727705127
TrainValidationSelector,validation,2022-11-22,8.294944259342126,8.33790495264193
TrainValidationSelector,validation,2022-11-23,8.300841525383863,8.338307177578733
TrainValidationSelector,validation,2022-11-25,8.30055844112166,8.338709402515535
TrainValidationSelector,validation,2022-11-28,8.284993744327595,8.339111627452338
TrainValidationSelector,validation,2022-11-29,8.283400610625971,8.33951385238914
TrainValidationSelector,validation,2022-11-30,8.313879254147267,8.339916077325944
TrainValidationSelector,validation,2022-12-01,8.31301124431766,8.340318302262746
TrainValidationSelector,validation,2022-12-02,8.311815869653898,8.340720527199549
TrainValidationSelector,validation,2022-12-05,8.293759620022927,8.341122752136352
TrainValidationSelector,validation,2022-12-06,8.27925575059994,8.341524977073155
TrainValidationSelector,validation,2022-12-07,8.277391643346558,8.341927202009957
TrainValidationSelector,validation,2022-12-08,8.284885277760491,8.34232942694676
TrainValidationSelector,validation,2022-12-09,8.27750855829628,8.342731651883563
TrainValidationSelector,validation,2022-12-12,8.29168686559593,8.343133876820366
TrainValidationSelector,validation,2022-12-13,8.298950088851386,8.343536101757168
TrainValidationSelector,validation,2022-12-14,8.29287897222755,8.343938326693971
TrainValidationSelector,validation,2022-12-15,8.267641494325725,8.344340551630774
TrainValidationSelector,validation,2022-12-16,8.256441254379713,8.344742776567577
TrainValidationSelector,validation,2022-12-19,8.247392925438609,8.34514500150438
TrainValidationSelector,validation,2022-12-20,8.248429726136498,8.345547226441182
TrainValidationSelector,validation,2022-12-21,8.263188274805554,8.345949451377985
TrainValidationSelector,validation,2022-12-22,8.248631132307407,8.346351676314788
TrainValidationSelector,validation,2022-12-23,8.254482084579323,8.34675390125159
TrainValidationSelector,validation,2022-12-27,8.250424240544664,8.347156126188393
TrainValidationSelector,validation,2022-12-28,8.238330770101715,8.347558351125196
TrainValidationSelector,validation,2022-12-29,8.255641404416709,8.347960576061999
TrainValidationSelector,validation,2022-12-30,8.253097428770598,8.348362800998801
TrainValidationSelector,validation,2023-01-03,8.249088856289324,8.348765025935604
TrainValidationSelector,validation,2023-01-04,8.256599550851464,8.349167250872407
TrainValidationSelector,validation,2023-01-05,8.244885681715006,8.34956947580921
TrainValidationSelector,validation,2023-01-06,8.267469517304038,8.349971700746012
TrainValidationSelector,validation,2023-01-09,8.266701589978046,8.350373925682815
TrainValidationSelector,validation,2023-01-10,8.27365558794864,8.350776150619618
TrainValidationSelector,validation,2023-01-11,8.286423159140934,8.35117837555642
TrainValidationSelector,validation,2023-01-12,8.289833244052977,8.351580600493223
TrainValidationSelector,validation,2023-01-13,8.293822136197633,8.351982825430026
TrainValidationSelector,validation,2023-01-17,8.291789580766636,8.352385050366829
TrainValidationSelector,validation,2023-01-18,8.276104613788892,8.352787275303632
TrainValidationSelector,validation,2023-01-19,8.26843694188708,8.353189500240434
TrainValidationSelector,validation,2023-01-20,8.287178615439432,8.353591725177237
TrainValidationSelector,validation,2023-01-23,8.29898993139076,8.35399395011404
TrainValidationSelector,validation,2023-01-24,8.298278175026468,8.354396175050843
TrainValidationSelector,validation,2023-01-25,8.298096433453003,8.354798399987645
TrainValidationSelector,validation,2023-01-26,8.309044141482117,8.355200624924448
TrainValidationSelector,validation,2023-01-27,8.311535875503822,8.355602849861251
TrainValidationSelector,validation,2023-01-30,8.298482306188529,8.356005074798054
TrainValidationSelector,validation,2023-01-31,8.313018610604948,8.356407299734856
TrainValidationSelector,validation,2023-02-01,8.323416666901833,8.35680952467166
TrainValidationSelector,validation,2023-02-02,8.338009051528687,8.357211749608462
TrainValidationSelector,validation,2023-02-03,8.327600458891402,8.357613974545265
TrainValidationSelector,validation,2023-02-06,8.321441065697462,8.358016199482067
TrainValidationSelector,validation,2023-02-07,8.33423142973486,8.35841842441887
TrainValidationSelector,validation,2023-02-08,8.323088856722448,8.358820649355673
TrainValidationSelector,validation,2023-02-09,8.31421984689141,8.359222874292476
TrainValidationSelector,validation,2023-02-10,8.316412702600628,8.359625099229278
TrainValidationSelector,validation,2023-02-13,8.327796272551783,8.360027324166081
TrainValidationSelector,test,2023-02-14,8.32751581869629,8.32790579856288
TrainValidationSelector,test,2023-02-15,8.330285156229365,8.328298170724764
TrainValidationSelector,test,2023-02-16,8.316400467024485,8.32869054288665
TrainValidationSelector,test,2023-02-17,8.313629224852201,8.329082915048534
TrainValidationSelector,test,2023-02-21,8.29338444087873,8.32947528721042
TrainValidationSelector,test,2023-02-22,8.291809645393087,8.329867659372304
TrainValidationSelector,test,2023-02-23,8.297124923656325,8.33026003153419
TrainValidationSelector,test,2023-02-24,8.28653145903655,8.330652403696075
TrainValidationSelector,test,2023-02-27,8.289599751576102,8.33104477585796
TrainValidationSelector,test,2023-02-28,8.286559131745154,8.331437148019845
TrainValidationSelector,test,2023-03-01,8.281822667541661,8.33182952018173
TrainValidationSelector,test,2023-03-02,8.289376261272858,8.332221892343615
TrainValidationSelector,test,2023-03-03,8.305395010449342,8.3326142645055
TrainValidationSelector,test,2023-03-06,8.30608194122819,8.333006636667385
TrainValidationSelector,test,2023-03-07,8.290636350748926,8.33339900882927
TrainValidationSelector,test,2023-03-08,8.292050144884529,8.333791380991155
TrainValidationSelector,test,2023-03-09,8.273418286939048,8.33418375315304
TrainValidationSelector,test,2023-03-10,8.25883431750298,8.334576125314925
TrainValidationSelector,test,2023-03-13,8.257323415662242,8.33496849747681
TrainValidationSelector,test,2023-03-14,8.273665803897606,8.335360869638695
TrainValidationSelector,test,2023-03-15,8.266660439968252,8.33575324180058
TrainValidationSelector,test,2023-03-16,8.284070016217283,8.336145613962465
TrainValidationSelector,test,2023-03-17,8.27298939494333,8.33653798612435
TrainValidationSelector,test,2023-03-20,8.281868264579272,8.336930358286235
TrainValidationSelector,test,2023-03-21,8.29476691209783,8.33732273044812
TrainValidationSelector,test,2023-03-22,8.278166663457988,8.337715102610005
TrainValidationSelector,test,2023-03-23,8.28114674732717,8.33810747477189
TrainValidationSelector,test,2023-03-24,8.286770710411473,8.338499846933775
TrainValidationSelector,test,2023-03-27,8.28841630997524,8.33889221909566
TrainValidationSelector,test,2023-03-28,8.286841226686851,8.339284591257545
TrainValidationSelector,test,2023-03-29,8.300978097461899,8.33967696341943
TrainValidationSelector,test,2023-03-30,8.306677096661382,8.340069335581315
TrainValidationSelector,test,2023-03-31,8.321010424443418,8.3404617077432
TrainValidationSelector,test,2023-04-03,8.324702447009221,8.340854079905085
TrainValidationSelector,test,2023-04-04,8.318888607264059,8.34124645206697
TrainValidationSelector,test,2023-04-05,8.316393125606938,8.341638824228855
TrainValidationSelector,test,2023-04-06,8.31996589873974,8.34203119639074
TrainValidationSelector,test,2023-04-10,8.32096170575675,8.342423568552626
TrainValidationSelector,test,2023-04-11,8.320920352423768,8.34281594071451
TrainValidationSelector,test,2023-04-12,8.316776896100306,8.343208312876396
TrainValidationSelector,test,2023-04-13,8.329952406598137,8.34360068503828
TrainValidationSelector,test,2023-04-14,8.327880889013558,8.343993057200166
TrainValidationSelector,test,2023-04-17,8.331181592596174,8.34438542936205
TrainValidationSelector,test,2023-04-18,8.33203644739964,8.344777801523936
TrainValidationSelector,test,2023-04-19,8.3319521818517,8.34517017368582
TrainValidationSelector,test,2023-04-20,8.325981846663389,8.345562545847706
TrainValidationSelector,test,2023-04-21,8.32688462792069,8.34595491800959
TrainValidationSelector,test,2023-04-24,8.327735844698962,8.346347290171476
TrainValidationSelector,test,2023-04-25,8.311798660880385,8.346739662333361
TrainValidationSelector,test,2023-04-26,8.30795007737704,8.347132034495246
TrainValidationSelector,test,2023-04-27,8.327327270779737,8.347524406657131
TrainValidationSelector,test,2023-04-28,8.33554660209298,8.347916778819016
TrainValidationSelector,test,2023-05-01,8.33516042104447,8.348309150980901
TrainValidationSelector,test,2023-05-02,8.323506514363897,8.348701523142786
TrainValidationSelector,test,2023-05-03,8.316483606309005,8.349093895304671
TrainValidationSelector,test,2023-05-04,8.309238692853942,8.349486267466556
TrainValidationSelector,test,2023-05-05,8.327544859235822,8.349878639628441
TrainValidationSelector,test,2023-05-08,8.327996885720705,8.350271011790326
TrainValidationSelector,test,2023-05-09,8.323406946771644,8.350663383952211
TrainValidationSelector,test,2023-05-10,8.327880889013558,8.351055756114096
TrainValidationSelector,test,2023-05-11,8.326182824123853,8.351448128275981
TrainValidationSelector,test,2023-05-12,8.324598262534414,8.351840500437866
TrainValidationSelector,test,2023-05-15,8.32755206021473,8.352232872599751
TrainValidationSelector,test,2023-05-16,8.321153952532812,8.352625244761636
TrainValidationSelector,test,2023-05-17,8.332974641154884,8.353017616923522
TrainValidationSelector,test,2023-05-18,8.342375364218611,8.353409989085407
TrainValidationSelector,test,2023-05-19,8.340928450337936,8.353802361247292
TrainValidationSelector,test,2023-05-22,8.341083473017738,8.354194733409177
TrainValidationSelector,test,2023-05-23,8.329798004249454,8.354587105571062
TrainValidationSelector,test,2023-05-24,8.322452491571148,8.354979477732947
TrainValidationSelector,test,2023-05-25,8.33117194765016,8.355371849894832
TrainValidationSelector,test,2023-05-26,8.3441366285818,8.355764222056717
TrainValidationSelector,test,2023-05-30,8.344153231712466,8.356156594218602
TrainValidationSelector,test,2023-05-31,8.338025873526252,8.356548966380487
TrainValidationSelector,test,2023-06-01,8.347832088612106,8.356941338542372
TrainValidationSelector,test,2023-06-02,8.362261901002213,8.357333710704257
TrainValidationSelector,test,2023-06-05,8.360256309511556,8.357726082866142
TrainValidationSelector,test,2023-06-06,8.362607439745407,8.358118455028027
TrainValidationSelector,test,2023-06-07,8.358788145818986,8.358510827189912
TrainValidationSelector,test,2023-06-08,8.36495771742651,8.358903199351797
TrainValidationSelector,test,2023-06-09,8.36610511844956,8.359295571513682
TrainValidationSelector,test,2023-06-12,8.375383093431315,8.359687943675567
TrainValidationSelector,test,2023-06-13,8.382291664157224,8.360080315837452
TrainValidationSelector,test,2023-06-14,8.38311075413735,8.360472687999337
TrainValidationSelector,test,2023-06-15,8.39521533463094,8.360865060161222
TrainValidationSelector,test,2023-06-16,8.391536958163188,8.361257432323107
TrainValidationSelector,test,2023-06-20,8.386790604327953,8.361649804484992
TrainValidationSelector,test,2023-06-21,8.381531517961028,8.362042176646877
TrainValidationSelector,test,2023-06-22,8.385235448348363,8.362434548808762
TrainValidationSelector,test,2023-06-23,8.37754716029186,8.362826920970647
TrainValidationSelector,test,2023-06-26,8.373050225928727,8.363219293132532
TrainValidationSelector,test,2023-06-27,8.38444095945291,8.363611665294417
TrainValidationSelector,test,2023-06-28,8.38408682006452,8.364004037456302
TrainValidationSelector,test,2023-06-29,8.38855038817901,8.364396409618188
TrainValidationSelector,test,2023-06-30,8.400744738440896,8.364788781780073
TrainValidationSelector,test,2023-07-03,8.401914731533568,8.365181153941958
TrainValidationSelector,test,2023-07-05,8.399944473435955,8.365573526103843
TrainValidationSelector,test,2023-07-06,8.39199041226006,8.365965898265728
TrainValidationSelector,test,2023-07-07,8.389121199464327,8.366358270427613
TrainValidationSelector,test,2023-07-10,8.391523338074954,8.366750642589498
TrainValidationSelector,test,2023-07-11,8.398242922073209,8.367143014751383
TrainValidationSelector,test,2023-07-12,8.405626827308598,8.367535386913268
TrainValidationSelector,test,2023-07-13,8.414061310298225,8.367927759075153
TrainValidationSelector,test,2023-07-14,8.413036378101317,8.368320131237038
TrainValidationSelector,test,2023-07-17,8.416884347675738,8.368712503398923
TrainValidationSelector,test,2023-07-18,8.423976414617167,8.369104875560808
TrainValidationSelector,test,2023-07-19,8.4263315494444,8.369497247722693
TrainValidationSelector,test,2023-07-20,8.419551722048142,8.369889619884578
TrainValidationSelector,test,2023-07-21,8.419875764062756,8.370281992046463
TrainValidationSelector,test,2023-07-24,8.42390180255963,8.370674364208348
TrainValidationSelector,test,2023-07-25,8.42671252213547,8.371066736370233
TrainValidationSelector,test,2023-07-26,8.426557071156793,8.371459108532118
TrainValidationSelector,test,2023-07-27,8.420111678101597,8.371851480694003
TrainValidationSelector,test,2023-07-28,8.42994105391203,8.372243852855888
TrainValidationSelector,test,2023-07-31,8.431408689348599,8.372636225017773
TrainValidationSelector,test,2023-08-01,8.428740044040916,8.373028597179658
TrainValidationSelector,test,2023-08-02,8.41480384340258,8.373420969341543
TrainValidationSelector,test,2023-08-03,8.412252617952289,8.373813341503428
TrainValidationSelector,test,2023-08-04,8.40693844857835,8.374205713665313
TrainValidationSelector,test,2023-08-07,8.415922067543207,8.374598085827198
TrainValidationSelector,test,2023-08-08,8.411694862443149,8.374990457989083
TrainValidationSelector,test,2023-08-09,8.404631243341102,8.375382830150969
TrainValidationSelector,test,2023-08-10,8.404881925862183,8.375775202312854
TrainValidationSelector,test,2023-08-11,8.403811660962955,8.376167574474739
TrainValidationSelector,test,2023-08-14,8.409545665842373,8.376559946636624
TrainValidationSelector,test,2023-08-15,8.397927526446276,8.376952318798509
TrainValidationSelector,test,2023-08-16,8.390343444653652,8.377344690960394
TrainValidationSelector,test,2023-08-17,8.382600633276123,8.377737063122279
TrainValidationSelector,test,2023-08-18,8.382451915392165,8.378129435284164
TrainValidationSelector,test,2023-08-21,8.389307550251965,8.378521807446049
TrainValidationSelector,test,2023-08-22,8.38652621920542,8.378914179607934
TrainValidationSelector,test,2023-08-23,8.39751054991621,8.379306551769819
TrainValidationSelector,test,2023-08-24,8.383961195932203,8.379698923931704
TrainValidationSelector,test,2023-08-25,8.3906566969925,8.380091296093589
TrainValidationSelector,test,2023-08-28,8.396901775586695,8.380483668255474
TrainValidationSelector,test,2023-08-29,8.411305844298752,8.380876040417359
TrainValidationSelector,test,2023-08-30,8.415131698479945,8.381268412579244
TrainValidationSelector,test,2023-08-31,8.413533485505605,8.381660784741129
TrainValidationSelector,test,2023-09-01,8.415330998271124,8.382053156903014
TrainValidationSelector,test,2023-09-05,8.411128000449741,8.3824455290649
TrainValidationSelector,test,2023-09-06,8.40413198595831,8.382837901226784
TrainValidationSelector,test,2023-09-07,8.400915552842577,8.38323027338867
TrainValidationSelector,test,2023-09-08,8.402341158904834,8.383622645550554
TrainValidationSelector,test,2023-09-11,8.40904211040297,8.38401501771244
TrainValidationSelector,test,2023-09-12,8.403329941379965,8.384407389874324
TrainValidationSelector,test,2023-09-13,8.4045708034975,8.38479976203621
TrainValidationSelector,test,2023-09-14,8.412965389031166,8.385192134198094
TrainValidationSelector,test,2023-09-15,8.400731243188673,8.38558450635998
TrainValidationSelector,test,2023-09-18,8.401452270882848,8.385976878521864
TrainValidationSelector,test,2023-09-19,8.399298943521314,8.38636925068375
TrainValidationSelector,test,2023-09-20,8.389859739315023,8.386761622845635
TrainValidationSelector,test,2023-09-21,8.373322820996535,8.38715399500752
TrainValidationSelector,test,2023-09-22,8.371024583593774,8.387546367169405
TrainValidationSelector,test,2023-09-25,8.375039577797581,8.38793873933129
TrainValidationSelector,test,2023-09-26,8.360195412315317,8.388331111493175
TrainValidationSelector,test,2023-09-27,8.360424700087611,8.38872348365506
TrainValidationSelector,test,2023-09-28,8.366300577230612,8.389115855816945
TrainValidationSelector,test,2023-09-29,8.363587317582322,8.38950822797883
TrainValidationSelector,test,2023-10-02,8.363666681988475,8.389900600140715
TrainValidationSelector,test,2023-10-03,8.349827286125027,8.3902929723026
TrainValidationSelector,test,2023-10-04,8.357904333732856,8.390685344464485
TrainValidationSelector,test,2023-10-05,8.35659945258586,8.39107771662637
TrainValidationSelector,test,2023-10-06,8.368345094679821,8.391470088788255
TrainValidationSelector,test,2023-10-09,8.37462916279921,8.39186246095014
TrainValidationSelector,test,2023-10-10,8.379823638899195,8.392254833112025
TrainValidationSelector,test,2023-10-11,8.38410745839929,8.39264720527391
TrainValidationSelector,test,2023-10-12,8.377841433458634,8.393039577435795
TrainValidationSelector,test,2023-10-13,8.372809937798415,8.39343194959768
TrainValidationSelector,test,2023-10-16,8.383348580101005,8.393824321759565
TrainValidationSelector,test,2023-10-17,8.38325033022156,8.39421669392145
TrainValidationSelector,test,2023-10-18,8.36975992197041,8.394609066083335
TrainValidationSelector,test,2023-10-19,8.361240889642351,8.39500143824522
TrainValidationSelector,test,2023-10-20,8.348575740446195,8.395393810407105
TrainValidationSelector,test,2023-10-23,8.34688874838076,8.39578618256899
TrainValidationSelector,test,2023-10-24,8.35412827190039,8.396178554730875
TrainValidationSelector,test,2023-10-25,8.339684837243151,8.39657092689276
TrainValidationSelector,test,2023-10-26,8.327781756037567,8.396963299054645
TrainValidationSelector,test,2023-10-27,8.322969917458945,8.39735567121653
TrainValidationSelector,test,2023-10-30,8.334908391759232,8.397748043378416
TrainValidationSelector,test,2023-10-31,8.341362476580919,8.3981404155403
TrainValidationSelector,test,2023-11-01,8.351813671571112,8.398532787702186
TrainValidationSelector,test,2023-11-02,8.370496610505198,8.39892515986407
TrainValidationSelector,test,2023-11-03,8.37984649404975,8.399317532025956
TrainValidationSelector,test,2023-11-06,8.38159795177385,8.39970990418784
TrainValidationSelector,test,2023-11-07,8.384434045175562,8.400102276349726
TrainValidationSelector,test,2023-11-08,8.385438456207982,8.40049464851161
TrainValidationSelector,test,2023-11-09,8.377321765508913,8.400887020673496
TrainValidationSelector,test,2023-11-10,8.392817524779685,8.40127939283538
TrainValidationSelector,test,2023-11-13,8.391981336338315,8.401671764997266
TrainValidationSelector,test,2023-11-14,8.410876706812893,8.402064137159151
TrainValidationSelector,test,2023-11-15,8.41247244502074,8.402456509321036
TrainValidationSelector,test,2023-11-16,8.413662164417453,8.402848881482921
TrainValidationSelector,test,2023-11-17,8.414943392354632,8.403241253644806
TrainValidationSelector,test,2023-11-20,8.422306496148426,8.403633625806691
TrainValidationSelector,test,2023-11-21,8.42028352021667,8.404025997968576
TrainValidationSelector,test,2023-11-22,8.424336425310983,8.404418370130461
TrainValidationSelector,test,2023-11-24,8.424933120920628,8.404810742292346
TrainValidationSelector,test,2023-11-27,8.422977051603729,8.405203114454231
TrainValidationSelector,test,2023-11-28,8.42395669013178,8.405595486616116
TrainValidationSelector,test,2023-11-29,8.423009993516677,8.405987858778001
TrainValidationSelector,test,2023-11-30,8.426786924781672,8.406380230939886
TrainValidationSelector,test,2023-12-01,8.432643483735518,8.406772603101771
TrainValidationSelector,test,2023-12-04,8.427220295671692,8.407164975263656
TrainValidationSelector,test,2023-12-05,8.426651264077757,8.407557347425541
TrainValidationSelector,test,2023-12-06,8.422737412132813,8.407949719587426
TrainValidationSelector,test,2023-12-07,8.430674022817636,8.408342091749311
TrainValidationSelector,test,2023-12-08,8.43476115696414,8.408734463911196
TrainValidationSelector,test,2023-12-11,8.43867797051192,8.409126836073082
TrainValidationSelector,test,2023-12-12,8.443266783307612,8.409519208234967
TrainValidationSelector,test,2023-12-13,8.456825128482633,8.409911580396852
TrainValidationSelector,test,2023-12-14,8.459468693667787,8.410303952558737
TrainValidationSelector,test,2023-12-15,8.459392441267338,8.410696324720622
TrainValidationSelector,test,2023-12-18,8.463910563530739,8.411088696882507
TrainValidationSelector,test,2023-12-19,8.469759830981559,8.411481069044392
TrainValidationSelector,test,2023-12-20,8.454966683016252,8.411873441206277
TrainValidationSelector,test,2023-12-21,8.465215452323525,8.412265813368162
TrainValidationSelector,test,2023-12-22,8.466874134476285,8.412658185530047
TrainValidationSelector,test,2023-12-26,8.471096895523264,8.413050557691932
TrainValidationSelector,test,2023-12-27,8.472526331139687,8.413442929853817
TrainValidationSelector,test,2023-12-28,8.472896437250014,8.413835302015702
TrainValidationSelector,test,2023-12-29,8.47006596021328,8.414227674177587
TrainValidationSelector,test,2024-01-02,8.464389299413558,8.414620046339472
TrainValidationSelector,test,2024-01-03,8.45634068108636,8.415012418501357
TrainValidationSelector,test,2024-01-04,8.452906409423042,8.415404790663242
TrainValidationSelector,test,2024-01-05,8.454730431062476,8.415797162825127
TrainValidationSelector,test,2024-01-08,8.46874637649883,8.416189534987012
TrainValidationSelector,test,2024-01-09,8.467267382646511,8.416581907148897
TrainValidationSelector,test,2024-01-10,8.472917363297007,8.416974279310782
TrainValidationSelector,test,2024-01-11,8.472246082460046,8.417366651472667
TrainValidationSelector,test,2024-01-12,8.47299677621308,8.417759023634552
TrainValidationSelector,test,2024-01-16,8.469258457160723,8.418151395796437
TrainValidationSelector,test,2024-01-17,8.463625725889615,8.418543767958322
TrainValidationSelector,test,2024-01-18,8.472392446615858,8.418936140120207
TrainValidationSelector,test,2024-01-19,8.484630754848407,8.419328512282092
TrainValidationSelector,test,2024-01-22,8.486822676035638,8.419720884443977
TrainValidationSelector,test,2024-01-23,8.489739791376403,8.420113256605863
TrainValidationSelector,test,2024-01-24,8.49055139035262,8.420505628767748
TrainValidationSelector,test,2024-01-25,8.495797968487599,8.420898000929633
TrainValidationSelector,test,2024-01-26,8.495145970732173,8.421290373091518
TrainValidationSelector,test,2024-01-29,8.502674336237419,8.421682745253403
TrainValidationSelector,test,2024-01-30,8.502073505840439,8.422075117415288
TrainValidationSelector,test,2024-01-31,8.485836654099707,8.422467489577173
TrainValidationSelector,test,2024-02-01,8.498252940213757,8.422859861739058
TrainValidationSelector,test,2024-02-02,8.508880710936388,8.423252233900943
TrainValidationSelector,test,2024-02-05,8.505689286227105,8.423644606062828
TrainValidationSelector,test,2024-02-06,8.507997032158853,8.424036978224713
TrainValidationSelector,test,2024-02-07,8.516204714752861,8.424429350386598
TrainValidationSelector,test,2024-02-08,8.516775135292953,8.424821722548483
TrainValidationSelector,test,2024-02-09,8.522501052421747,8.425214094710368
TrainValidationSelector,test,2024-02-12,8.521551648279095,8.425606466872253
TrainValidationSelector,test,2024-02-13,8.50778303885925,8.425998839034138
TrainValidationSelector,test,2024-02-14,8.517317207163467,8.426391211196023
TrainValidationSelector,test,2024-02-15,8.523121579837508,8.426783583357908
TrainValidationSelector,test,2024-02-16,8.518306536261546,8.427175955519793
TrainValidationSelector,test,2024-02-20,8.512283109795728,8.427568327681678
TrainValidationSelector,test,2024-02-21,8.513546511290832,8.427960699843563
TrainValidationSelector,test,2024-02-22,8.534449399957236,8.428353072005448
TrainValidationSelector,test,2024-02-23,8.534797286983737,8.428745444167333
TrainValidationSelector,test,2024-02-26,8.53100334773907,8.429137816329218
TrainValidationSelector,test,2024-02-27,8.53270824327779,8.429530188491103
TrainValidationSelector,test,2024-02-28,8.531048711956679,8.429922560652988
TrainValidationSelector,test,2024-02-29,8.536264182412477,8.430314932814873
TrainValidationSelector,test,2024-03-01,8.544240118845865,8.430707304976758
TrainValidationSelector,test,2024-03-04,8.543046144270903,8.431099677138644
TrainValidationSelector,test,2024-03-05,8.532800737994984,8.431492049300529
TrainValidationSelector,test,2024-03-06,8.537928670847986,8.431884421462414
TrainValidationSelector,test,2024-03-07,8.54818007313297,8.432276793624299
TrainValidationSelector,test,2024-03-08,8.54163015014092,8.432669165786184
TrainValidationSelector,test,2024-03-11,8.540507281872891,8.433061537948069
TrainValidationSelector,test,2024-03-12,8.55164679445956,8.433453910109954
TrainValidationSelector,test,2024-03-13,8.549720410457438,8.433846282271839
TrainValidationSelector,test,2024-03-14,8.546845189405943,8.434238654433724
TrainValidationSelector,test,2024-03-15,8.540341166546204,8.434631026595609
TrainValidationSelector,test,2024-03-18,8.546639350784686,8.435023398757494
TrainValidationSelector,test,2024-03-19,8.552272603829028,8.435415770919379
TrainValidationSelector,test,2024-03-20,8.561137369345388,8.435808143081264
TrainValidationSelector,test,2024-03-21,8.564368678439918,8.436200515243149
TrainValidationSelector,test,2024-03-22,8.562965506605591,8.436592887405034
TrainValidationSelector,test,2024-03-25,8.55990586622356,8.436985259566919
TrainValidationSelector,test,2024-03-26,8.557102144240753,8.437377631728804
TrainValidationSelector,test,2024-03-27,8.56569573982346,8.437770003890689
TrainValidationSelector,test,2024-03-28,8.56681160252422,8.438162376052574
TrainValidationSelector,test,2024-04-01,8.564795987997263,8.43855474821446
TrainValidationSelector,test,2024-04-02,8.55753059979359,8.438947120376344
TrainValidationSelector,test,2024-04-03,8.558621127316929,8.43933949253823
TrainValidationSelector,test,2024-04-04,8.546210091697667,8.439731864700114
TrainValidationSelector,test,2024-04-05,8.557248141833366,8.440124236862
TrainValidationSelector,test,2024-04-08,8.556873440643324,8.440516609023884
TrainValidationSelector,test,2024-04-09,8.558317890116959,8.44090898118577
TrainValidationSelector,test,2024-04-10,8.548815908284746,8.441301353347654
TrainValidationSelector,test,2024-04-11,8.556233130268089,8.44169372550954
TrainValidationSelector,test,2024-04-12,8.541575542465841,8.442086097671424
TrainValidationSelector,test,2024-04-15,8.52948134667838,8.44247846983331
TrainValidationSelector,test,2024-04-16,8.527422722150877,8.442870841995195
TrainValidationSelector,test,2024-04-17,8.521625347074872,8.44326321415708
TrainValidationSelector,test,2024-04-18,8.519414745374387,8.443655586318965
TrainValidationSelector,test,2024-04-19,8.510617615720331,8.44404795848085
TrainValidationSelector,test,2024-04-22,8.51931096687717,8.444440330642735
TrainValidationSelector,test,2024-04-23,8.531204533444892,8.44483270280462
TrainValidationSelector,test,2024-04-24,8.531417520822824,8.445225074966505
TrainValidationSelector,test,2024-04-25,8.526830586552705,8.44561744712839
TrainValidationSelector,test,2024-04-26,8.53698796788503,8.446009819290275
TrainValidationSelector,test,2024-04-29,8.54016137596167,8.44640219145216
TrainValidationSelector,test,2024-04-30,8.524305824842742,8.446794563614045
TrainValidationSelector,test,2024-05-01,8.520864471357111,8.44718693577593
TrainValidationSelector,test,2024-05-02,8.529951496082194,8.447579307937815
TrainValidationSelector,test,2024-05-03,8.542430053741704,8.4479716800997
TrainValidationSelector,test,2024-05-06,8.552703227432952,8.448364052261585
TrainValidationSelector,test,2024-05-07,8.554045755661777,8.44875642442347
TrainValidationSelector,test,2024-05-08,8.554039920026582,8.449148796585355
TrainValidationSelector,test,2024-05-09,8.55911795266569,8.44954116874724
TrainValidationSelector,test,2024-05-10,8.560765992745857,8.449933540909125
TrainValidationSelector,test,2024-05-13,8.56052465957199,8.45032591307101
TrainValidationSelector,test,2024-05-14,8.565350808099446,8.450718285232895
TrainValidationSelector,test,2024-05-15,8.576998635886746,8.45111065739478
TrainValidationSelector,test,2024-05-16,8.574914798412657,8.451503029556665
TrainValidationSelector,test,2024-05-17,8.57607889410055,8.45189540171855
TrainValidationSelector,test,2024-05-20,8.576994864409041,8.452287773880435
TrainValidationSelector,test,2024-05-21,8.579493614175934,8.45268014604232
TrainValidationSelector,test,2024-05-22,8.576783822966583,8.453072518204205
TrainValidationSelector,test,2024-05-23,8.56937566068311,8.45346489036609
TrainValidationSelector,test,2024-05-24,8.576352309759784,8.453857262527976
TrainValidationSelector,test,2024-05-28,8.57660108066667,8.45424963468986
TrainValidationSelector,test,2024-05-29,8.569206763450927,8.454642006851746
TrainValidationSelector,test,2024-05-30,8.563213805915174,8.45503437901363
TrainValidationSelector,test,2024-05-31,8.571209630147102,8.455426751175516
TrainValidationSelector,test,2024-06-03,8.572325090370637,8.4558191233374
TrainValidationSelector,test,2024-06-04,8.57382677137442,8.456211495499286
TrainValidationSelector,test,2024-06-05,8.585604787224376,8.45660386766117
TrainValidationSelector,test,2024-06-06,8.58540495062274,8.456996239823056
TrainValidationSelector,test,2024-06-07,8.584289108572461,8.45738861198494
TrainValidationSelector,test,2024-06-10,8.586866638550703,8.457780984146826
TrainValidationSelector,test,2024-06-11,8.589573353405912,8.458173356308711
TrainValidationSelector,test,2024-06-12,8.5980410736478,8.458565728470596
TrainValidationSelector,test,2024-06-13,8.600382985084916,8.458958100632481
TrainValidationSelector,test,2024-06-14,8.599989046803918,8.459350472794366
TrainValidationSelector,test,2024-06-17,8.607624211176239,8.459742844956251
TrainValidationSelector,test,2024-06-18,8.610142365357756,8.460135217118136
TrainValidationSelector,test,2024-06-20,8.607613237962344,8.460527589280021
TrainValidationSelector,test,2024-06-21,8.60604988624352,8.460919961441906
TrainValidationSelector,test,2024-06-24,8.602980007087652,8.461312333603791
TrainValidationSelector,test,2024-06-25,8.606905880766835,8.461704705765676
TrainValidationSelector,test,2024-06-26,8.608477076991555,8.462097077927561
TrainValidationSelector,test,2024-06-27,8.609383986848353,8.462489450089446
TrainValidationSelector,test,2024-06-28,8.605291973385985,8.462881822251331
TrainValidationSelector,test,2024-07-01,8.607963964367414,8.463274194413216
TrainValidationSelector,test,2024-07-02,8.6141401701386,8.463666566575101
TrainValidationSelector,test,2024-07-03,8.619211732408132,8.464058938736986
TrainValidationSelector,test,2024-07-05,8.624645706769101,8.464451310898871
TrainValidationSelector,test,2024-07-08,8.625661889245507,8.464843683060757
TrainValidationSelector,test,2024-07-09,8.626402686723571,8.465236055222642
TrainValidationSelector,test,2024-07-10,8.636559001601677,8.465628427384527
TrainValidationSelector,test,2024-07-11,8.627757351632411,8.466020799546412
TrainValidationSelector,test,2024-07-12,8.633259215657375,8.466413171708297
TrainValidationSelector,test,2024-07-15,8.63608143208073,8.466805543870182
TrainValidationSelector,test,2024-07-16,8.642450482052181,8.467197916032067
TrainValidationSelector,test,2024-07-17,8.628425040528537,8.467590288193952
TrainValidationSelector,test,2024-07-18,8.620577928383186,8.467982660355837
TrainValidationSelector,test,2024-07-19,8.61341204915678,8.468375032517722
TrainValidationSelector,test,2024-07-22,8.624146266403,8.468767404679607
TrainValidationSelector,test,2024-07-23,8.622586948709055,8.469159776841492
TrainValidationSelector,test,2024-07-24,8.599165706486161,8.469552149003377
TrainValidationSelector,test,2024-07-25,8.594009817466445,8.469944521165262
TrainValidationSelector,test,2024-07-26,8.605039237876015,8.470336893327147
TrainValidationSelector,test,2024-07-29,8.605852217447843,8.470729265489032
TrainValidationSelector,test,2024-07-30,8.600879703086477,8.471121637650917
TrainValidationSelector,test,2024-07-31,8.616549683788394,8.471514009812802
TrainValidationSelector,test,2024-08-01,8.602761559996404,8.471906381974687
TrainValidationSelector,test,2024-08-02,8.58420865338785,8.472298754136572
TrainValidationSelector,test,2024-08-05,8.553781611995458,8.472691126298457
TrainValidationSelector,test,2024-08-06,8.564082461489058,8.473083498460342
TrainValidationSelector,test,2024-08-07,8.556317746100287,8.473475870622227
TrainValidationSelector,test,2024-08-08,8.579098885691186,8.473868242784112
TrainValidationSelector,test,2024-08-09,8.583759684125567,8.474260614945997
TrainValidationSelector,test,2024-08-12,8.583802717177289,8.474652987107882
TrainValidationSelector,test,2024-08-13,8.600509950596338,8.475045359269767
TrainValidationSelector,test,2024-08-14,8.604326387157537,8.475437731431652
TrainValidationSelector,test,2024-08-15,8.620330877088842,8.475830103593538
TrainValidationSelector,test,2024-08-16,8.622318679457237,8.476222475755423
TrainValidationSelector,test,2024-08-19,8.631994006893414,8.476614847917308
TrainValidationSelector,test,2024-08-20,8.630007479655806,8.477007220079193
TrainValidationSelector,test,2024-08-21,8.634238194376811,8.477399592241078
TrainValidationSelector,test,2024-08-22,8.625265252120155,8.477791964402963
TrainValidationSelector,test,2024-08-23,8.636683189521818,8.478184336564848
TrainValidationSelector,test,2024-08-26,8.633524479352213,8.478576708726733
TrainValidationSelector,test,2024-08-27,8.635118404464937,8.478969080888618
TrainValidationSelector,test,2024-08-28,8.629124503670202,8.479361453050503
TrainValidationSelector,test,2024-08-29,8.629085123826764,8.479753825212388
TrainValidationSelector,test,2024-08-30,8.639127580905908,8.480146197374273
TrainValidationSelector,test,2024-09-03,8.61774961753351,8.480538569536158
TrainValidationSelector,test,2024-09-04,8.61614578850613,8.480930941698043
TrainValidationSelector,test,2024-09-05,8.613123207491455,8.481323313859928
TrainValidationSelector,test,2024-09-06,8.595712262984032,8.481715686021813
TrainValidationSelector,test,2024-09-09,8.607225797419849,8.482108058183698
TrainValidationSelector,test,2024-09-10,8.611688497397644,8.482500430345583
TrainValidationSelector,test,2024-09-11,8.622297053047486,8.482892802507468
TrainValidationSelector,test,2024-09-12,8.62976440520429,8.483285174669353
TrainValidationSelector,test,2024-09-13,8.635157547438645,8.483677546831238
TrainValidationSelector,test,2024-09-16,8.636413388305956,8.484069918993123
TrainValidationSelector,test,2024-09-17,8.636677903399852,8.484462291155008
TrainValidationSelector,test,2024-09-18,8.633777244691538,8.484854663316893
TrainValidationSelector,test,2024-09-19,8.650611601584265,8.485247035478778
TrainValidationSelector,test,2024-09-20,8.648668687954249,8.485639407640663
TrainValidationSelector,test,2024-09-23,8.651474022379961,8.486031779802548
TrainValidationSelector,test,2024-09-24,8.653982053483308,8.486424151964433
TrainValidationSelector,test,2024-09-25,8.652119070277095,8.486816524126318
TrainValidationSelector,test,2024-09-26,8.656149612435295,8.487208896288204
TrainValidationSelector,test,2024-09-27,8.654895609535222,8.487601268450089
TrainValidationSelector,test,2024-09-30,8.659123213193663,8.487993640611974
TrainValidationSelector,test,2024-10-01,8.649755364499208,8.488386012773859
TrainValidationSelector,test,2024-10-02,8.649893745826196,8.488778384935744
TrainValidationSelector,test,2024-10-03,8.648210917171737,8.489170757097629
TrainValidationSelector,test,2024-10-04,8.657141172870922,8.489563129259514
TrainValidationSelector,test,2024-10-07,8.647508909041534,8.489955501421399
TrainValidationSelector,test,2024-10-08,8.657151615846228,8.490347873583284
TrainValidationSelector,test,2024-10-09,8.664239846863223,8.490740245745169
TrainValidationSelector,test,2024-10-10,8.662167578357241,8.491132617907054
TrainValidationSelector,test,2024-10-11,8.66820118706454,8.491524990068939
TrainValidationSelector,test,2024-10-14,8.675879301639133,8.491917362230824
TrainValidationSelector,test,2024-10-15,8.66824073560162,8.492309734392709
TrainValidationSelector,test,2024-10-16,8.6729089683844,8.492702106554594
TrainValidationSelector,test,2024-10-17,8.672737793255862,8.493094478716479
TrainValidationSelector,test,2024-10-18,8.676701480198636,8.493486850878364
TrainValidationSelector,test,2024-10-21,8.674877047442218,8.49387922304025
TrainValidationSelector,test,2024-10-22,8.674402080775021,8.494271595202134
TrainValidationSelector,test,2024-10-23,8.665168256507341,8.49466396736402
TrainValidationSelector,test,2024-10-24,8.667311729637898,8.495056339525904
TrainValidationSelector,test,2024-10-25,8.667012237624713,8.49544871168779
TrainValidationSelector,test,2024-10-28,8.669660172251445,8.495841083849674
TrainValidationSelector,test,2024-10-29,8.671272998196347,8.49623345601156
TrainValidationSelector,test,2024-10-30,8.667967306523858,8.496625828173444
TrainValidationSelector,test,2024-10-31,8.649177171595113,8.49701820033533
TrainValidationSelector,test,2024-11-01,8.653261329599639,8.497410572497214
TrainValidationSelector,test,2024-11-04,8.650445284786448,8.4978029446591
TrainValidationSelector,test,2024-11-05,8.66263631581601,8.498195316820985
TrainValidationSelector,test,2024-11-06,8.687617596773197,8.49858768898287
TrainValidationSelector,test,2024-11-07,8.695021350947194,8.498980061144755
TrainValidationSelector,test,2024-11-08,8.698771144982912,8.49937243330664
TrainValidationSelector,test,2024-11-11,8.699739739173868,8.499764805468525
TrainValidationSelector,test,2024-11-12,8.696842887696931,8.50015717763041
TrainValidationSelector,test,2024-11-13,8.697075088461073,8.500549549792295
TrainValidationSelector,test,2024-11-14,8.691006979878829,8.50094192195418
TrainValidationSelector,test,2024-11-15,8.677715549012035,8.501334294116065
TrainValidationSelector,test,2024-11-18,8.681625708758242,8.50172666627795
TrainValidationSelector,test,2024-11-19,8.685581459278838,8.502119038439835
TrainValidationSelector,test,2024-11-20,8.685603409900173,8.50251141060172
TrainValidationSelector,test,2024-11-21,8.69092966174446,8.502903782763605
TrainValidationSelector,test,2024-11-22,8.694391621335997,8.50329615492549
TrainValidationSelector,test,2024-11-25,8.697407549156123,8.503688527087375
TrainValidationSelector,test,2024-11-26,8.703113246311386,8.50408089924926
TrainValidationSelector,test,2024-11-27,8.699304765227808,8.504473271411145
TrainValidationSelector,test,2024-11-29,8.70489688562461,8.50486564357303
TrainValidationSelector,test,2024-12-02,8.707342349505192,8.505258015734915
TrainValidationSelector,test,2024-12-03,8.707793696747213,8.5056503878968
TrainValidationSelector,test,2024-12-04,8.71382687837535,8.506042760058685
TrainValidationSelector,test,2024-12-05,8.711955352535968,8.50643513222057
TrainValidationSelector,test,2024-12-06,8.714447697903505,8.506827504382455
TrainValidationSelector,test,2024-12-09,8.708284530618279,8.50721987654434
TrainValidationSelector,test,2024-12-10,8.705316246304,8.507612248706225
TrainValidationSelector,test,2024-12-11,8.713448872715368,8.50800462086811
TrainValidationSelector,test,2024-12-12,8.708020141253904,8.508396993029995
TrainValidationSelector,test,2024-12-13,8.707993674264532,8.50878936519188
TrainValidationSelector,test,2024-12-16,8.711785829273317,8.509181737353765
TrainValidationSelector,test,2024-12-17,8.707914349792661,8.50957410951565
TrainValidationSelector,test,2024-12-18,8.677977844488144,8.509966481677536
TrainValidationSelector,test,2024-12-19,8.677112357737606,8.51035885383942
TrainValidationSelector,test,2024-12-20,8.687922837140004,8.510751226001306
TrainValidationSelector,test,2024-12-23,8.69518368672562,8.51114359816319
TrainValidationSelector,test,2024-12-24,8.706165919890747,8.511535970325076
TrainValidationSelector,test,2024-12-26,8.705760178802489,8.51192834248696
TrainValidationSelector,test,2024-12-27,8.694642873837577,8.512320714648846
TrainValidationSelector,test,2024-12-30,8.683883199895847,8.51271308681073
TrainValidationSelector,test,2024-12-31,8.679589193436865,8.513105458972616
TrainValidationSelector,test,2025-01-02,8.677362830287416,8.5134978311345
TrainValidationSelector,test,2025-01-03,8.689880186995241,8.513890203296386
TrainValidationSelector,test,2025-01-06,8.69540295349206,8.514282575458271
TrainValidationSelector,test,2025-01-07,8.684236931975423,8.514674947620156
TrainValidationSelector,test,2025-01-08,8.685796076069254,8.515067319782041
TrainValidationSelector,test,2025-01-10,8.670264438419022,8.515459691943926
TrainValidationSelector,test,2025-01-13,8.671838642797075,8.515852064105811
TrainValidationSelector,test,2025-01-14,8.67298426613124,8.516244436267696
TrainValidationSelector,test,2025-01-15,8.691131398635756,8.516636808429581
TrainValidationSelector,test,2025-01-16,8.68901647429489,8.517029180591466
TrainValidationSelector,test,2025-01-17,8.698957952603283,8.517421552753351
TrainValidationSelector,test,2025-01-21,8.70768796204388,8.517813924915236
TrainValidationSelector,test,2025-01-22,8.713807143130873,8.518206297077121
TrainValidationSelector,test,2025-01-23,8.719106562590403,8.518598669239006
TrainValidationSelector,test,2025-01-24,8.716247346605936,8.518991041400891
TrainValidationSelector,test,2025-01-27,8.701559287573824,8.519383413562776
TrainValidationSelector,test,2025-01-28,8.71073493175154,8.519775785724661
TrainValidationSelector,test,2025-01-29,8.70604505569462,8.520168157886546
TrainValidationSelector,test,2025-01-30,8.7113066038468,8.520560530048432
TrainValidationSelector,test,2025-01-31,8.706246999856534,8.520952902210317
TrainValidationSelector,test,2025-02-03,8.698609309127038,8.521345274372202
TrainValidationSelector,test,2025-02-04,8.705808216530068,8.521737646534087
TrainValidationSelector,test,2025-02-05,8.709709270445682,8.522130018695972
TrainValidationSelector,test,2025-02-06,8.713346944800948,8.522522390857857
TrainValidationSelector,test,2025-02-07,8.703837099107288,8.522914763019742
TrainValidationSelector,test,2025-02-10,8.710527211402741,8.523307135181627
TrainValidationSelector,test,2025-02-11,8.710866736546416,8.523699507343512
TrainValidationSelector,test,2025-02-12,8.708139153356768,8.524091879505397
TrainValidationSelector,test,2025-02-13,8.718511466571004,8.524484251667282
TrainValidationSelector,test,2025-02-14,8.71843952017543,8.524876623829167
TrainValidationSelector,test,2025-02-18,8.72088152383098,8.525268995991052
TrainValidationSelector,test,2025-02-19,8.723255672697805,8.525661368152937
TrainValidationSelector,test,2025-02-20,8.718912067813516,8.526053740314822
TrainValidationSelector,test,2025-02-21,8.701700671140976,8.526446112476707
TrainValidationSelector,test,2025-02-24,8.696719177574725,8.526838484638592
TrainValidationSelector,test,2025-02-25,8.692028462436328,8.527230856800477
TrainValidationSelector,test,2025-02-26,8.692164477465912,8.527623228962362
TrainValidationSelector,test,2025-02-27,8.676172734787388,8.528015601124247
TrainValidationSelector,test,2025-02-28,8.691902515208051,8.528407973286132
TrainValidationSelector,test,2025-03-03,8.674149112559741,8.528800345448017
TrainValidationSelector,test,2025-03-04,8.661838824328235,8.529192717609902
TrainValidationSelector,test,2025-03-05,8.672936296856971,8.529585089771787
TrainValidationSelector,test,2025-03-06,8.654956619749516,8.529977461933672
TrainValidationSelector,test,2025-03-07,8.660462054794971,8.530369834095557
TrainValidationSelector,test,2025-03-10,8.633118513006542,8.530762206257442
TrainValidationSelector,test,2025-03-11,8.625521866088006,8.531154578419327
TrainValidationSelector,test,2025-03-12,8.630396834028497,8.531546950581212
TrainValidationSelector,test,2025-03-13,8.616408467222032,8.531939322743098
TrainValidationSelector,test,2025-03-14,8.63745137317523,8.532331694904983
TrainValidationSelector,test,2025-03-17,8.643847008149836,8.532724067066868
TrainValidationSelector,test,2025-03-18,8.633136341075515,8.533116439228753
TrainValidationSelector,test,2025-03-19,8.643876949248469,8.533508811390638
TrainValidationSelector,test,2025-03-20,8.641689665734686,8.533901183552523
TrainValidationSelector,test,2025-03-21,8.64251397934252,8.534293555714408
TrainValidationSelector,test,2025-03-24,8.660006096471157,8.534685927876293
TrainValidationSelector,test,2025-03-25,8.661579191961811,8.535078300038178
TrainValidationSelector,test,2025-03-26,8.650359551604213,8.535470672200063
TrainValidationSelector,test,2025-03-27,8.64704709059708,8.535863044361948
TrainValidationSelector,test,2025-03-28,8.627112489470228,8.536255416523833
TrainValidationSelector,test,2025-03-31,8.632635729827873,8.536647788685718
TrainValidationSelector,test,2025-04-01,8.636409834383086,8.537040160847603
TrainValidationSelector,test,2025-04-02,8.64311549581257,8.537432533009488
TrainValidationSelector,test,2025-04-03,8.593509583983574,8.537824905171373
TrainValidationSelector,test,2025-04-04,8.531900522085342,8.538217277333258
TrainValidationSelector,test,2025-04-07,8.52956632747938,8.538609649495143
TrainValidationSelector,test,2025-04-08,8.513741244202324,8.539002021657028
TrainValidationSelector,test,2025-04-09,8.60463612403536,8.539394393818913
TrainValidationSelector,test,2025-04-10,8.56941551701125,8.539786765980798
TrainValidationSelector,test,2025-04-11,8.587345897847026,8.540179138142683
TrainValidationSelector,test,2025-04-14,8.59525921717337,8.540571510304568
TrainValidationSelector,test,2025-04-15,8.593529941948068,8.540963882466453
TrainValidationSelector,test,2025-04-16,8.570866687983166,8.541356254628338
TrainValidationSelector,test,2025-04-17,8.57219264660694,8.541748626790223
TrainValidationSelector,test,2025-04-21,8.54834299827292,8.542140998952108
TrainValidationSelector,test,2025-04-22,8.57314995039837,8.542533371113993
TrainValidationSelector,test,2025-04-23,8.58967381476525,8.542925743275879
TrainValidationSelector,test,2025-04-24,8.609730442847834,8.543318115437764
TrainValidationSelector,test,2025-04-25,8.617076527643535,8.543710487599649
TrainValidationSelector,test,2025-04-28,8.617717029182536,8.544102859761534
TrainValidationSelector,test,2025-04-29,8.623502670728094,8.544495231923419
TrainValidationSelector,test,2025-04-30,8.624981567980026,8.544887604085304
TrainValidationSelector,test,2025-05-01,8.631260913696478,8.545279976247189
TrainValidationSelector,test,2025-05-02,8.645880104805592,8.545672348409074
TrainValidationSelector,test,2025-05-05,8.639478057776273,8.546064720570959
TrainValidationSelector,test,2025-05-06,8.631755072497882,8.546457092732844
TrainValidationSelector,test,2025-05-07,8.63609201060459,8.546849464894729
TrainValidationSelector,test,2025-05-08,8.641875031752058,8.547241837056614
TrainValidationSelector,test,2025-05-09,8.641163297617181,8.547634209218499
TrainValidationSelector,test,2025-05-12,8.6732032742942,8.548026581380384
TrainValidationSelector,test,2025-05-13,8.680425333314448,8.548418953542269
TrainValidationSelector,test,2025-05-14,8.681449224556724,8.548811325704154
TrainValidationSelector,test,2025-05-15,8.68557304199548,8.549203697866039
TrainValidationSelector,test,2025-05-16,8.69255389136358,8.549596070027924
TrainValidationSelector,test,2025-05-19,8.69342962092963,8.54998844218981
TrainValidationSelector,test,2025-05-20,8.689541843860058,8.550380814351694
TrainValidationSelector,test,2025-05-21,8.673275124592298,8.55077318651358
TrainValidationSelector,test,2025-05-22,8.672830154569876,8.551165558675464
TrainValidationSelector,test,2025-05-23,8.666099254978404,8.55155793083735
TrainValidationSelector,test,2025-05-27,8.686351835780588,8.551950302999234
TrainValidationSelector,test,2025-05-28,8.680765033204143,8.55234267516112
TrainValidationSelector,test,2025-05-29,8.684768204074775,8.552735047323004
TrainValidationSelector,test,2025-05-30,8.68468701561778,8.55312741948489
TrainValidationSelector,test,2025-06-02,8.688780667108405,8.553519791646774
TrainValidationSelector,test,2025-06-03,8.694564200643775,8.55391216380866
TrainValidationSelector,test,2025-06-04,8.694637885388493,8.554304535970545
TrainValidationSelector,test,2025-06-05,8.689346527409796,8.55469690813243
TrainValidationSelector,test,2025-06-06,8.699574723625172,8.555089280294315
TrainValidationSelector,test,2025-06-09,8.700494248811564,8.5554816524562
TrainValidationSelector,test,2025-06-10,8.70596226135321,8.555874024618085
TrainValidationSelector,test,2025-06-11,8.703214601034924,8.55626639677997
TrainValidationSelector,test,2025-06-12,8.7070297341066,8.556658768941855
TrainValidationSelector,test,2025-06-13,8.695669065516498,8.55705114110374
TrainValidationSelector,test,2025-06-16,8.705017888664687,8.557443513265625
TrainValidationSelector,test,2025-06-17,8.696630628941042,8.55783588542751
TrainValidationSelector,test,2025-06-18,8.696321340906323,8.558228257589395
TrainValidationSelector,test,2025-06-20,8.694140305690734,8.55862062975128
TrainValidationSelector,test,2025-06-23,8.703700960761994,8.559013001913165
TrainValidationSelector,test,2025-06-24,8.714761289378952,8.55940537407505
TrainValidationSelector,test,2025-06-25,8.714758003270603,8.559797746236935
TrainValidationSelector,test,2025-06-26,8.72274613430312,8.56019011839882
TrainValidationSelector,test,2025-06-27,8.72795153355927,8.560582490560705
TrainValidationSelector,test,2025-06-30,8.7331026710654,8.56097486272259
TrainValidationSelector,test,2025-07-01,8.73198351395552,8.561367234884475
TrainValidationSelector,test,2025-07-02,8.73671738826201,8.56175960704636
TrainValidationSelector,test,2025-07-03,8.745021766472675,8.562151979208245
TrainValidationSelector,test,2025-07-07,8.73712839836843,8.56254435137013
TrainValidationSelector,test,2025-07-08,8.73641225511796,8.562936723532015
TrainValidationSelector,test,2025-07-09,8.74245605789474,8.5633290956939
TrainValidationSelector,test,2025-07-10,8.745198498967666,8.563721467855785
TrainValidationSelector,test,2025-07-11,8.74189552719444,8.56411384001767
TrainValidationSelector,test,2025-07-14,8.743301951525376,8.564506212179555
TrainValidationSelector,test,2025-07-15,8.739337806459705,8.56489858434144
TrainValidationSelector,test,2025-07-16,8.742526374985088,8.565290956503326
TrainValidationSelector,test,2025-07-17,8.7478857552251,8.56568332866521
TrainValidationSelector,test,2025-07-18,8.747795264922292,8.566075700827096
TrainValidationSelector,test,2025-07-21,8.749193421927965,8.56646807298898
TrainValidationSelector,test,2025-07-22,8.749830750424632,8.566860445150866
TrainValidationSelector,test,2025-07-23,8.757612282570335,8.56725281731275
TrainValidationSelector,test,2025-07-24,8.758310262567267,8.567645189474636
TrainValidationSelector,test,2025-07-25,8.762276713568948,8.56803756163652
TrainValidationSelector,test,2025-07-28,8.762453556040215,8.568429933798406
TrainValidationSelector,test,2025-07-29,8.759489725842748,8.56882230596029
TrainValidationSelector,test,2025-07-30,8.758239511904238,8.569214678122176
TrainValidationSelector,test,2025-07-31,8.754537849857863,8.569607050284061
TrainValidationSelector,test,2025-08-01,8.738416462672294,8.569999422445946
TrainValidationSelector,test,2025-08-04,8.753046027163709,8.570391794607831
TrainValidationSelector,test,2025-08-05,8.748176323383246,8.570784166769716
TrainValidationSelector,test,2025-08-06,8.7554318456031,8.571176538931601
TrainValidationSelector,test,2025-08-07,8.754634047431272,8.571568911093486
TrainValidationSelector,test,2025-08-08,8.762403502247661,8.571961283255371
TrainValidationSelector,test,2025-08-11,8.759896233853777,8.572353655417256
TrainValidationSelector,test,2025-08-12,8.771177792928947,8.572746027579141
TrainValidationSelector,test,2025-08-13,8.774402666312993,8.573138399741026
TrainValidationSelector,test,2025-08-14,8.774705711191547,8.573530771902911
TrainValidationSelector,test,2025-08-15,8.771804371275183,8.573923144064796
TrainValidationSelector,test,2025-08-18,8.771703603017446,8.574315516226681
TrainValidationSelector,test,2025-08-19,8.765828273905239,8.574707888388566
TrainValidationSelector,test,2025-08-20,8.763393643272975,8.575100260550451
TrainValidationSelector,test,2025-08-21,8.759381423544024,8.575492632712336
TrainValidationSelector,test,2025-08-22,8.774453708702803,8.575885004874221
TrainValidationSelector,test,2025-08-25,8.770178196163156,8.576277377036106
TrainValidationSelector,test,2025-08-26,8.774303669873273,8.576669749197992
TrainValidationSelector,test,2025-08-27,8.776691800326576,8.577062121359877
TrainValidationSelector,test,2025-08-28,8.779843547768042,8.577454493521762
TrainValidationSelector,test,2025-08-29,8.77342480736525,8.577846865683647
TrainValidationSelector,test,2025-09-02,8.766478457304219,8.578239237845532
TrainValidationSelector,test,2025-09-03,8.77156556960716,8.578631610007417
TrainValidationSelector,test,2025-09-04,8.779877416710034,8.579023982169302
TrainValidationSelector,test,2025-09-05,8.776707244040098,8.579416354331187
TrainValidationSelector,test,2025-09-08,8.778811008490987,8.579808726493072
TrainValidationSelector,test,2025-09-09,8.78149555552106,8.580201098654957
TrainValidationSelector,test,2025-09-10,8.784474583750457,8.580593470816842
TrainValidationSelector,test,2025-09-11,8.792924671373552,8.580985842978727
TrainValidationSelector,test,2025-09-12,8.792441793492124,8.581378215140612
TrainValidationSelector,test,2025-09-15,8.797137371218684,8.581770587302497
TrainValidationSelector,test,2025-09-16,8.795848610785352,8.582162959464382
TrainValidationSelector,test,2025-09-17,8.794877971707107,8.582555331626267
TrainValidationSelector,test,2025-09-18,8.799655659543815,8.582947703788152
TrainValidationSelector,test,2025-09-19,8.804529183481296,8.583340075950037
TrainValidationSelector,test,2025-09-22,8.808929534196059,8.583732448111922
TrainValidationSelector,test,2025-09-23,8.80341218236732,8.584124820273807
TrainValidationSelector,test,2025-09-24,8.800561505202024,8.584517192435692
TrainValidationSelector,test,2025-09-25,8.795539856459497,8.584909564597577
TrainValidationSelector,test,2025-09-26,8.801424345589911,8.585301936759462
TrainValidationSelector,test,2025-09-29,8.804056422849824,8.585694308921347
TrainValidationSelector,test,2025-09-30,8.808138926463332,8.586086681083232
TrainValidationSelector,test,2025-10-01,8.811533080634556,8.586479053245117
TrainValidationSelector,test,2025-10-02,8.812151244255938,8.586871425407002
TrainValidationSelector,test,2025-10-03,8.812216754912805,8.587263797568887
TrainValidationSelector,test,2025-10-06,8.815856714195567,8.587656169730773
TrainValidationSelector,test,2025-10-07,8.812038026488715,8.588048541892658
TrainValidationSelector,test,2025-10-08,8.817848774982902,8.588440914054543
TrainValidationSelector,test,2025-10-09,8.815089401002624,8.588833286216428
TrainValidationSelector,test,2025-10-10,8.787603425562724,8.589225658378313
TrainValidationSelector,test,2025-10-13,8.803081688599658,8.589618030540198
TrainValidationSelector,test,2025-10-14,8.801516137102714,8.590010402702083
TrainValidationSelector,test,2025-10-15,8.805534055606143,8.590402774863968
TrainValidationSelector,test,2025-10-16,8.799219775331,8.590795147025853
TrainValidationSelector,test,2025-10-17,8.804476649275527,8.591187519187738
TrainValidationSelector,test,2025-10-20,8.815092373411671,8.591579891349623
TrainValidationSelector,test,2025-10-21,8.815125069328088,8.591972263511508
TrainValidationSelector,test,2025-10-22,8.809773234553345,8.592364635673393
TrainValidationSelector,test,2025-10-23,8.815583714415359,8.592757007835278
TrainValidationSelector,test,2025-10-24,8.823455076390603,8.593149379997163
TrainValidationSelector,test,2025-10-27,8.835670217717983,8.593541752159048
TrainValidationSelector,test,2025-10-28,8.837955548220213,8.593934124320933
TrainValidationSelector,test,2025-10-29,8.83791196901548,8.594326496482818
TrainValidationSelector,test,2025-10-30,8.827957777590944,8.594718868644703
TrainValidationSelector,test,2025-10-31,8.830572278508829,8.595111240806588
TrainValidationSelector,test,2025-11-03,8.832291512505746,8.595503612968473
TrainValidationSelector,test,2025-11-04,8.820485262113419,8.595895985130358
TrainValidationSelector,test,2025-11-05,8.824132159789107,8.596288357292243
TrainValidationSelector,test,2025-11-06,8.812891025274384,8.596680729454128
TrainValidationSelector,test,2025-11-07,8.814152071621878,8.597073101616013
TrainValidationSelector,test,2025-11-10,8.82943569832538,8.597465473777898
TrainValidationSelector,test,2025-11-11,8.831508898277772,8.597857845939783
TrainValidationSelector,test,2025-11-12,8.832138217403717,8.598250218101668
TrainValidationSelector,test,2025-11-13,8.815442765772788,8.598642590263553
TrainValidationSelector,test,2025-11-14,8.814940914301516,8.599034962425439
TrainValidationSelector,test,2025-11-17,8.805736416407212,8.599427334587324
TrainValidationSelector,test,2025-11-18,8.797445706563042,8.599819706749209
TrainValidationSelector,test,2025-11-19,8.801192514300308,8.600212078911094
TrainValidationSelector,test,2025-11-20,8.785502788183992,8.600604451072979
TrainValidationSelector,test,2025-11-21,8.795277891225584,8.600996823234864
TrainValidationSelector,test,2025-11-24,8.810626710124666,8.601389195396749
TrainValidationSelector,test,2025-11-25,8.819647596125499,8.601781567558634
TrainValidationSelector,test,2025-11-26,8.826530565561649,8.602173939720519
TrainValidationSelector,test,2025-11-28,8.831871052902786,8.602566311882404
TrainValidationSelector,test,2025-12-01,8.82653350415673,8.602958684044289
TrainValidationSelector,test,2025-12-02,8.828987725352667,8.603351056206174
TrainValidationSelector,test,2025-12-03,8.831963085873753,8.603743428368059
TrainValidationSelector,test,2025-12-04,8.833042824585727,8.604135800529944
TrainValidationSelector,test,2025-12-05,8.834977593470406,8.604528172691829
TrainValidationSelector,test,2025-12-08,8.831494278138758,8.604920544853714
TrainValidationSelector,test,2025-12-09,8.830617534977744,8.605312917015599
TrainValidationSelector,test,2025-12-10,8.837344415636885,8.605705289177484
TrainValidationSelector,test,2025-12-11,8.839421607620602,8.60609766133937
TrainValidationSelector,test,2025-12-12,8.828700694162047,8.606490033501254
TrainValidationSelector,test,2025-12-15,8.82710285527021,8.60688240566314
TrainValidationSelector,test,2025-12-16,8.82471609126177,8.607274777825024
TrainValidationSelector,test,2025-12-17,8.8130562346504,8.60766714998691
TrainValidationSelector,test,2025-12-18,8.820959186170878,8.608059522148794
TrainValidationSelector,test,2025-12-19,8.829738593592708,8.60845189431068
TrainValidationSelector,test,2025-12-22,8.836154464168269,8.608844266472564
TrainValidationSelector,test,2025-12-23,8.840694531215059,8.60923663863445
TrainValidationSelector,test,2025-12-24,8.84391083555976,8.609629010796334
TrainValidationSelector,test,2025-12-26,8.84360642568265,8.61002138295822
TrainValidationSelector,test,2025-12-29,8.840108262758713,8.610413755120105
TrainValidationSelector,test,2025-12-30,8.838731648508059,8.61080612728199
TrainValidationSelector,test,2025-12-31,8.83134678107381,8.611198499443875
TrainValidationSelector,test,2026-01-02,8.833239695099927,8.61159087160576
TrainValidationSelector,test,2026-01-05,8.839573719610978,8.611983243767645
TrainValidationSelector,test,2026-01-06,8.84575131161487,8.61237561592953
TrainValidationSelector,test,2026-01-07,8.842305458043862,8.612767988091415
TrainValidationSelector,test,2026-01-08,8.842382003373285,8.6131603602533
TrainValidationSelector,test,2026-01-09,8.848836614511605,8.613552732415185
TrainValidationSelector,test,2026-01-12,8.850413004570786,8.61394510457707
TrainValidationSelector,test,2026-01-13,8.848471998982578,8.614337476738955
TrainValidationSelector,test,2026-01-14,8.843124365398443,8.61472984890084
TrainValidationSelector,test,2026-01-15,8.845700969318887,8.615122221062725
TrainValidationSelector,test,2026-01-16,8.845058460650437,8.61551459322461
TrainValidationSelector,test,2026-01-20,8.824215999697175,8.615906965386495
TrainValidationSelector,test,2026-01-21,8.835737117330735,8.61629933754838
TrainValidationSelector,test,2026-01-22,8.841209618038638,8.616691709710265
TrainValidationSelector,test,2026-01-23,8.84153643446612,8.61708408187215
TrainValidationSelector,test,2026-01-26,8.84653002872628,8.617476454034035
TrainValidationSelector,test,2026-01-27,8.85060361656672,8.61786882619592
TrainValidationSelector,test,2026-01-28,8.85052189017502,8.618261198357805
TrainValidationSelector,test,2026-01-29,8.849228422732558,8.61865357051969
TrainValidationSelector,test,2026-01-30,8.8449172433181,8.619045942681575
TrainValidationSelector,test,2026-02-02,8.850294028595464,8.61943831484346
TrainValidationSelector,test,2026-02-03,8.8418545330048,8.619830687005345
TrainValidationSelector,test,2026-02-04,8.836769232849786,8.62022305916723
TrainValidationSelector,test,2026-02-05,8.824442554995954,8.620615431329115
TrainValidationSelector,test,2026-02-06,8.843946899278155,8.621007803491
TrainValidationSelector,test,2026-02-09,8.848627017138277,8.621400175652886
TrainValidationSelector,test,2026-02-10,8.845317834853768,8.62179254781477
TrainValidationSelector,test,2026-02-11,8.845268877583818,8.622184919976656
TrainValidationSelector,test,2026-02-12,8.8294839361977,8.62257729213854
TrainValidationSelector,test,2026-02-13,8.829982900842147,8.622969664300426
TrainValidationSelector,test,2026-02-17,8.831013691472803,8.62336203646231
TrainValidationSelector,test,2026-02-18,8.836564328293939,8.623754408624196
TrainValidationSelector,test,2026-02-19,8.833738212902404,8.62414678078608
TrainValidationSelector,test,2026-02-20,8.840653968604578,8.624539152947966
TrainValidationSelector,test,2026-02-23,8.830214009133122,8.62493152510985
TrainValidationSelector,test,2026-02-24,8.837836498095506,8.625323897271736
TrainValidationSelector,test,2026-02-25,8.845939932065635,8.625716269433621
TrainValidationSelector,test,2026-02-26,8.840559905070068,8.626108641595506
TrainValidationSelector,test,2026-02-27,8.836211109942031,8.626501013757391
TrainValidationSelector,test,2026-03-02,8.836609385355166,8.626893385919276
TrainValidationSelector,test,2026-03-03,8.827120476623854,8.627285758081161
TrainValidationSelector,test,2026-03-04,8.834846602364003,8.627678130243046
TrainValidationSelector,test,2026-03-05,8.8291838945913,8.628070502404931
TrainValidationSelector,test,2026-03-06,8.815818174158803,8.628462874566816
TrainValidationSelector,test,2026-03-09,8.824088045824192,8.628855246728701
TrainValidationSelector,test,2026-03-10,8.821950643318305,8.629247618890586
TrainValidationSelector,test,2026-03-11,8.821112691132669,8.629639991052471
TrainValidationSelector,test,2026-03-12,8.805767882943176,8.630032363214356
TrainValidationSelector,test,2026-03-13,8.799690336544673,8.630424735376241
TrainValidationSelector,test,2026-03-16,8.809770246291492,8.630817107538126
TrainValidationSelector,test,2026-03-17,8.812261395676446,8.631209479700011
TrainValidationSelector,test,2026-03-18,8.798560396292714,8.631601851861896
TrainValidationSelector,test,2026-03-19,8.795807813668816,8.631994224023781
TrainValidationSelector,test,2026-03-20,8.780553879361046,8.632386596185667
TrainValidationSelector,test,2026-03-23,8.791941988456118,8.632778968347552
TrainValidationSelector,test,2026-03-24,8.788192392996798,8.633171340509437
TrainValidationSelector,test,2026-03-25,8.793596886756747,8.633563712671322
TrainValidationSelector,test,2026-03-26,8.776037445795538,8.633956084833207
TrainValidationSelector,test,2026-03-27,8.759174213849487,8.634348456995092
TrainValidationSelector,test,2026-03-30,8.75522066001613,8.634740829156977
TrainValidationSelector,test,2026-03-31,8.78393555332593,8.635133201318862
TrainValidationSelector,test,2026-04-01,8.79107849832969,8.635525573480747
TrainValidationSelector,test,2026-04-02,8.792198746465926,8.635917945642632
TrainValidationSelector,test,2026-04-06,8.79661575959753,8.636310317804517
TrainValidationSelector,test,2026-04-07,8.797374719630659,8.636702689966402
TrainValidationSelector,test,2026-04-08,8.822146757987843,8.637095062128287
TrainValidationSelector,test,2026-04-09,8.828297824857357,8.637487434290172
TrainValidationSelector,test,2026-04-10,8.827158655158216,8.637879806452057
TrainValidationSelector,test,2026-04-13,8.837280530651958,8.638272178613942
TrainValidationSelector,test,2026-04-14,8.848994519568102,8.638664550775827
TrainValidationSelector,test,2026-04-15,8.856938664479667,8.639056922937712
TrainValidationSelector,test,2026-04-16,8.859545220294953,8.639449295099597
TrainValidationSelector,test,2026-04-17,8.87151377422369,8.639841667261482
TrainValidationSelector,test,2026-04-20,8.869136578313439,8.640234039423367
TrainValidationSelector,test,2026-04-21,8.862768124732586,8.640626411585252
TrainValidationSelector,test,2026-04-22,8.873173880744122,8.641018783747137
TrainValidationSelector,test,2026-04-23,8.869032448573183,8.641411155909022
TrainValidationSelector,test,2026-04-24,8.876974516490815,8.641803528070907
TrainValidationSelector,test,2026-04-27,8.878206134491366,8.642195900232792
TrainValidationSelector,test,2026-04-28,8.87329994662257,8.642588272394677
TrainValidationSelector,test,2026-04-29,8.872900694879057,8.642980644556562
TrainValidationSelector,test,2026-04-30,8.883086879047163,8.643373016718447
TrainValidationSelector,test,2026-05-01,8.886010928733684,8.643765388880333
TrainValidationSelector,test,2026-05-04,8.881940466245842,8.644157761042218
TrainValidationSelector,test,2026-05-05,8.890027693626418,8.644550133204103
TrainValidationSelector,test,2026-05-06,8.904510637954164,8.644942505365988
TrainValidationSelector,test,2026-05-07,8.900700292471486,8.645334877527873
TrainValidationSelector,test,2026-05-08,8.909090697900519,8.645727249689758
TrainValidationSelector,test,2026-05-11,8.910968889641193,8.646119621851643
TrainValidationSelector,test,2026-05-12,8.909364995229785,8.646511994013528
TrainValidationSelector,test,2026-05-13,8.91519720129278,8.646904366175413
TrainValidationSelector,test,2026-05-14,8.92282365043652,8.647296738337298
TrainValidationSelector,test,2026-05-15,8.91038326864879,8.647689110499183
TrainValidationSelector,test,2026-05-18,8.909647330056224,8.648081482661068
TrainValidationSelector,test,2026-05-19,8.902946609499553,8.648473854822953
TrainValidationSelector,test,2026-05-20,8.91368081756588,8.648866226984838
TrainValidationSelector,test,2026-05-21,8.915394678497545,8.649258599146723
TrainValidationSelector,test,2026-05-22,8.919114723781886,8.649650971308608
TrainValidationSelector,test,2026-05-26,8.925204404405033,8.650043343470493
TrainValidationSelector,test,2026-05-27,8.925369269958653,8.650435715632378
TrainValidationSelector,test,2026-05-28,8.93110649717087,8.650828087794263
TrainValidationSelector,test,2026-05-29,8.933276401902356,8.651220459956148
TrainValidationSelector,test,2026-06-01,8.935898257962847,8.651612832118033
TrainValidationSelector,test,2026-06-02,8.937189512875436,8.652005204279918
TimeWeightedValidationSelector,validation,2019-11-04,8.032123036194836,8.009317815768913
TimeWeightedValidationSelector,validation,2019-11-05,8.030936633483016,8.009720009748804
TimeWeightedValidationSelector,validation,2019-11-06,8.031638884075305,8.010122203728695
TimeWeightedValidationSelector,validation,2019-11-07,8.034365259319586,8.010524397708586
TimeWeightedValidationSelector,validation,2019-11-08,8.036922662464702,8.010926591688477
TimeWeightedValidationSelector,validation,2019-11-11,8.034958267051364,8.011328785668368
TimeWeightedValidationSelector,validation,2019-11-12,8.036521690352627,8.01173097964826
TimeWeightedValidationSelector,validation,2019-11-13,8.037232971922744,8.01213317362815
TimeWeightedValidationSelector,validation,2019-11-14,8.0380696645372,8.012535367608042
TimeWeightedValidationSelector,validation,2019-11-15,8.045735693315173,8.012937561587933
TimeWeightedValidationSelector,validation,2019-11-18,8.046238719637984,8.013339755567824
TimeWeightedValidationSelector,validation,2019-11-19,8.04564594953829,8.013741949547715
TimeWeightedValidationSelector,validation,2019-11-20,8.04188269311735,8.014144143527606
TimeWeightedValidationSelector,validation,2019-11-21,8.04029868703116,8.014546337507497
TimeWeightedValidationSelector,validation,2019-11-22,8.042471260973537,8.014948531487388
TimeWeightedValidationSelector,validation,2019-11-25,8.049950512861004,8.015350725467279
TimeWeightedValidationSelector,validation,2019-11-26,8.052143676505944,8.01575291944717
TimeWeightedValidationSelector,validation,2019-11-27,8.056309412131244,8.016155113427061
TimeWeightedValidationSelector,validation,2019-11-29,8.052290125901255,8.016557307406952
TimeWeightedValidationSelector,validation,2019-12-02,8.04362164220729,8.016959501386843
TimeWeightedValidationSelector,validation,2019-12-03,8.036961416949246,8.017361695366734
TimeWeightedValidationSelector,validation,2019-12-04,8.043265074558017,8.017763889346625
TimeWeightedValidationSelector,validation,2019-12-05,8.044764201484647,8.018166083326516
TimeWeightedValidationSelector,validation,2019-12-06,8.053858447515072,8.018568277306407
TimeWeightedValidationSelector,validation,2019-12-09,8.050690613830596,8.018970471286298
TimeWeightedValidationSelector,validation,2019-12-10,8.049593077661614,8.01937266526619
TimeWeightedValidationSelector,validation,2019-12-11,8.052497015190964,8.01977485924608
TimeWeightedValidationSelector,validation,2019-12-12,8.06103568256652,8.020177053225972
TimeWeightedValidationSelector,validation,2019-12-13,8.061108261716734,8.020579247205863
TimeWeightedValidationSelector,validation,2019-12-16,8.068230622659277,8.020981441185754
TimeWeightedValidationSelector,validation,2019-12-17,8.068565858687737,8.021383635165645
TimeWeightedValidationSelector,validation,2019-12-18,8.068133465047215,8.021785829145536
TimeWeightedValidationSelector,validation,2019-12-19,8.07258284386908,8.022188023125427
TimeWeightedValidationSelector,validation,2019-12-20,8.077515439673414,8.022590217105318
TimeWeightedValidationSelector,validation,2019-12-23,8.078381208387713,8.022992411085209
TimeWeightedValidationSelector,validation,2019-12-24,8.078185741085244,8.0233946050651
TimeWeightedValidationSelector,validation,2019-12-26,8.083300803495298,8.023796799044991
TimeWeightedValidationSelector,validation,2019-12-27,8.083334787634955,8.024198993024882
TimeWeightedValidationSelector,validation,2019-12-30,8.077537191555606,8.024601187004773
TimeWeightedValidationSelector,validation,2019-12-31,8.080478882199797,8.025003380984664
TimeWeightedValidationSelector,validation,2020-01-02,8.088822777562113,8.025405574964555
TimeWeightedValidationSelector,validation,2020-01-03,8.081737868197159,8.025807768944446
TimeWeightedValidationSelector,validation,2020-01-06,8.085265013391432,8.026209962924337
TimeWeightedValidationSelector,validation,2020-01-07,8.082457838306837,8.026612156904228
TimeWeightedValidationSelector,validation,2020-01-08,8.087348311792478,8.02701435088412
TimeWeightedValidationSelector,validation,2020-01-09,8.093981525909385,8.02741654486401
TimeWeightedValidationSelector,validation,2020-01-10,8.091122263421878,8.027818738843902
TimeWeightedValidationSelector,validation,2020-01-13,8.098074257467813,8.028220932823793
TimeWeightedValidationSelector,validation,2020-01-14,8.096558576630917,8.028623126803684
TimeWeightedValidationSelector,validation,2020-01-15,8.098427026874605,8.029025320783575
TimeWeightedValidationSelector,validation,2020-01-16,8.106758774296837,8.029427514763466
TimeWeightedValidationSelector,validation,2020-01-17,8.110613497544321,8.029829708743357
TimeWeightedValidationSelector,validation,2020-01-21,8.107957997174736,8.030231902723248
TimeWeightedValidationSelector,validation,2020-01-22,8.108247031471418,8.030634096703139
TimeWeightedValidationSelector,validation,2020-01-23,8.109387357664776,8.03103629068303
TimeWeightedValidationSelector,validation,2020-01-24,8.100304068238582,8.031438484662921
TimeWeightedValidationSelector,validation,2020-01-27,8.084448315881739,8.031840678642812
TimeWeightedValidationSelector,validation,2020-01-28,8.094451699382091,8.032242872622703
TimeWeightedValidationSelector,validation,2020-01-29,8.093584449238506,8.032645066602594
TimeWeightedValidationSelector,validation,2020-01-30,8.096713906168716,8.033047260582485
TimeWeightedValidationSelector,validation,2020-01-31,8.078849462597354,8.033449454562376
TimeWeightedValidationSelector,validation,2020-02-03,8.086077888358586,8.033851648542267
TimeWeightedValidationSelector,validation,2020-02-04,8.100947204276093,8.034253842522158
TimeWeightedValidationSelector,validation,2020-02-05,8.112134982935066,8.03465603650205
TimeWeightedValidationSelector,validation,2020-02-06,8.115455137992068,8.03505823048194
TimeWeightedValidationSelector,validation,2020-02-07,8.110039646982608,8.035460424461832
TimeWeightedValidationSelector,validation,2020-02-10,8.117339337103182,8.035862618441723
TimeWeightedValidationSelector,validation,2020-02-11,8.119026385789185,8.036264812421614
TimeWeightedValidationSelector,validation,2020-02-12,8.125468238894388,8.036667006401505
TimeWeightedValidationSelector,validation,2020-02-13,8.123836462534399,8.037069200381396
TimeWeightedValidationSelector,validation,2020-02-14,8.125678298632884,8.037471394361287
TimeWeightedValidationSelector,validation,2020-02-18,8.122754084646736,8.037873588341178
TimeWeightedValidationSelector,validation,2020-02-19,8.127448832931021,8.038275782321069
TimeWeightedValidationSelector,validation,2020-02-20,8.123626015503024,8.03867797630096
TimeWeightedValidationSelector,validation,2020-02-21,8.113052206270204,8.039080170280851
TimeWeightedValidationSelector,validation,2020-02-24,8.078964126849764,8.039482364260742
TimeWeightedValidationSelector,validation,2020-02-25,8.04821622247441,8.039884558240633
TimeWeightedValidationSelector,validation,2020-02-26,8.044430525150881,8.040286752220524
TimeWeightedValidationSelector,validation,2020-02-27,7.999262388798619,8.040688946200415
TimeWeightedValidationSelector,validation,2020-02-28,7.990989925688966,8.041091140180306
TimeWeightedValidationSelector,validation,2020-03-02,8.03600079445838,8.041493334160197
TimeWeightedValidationSelector,validation,2020-03-03,8.007490309535465,8.041895528140088
TimeWeightedValidationSelector,validation,2020-03-04,8.048826658896099,8.04229772211998
TimeWeightedValidationSelector,validation,2020-03-05,8.014315876456116,8.04269991609987
TimeWeightedValidationSelector,validation,2020-03-06,7.997114932803731,8.043102110079762
TimeWeightedValidationSelector,validation,2020-03-09,7.918104519863359,8.043504304059653
TimeWeightedValidationSelector,validation,2020-03-10,7.966319572289218,8.043906498039544
TimeWeightedValidationSelector,validation,2020-03-11,7.916216679480613,8.044308692019435
TimeWeightedValidationSelector,validation,2020-03-12,7.81627182707814,8.044710885999326
TimeWeightedValidationSelector,validation,2020-03-13,7.905080234027375,8.045113079979217
TimeWeightedValidationSelector,validation,2020-03-16,7.777428036554558,8.045515273959108
TimeWeightedValidationSelector,validation,2020-03-17,7.83565434919025,8.045917467938999
TimeWeightedValidationSelector,validation,2020-03-18,7.78243207685817,8.04631966191889
TimeWeightedValidationSelector,validation,2020-03-19,7.787128837828571,8.046721855898781
TimeWeightedValidationSelector,validation,2020-03-20,7.742801213775204,8.047124049878672
TimeWeightedValidationSelector,validation,2020-03-23,7.713069712765627,8.047526243858563
TimeWeightedValidationSelector,validation,2020-03-24,7.80275294528359,8.047928437838454
TimeWeightedValidationSelector,validation,2020-03-25,7.8142219357044125,8.048330631818345
TimeWeightedValidationSelector,validation,2020-03-26,7.874765766778659,8.048732825798236
TimeWeightedValidationSelector,validation,2020-03-27,7.840497921237032,8.049135019778127
TimeWeightedValidationSelector,validation,2020-03-30,7.873464511807008,8.049537213758018
TimeWeightedValidationSelector,validation,2020-03-31,7.857322201018592,8.04993940773791
TimeWeightedValidationSelector,validation,2020-04-01,7.812175838285805,8.0503416017178
TimeWeightedValidationSelector,validation,2020-04-02,7.834748495342765,8.050743795697691
TimeWeightedValidationSelector,validation,2020-04-03,7.81949563451682,8.051145989677583
TimeWeightedValidationSelector,validation,2020-04-06,7.887463878661651,8.051548183657474
TimeWeightedValidationSelector,validation,2020-04-07,7.885859539613288,8.051950377637365
TimeWeightedValidationSelector,validation,2020-04-08,7.919348910804573,8.052352571617256
TimeWeightedValidationSelector,validation,2020-04-09,7.933732381108273,8.052754765597147
TimeWeightedValidationSelector,validation,2020-04-13,7.923576321663596,8.053156959577038
TimeWeightedValidationSelector,validation,2020-04-14,7.953690881235903,8.053559153556929
TimeWeightedValidationSelector,validation,2020-04-15,7.931414148563534,8.05396134753682
TimeWeightedValidationSelector,validation,2020-04-16,7.9372139864030755,8.054363541516711
TimeWeightedValidationSelector,validation,2020-04-17,7.963654918424396,8.054765735496602
TimeWeightedValidationSelector,validation,2020-04-20,7.945612072809048,8.055167929476493
TimeWeightedValidationSelector,validation,2020-04-21,7.914456957572717,8.055570123456384
TimeWeightedValidationSelector,validation,2020-04-22,7.937128258154854,8.055972317436275
TimeWeightedValidationSelector,validation,2020-04-23,7.936588690494658,8.056374511416166
TimeWeightedValidationSelector,validation,2020-04-24,7.950410781061498,8.056776705396057
TimeWeightedValidationSelector,validation,2020-04-27,7.965017649243234,8.057178899375948
TimeWeightedValidationSelector,validation,2020-04-28,7.95976147905275,8.05758109335584
TimeWeightedValidationSelector,validation,2020-04-29,7.985998183097823,8.05798328733573
TimeWeightedValidationSelector,validation,2020-04-30,7.976743039778769,8.058385481315621
TimeWeightedValidationSelector,validation,2020-05-01,7.948282828763992,8.058787675295513
TimeWeightedValidationSelector,validation,2020-05-04,7.952523651342842,8.059189869275404
TimeWeightedValidationSelector,validation,2020-05-05,7.961523586540622,8.059592063255295
TimeWeightedValidationSelector,validation,2020-05-06,7.954519706141579,8.059994257235186
TimeWeightedValidationSelector,validation,2020-05-07,7.96595866189647,8.060396451215077
TimeWeightedValidationSelector,validation,2020-05-08,7.982689456961696,8.060798645194968
TimeWeightedValidationSelector,validation,2020-05-11,7.982822526328487,8.061200839174859
TimeWeightedValidationSelector,validation,2020-05-12,7.962109160556439,8.06160303315475
TimeWeightedValidationSelector,validation,2020-05-13,7.944492163932159,8.062005227134641
TimeWeightedValidationSelector,validation,2020-05-14,7.955951081736231,8.062407421114532
TimeWeightedValidationSelector,validation,2020-05-15,7.959869756939954,8.062809615094423
TimeWeightedValidationSelector,validation,2020-05-18,7.990884965710027,8.063211809074314
TimeWeightedValidationSelector,validation,2020-05-19,7.980345217998428,8.063614003054205
TimeWeightedValidationSelector,validation,2020-05-20,7.996859208611843,8.064016197034096
TimeWeightedValidationSelector,validation,2020-05-21,7.98905524030189,8.064418391013987
TimeWeightedValidationSelector,validation,2020-05-22,7.991406185988702,8.064820584993878
TimeWeightedValidationSelector,validation,2020-05-26,8.003620471010162,8.06522277897377
TimeWeightedValidationSelector,validation,2020-05-27,8.018338918500477,8.06562497295366
TimeWeightedValidationSelector,validation,2020-05-28,8.016228779175558,8.066027166933551
TimeWeightedValidationSelector,validation,2020-05-29,8.021029572727866,8.066429360913443
TimeWeightedValidationSelector,validation,2020-06-01,8.024773789206229,8.066831554893334
TimeWeightedValidationSelector,validation,2020-06-02,8.03295109648863,8.067233748873225
TimeWeightedValidationSelector,validation,2020-06-03,8.046507767301192,8.067635942853116
TimeWeightedValidationSelector,validation,2020-06-04,8.043133378217583,8.068038136833007
TimeWeightedValidationSelector,validation,2020-06-05,8.06900739103922,8.068440330812898
TimeWeightedValidationSelector,validation,2020-06-08,8.080977047445025,8.068842524792789
TimeWeightedValidationSelector,validation,2020-06-09,8.073147304025303,8.06924471877268
TimeWeightedValidationSelector,validation,2020-06-10,8.067820048290121,8.069646912752571
TimeWeightedValidationSelector,validation,2020-06-11,8.007067355293833,8.070049106732462
TimeWeightedValidationSelector,validation,2020-06-12,8.020043641899044,8.070451300712353
TimeWeightedValidationSelector,validation,2020-06-15,8.028321502717219,8.070853494692244
TimeWeightedValidationSelector,validation,2020-06-16,8.04710635558393,8.071255688672135
TimeWeightedValidationSelector,validation,2020-06-17,8.0434995593513,8.071657882652026
TimeWeightedValidationSelector,validation,2020-06-18,8.044093602755103,8.072060076631917
TimeWeightedValidationSelector,validation,2020-06-19,8.038428089189429,8.072462270611808
TimeWeightedValidationSelector,validation,2020-06-22,8.044902182486087,8.0728644645917
TimeWeightedValidationSelector,validation,2020-06-23,8.049200351677571,8.07326665857159
TimeWeightedValidationSelector,validation,2020-06-24,8.023005086081909,8.073668852551481
TimeWeightedValidationSelector,validation,2020-06-25,8.033904913810126,8.074071046531373
TimeWeightedValidationSelector,validation,2020-06-26,8.009379709535295,8.074473240511264
TimeWeightedValidationSelector,validation,2020-06-29,8.023958597648829,8.074875434491155
TimeWeightedValidationSelector,validation,2020-06-30,8.039250947084584,8.075277628471046
TimeWeightedValidationSelector,validation,2020-07-01,8.044260511060456,8.075679822450937
TimeWeightedValidationSelector,validation,2020-07-02,8.048791481537272,8.076082016430828
TimeWeightedValidationSelector,validation,2020-07-06,8.064548412369435,8.076484210410719
TimeWeightedValidationSelector,validation,2020-07-07,8.053670934499792,8.07688640439061
TimeWeightedValidationSelector,validation,2020-07-08,8.061467920763222,8.077288598370501
TimeWeightedValidationSelector,validation,2020-07-09,8.055808329287027,8.077690792350392
TimeWeightedValidationSelector,validation,2020-07-10,8.066220139061471,8.078092986330283
TimeWeightedValidationSelector,validation,2020-07-13,8.056813493845413,8.078495180310174
TimeWeightedValidationSelector,validation,2020-07-14,8.070130794428316,8.078897374290065
TimeWeightedValidationSelector,validation,2020-07-15,8.07917185136467,8.079299568269956
TimeWeightedValidationSelector,validation,2020-07-16,8.075759936150556,8.079701762249847
TimeWeightedValidationSelector,validation,2020-07-17,8.07860449873814,8.080103956229738
TimeWeightedValidationSelector,validation,2020-07-20,8.08697629599328,8.08050615020963
TimeWeightedValidationSelector,validation,2020-07-21,8.08865392532784,8.08090834418952
TimeWeightedValidationSelector,validation,2020-07-22,8.094384555922312,8.081310538169411
TimeWeightedValidationSelector,validation,2020-07-23,8.081988177510066,8.081712732149303
TimeWeightedValidationSelector,validation,2020-07-24,8.07577853748579,8.082114926129194
TimeWeightedValidationSelector,validation,2020-07-27,8.083146466307273,8.082517120109085
TimeWeightedValidationSelector,validation,2020-07-28,8.076652030888626,8.082919314088976
TimeWeightedValidationSelector,validation,2020-07-29,8.08900381424037,8.083321508068867
TimeWeightedValidationSelector,validation,2020-07-30,8.085246512476914,8.083723702048758
TimeWeightedValidationSelector,validation,2020-07-31,8.09288774871909,8.084125896028649
TimeWeightedValidationSelector,validation,2020-08-03,8.10004311138345,8.08452809000854
TimeWeightedValidationSelector,validation,2020-08-04,8.103648534409583,8.084930283988431
TimeWeightedValidationSelector,validation,2020-08-05,8.1100576948451,8.085332477968322
TimeWeightedValidationSelector,validation,2020-08-06,8.116464820865765,8.085734671948213
TimeWeightedValidationSelector,validation,2020-08-07,8.117097650135722,8.086136865928104
TimeWeightedValidationSelector,validation,2020-08-10,8.119836115409115,8.086539059907995
TimeWeightedValidationSelector,validation,2020-08-11,8.111835060007737,8.086941253887886
TimeWeightedValidationSelector,validation,2020-08-12,8.12573456230135,8.087343447867777
TimeWeightedValidationSelector,validation,2020-08-13,8.123685289625193,8.087745641847668
TimeWeightedValidationSelector,validation,2020-08-14,8.123513392228915,8.08814783582756
TimeWeightedValidationSelector,validation,2020-08-17,8.126219569736339,8.08855002980745
TimeWeightedValidationSelector,validation,2020-08-18,8.128520310156155,8.088952223787341
TimeWeightedValidationSelector,validation,2020-08-19,8.124106186810973,8.089354417767233
TimeWeightedValidationSelector,validation,2020-08-20,8.127259841579319,8.089756611747124
TimeWeightedValidationSelector,validation,2020-08-21,8.130695041562293,8.090158805727015
TimeWeightedValidationSelector,validation,2020-08-24,8.140688656927194,8.090560999706906
TimeWeightedValidationSelector,validation,2020-08-25,8.144278556672734,8.090963193686797
TimeWeightedValidationSelector,validation,2020-08-26,8.154422558017577,8.091365387666688
TimeWeightedValidationSelector,validation,2020-08-27,8.156094204049387,8.091767581646579
TimeWeightedValidationSelector,validation,2020-08-28,8.162804206898956,8.09216977562647
TimeWeightedValidationSelector,validation,2020-08-31,8.160606831723447,8.092571969606361
TimeWeightedValidationSelector,validation,2020-09-01,8.168103663144153,8.092974163586252
TimeWeightedValidationSelector,validation,2020-09-02,8.183352713288023,8.093376357566143
TimeWeightedValidationSelector,validation,2020-09-03,8.147595119145837,8.093778551546034
TimeWeightedValidationSelector,validation,2020-09-04,8.139428838391563,8.094180745525925
TimeWeightedValidationSelector,validation,2020-09-08,8.111280009305096,8.094582939505816
TimeWeightedValidationSelector,validation,2020-09-09,8.131224769967277,8.094985133485707
TimeWeightedValidationSelector,validation,2020-09-10,8.11348352404188,8.095387327465598
TimeWeightedValidationSelector,validation,2020-09-11,8.114016454199968,8.09578952144549
TimeWeightedValidationSelector,validation,2020-09-14,8.126677789224992,8.09619171542538
TimeWeightedValidationSelector,validation,2020-09-15,8.131883575155491,8.096593909405271
TimeWeightedValidationSelector,validation,2020-09-16,8.12725392826334,8.096996103385163
TimeWeightedValidationSelector,validation,2020-09-17,8.118805978734787,8.097398297365054
TimeWeightedValidationSelector,validation,2020-09-18,8.107560401786959,8.097800491344945
TimeWeightedValidationSelector,validation,2020-09-21,8.09592183775966,8.098202685324836
TimeWeightedValidationSelector,validation,2020-09-22,8.106384854158037,8.098604879304727
TimeWeightedValidationSelector,validation,2020-09-23,8.082377515243662,8.099007073284618
TimeWeightedValidationSelector,validation,2020-09-24,8.085360520798291,8.099409267264509
TimeWeightedValidationSelector,validation,2020-09-25,8.10121096002248,8.0998114612444
TimeWeightedValidationSelector,validation,2020-09-28,8.117193151876334,8.100213655224291
TimeWeightedValidationSelector,validation,2020-09-29,8.11236886917189,8.100615849204182
TimeWeightedValidationSelector,validation,2020-09-30,8.12058871174027,8.101018043184073
TimeWeightedValidationSelector,validation,2020-10-01,8.125867661304564,8.101420237163964
TimeWeightedValidationSelector,validation,2020-10-02,8.116243848438193,8.101822431143855
TimeWeightedValidationSelector,validation,2020-10-05,8.134056957441095,8.102224625123746
TimeWeightedValidationSelector,validation,2020-10-06,8.119984893053571,8.102626819103637
TimeWeightedValidationSelector,validation,2020-10-07,8.137232056823812,8.103029013083528
TimeWeightedValidationSelector,validation,2020-10-08,8.145210269718682,8.10343120706342
TimeWeightedValidationSelector,validation,2020-10-09,8.153965364899435,8.10383340104331
TimeWeightedValidationSelector,validation,2020-10-12,8.17024789505776,8.104235595023201
TimeWeightedValidationSelector,validation,2020-10-13,8.163921003428596,8.104637789003093
TimeWeightedValidationSelector,validation,2020-10-14,8.157275831344537,8.105039982982984
TimeWeightedValidationSelector,validation,2020-10-15,8.155746907830324,8.105442176962875
TimeWeightedValidationSelector,validation,2020-10-16,8.155881818286954,8.105844370942766
TimeWeightedValidationSelector,validation,2020-10-19,8.139417154772012,8.106246564922657
TimeWeightedValidationSelector,validation,2020-10-20,8.144133350092012,8.106648758902548
TimeWeightedValidationSelector,validation,2020-10-21,8.141935236080442,8.107050952882439
TimeWeightedValidationSelector,validation,2020-10-22,8.147140590083934,8.10745314686233
TimeWeightedValidationSelector,validation,2020-10-23,8.150580428404323,8.107855340842221
TimeWeightedValidationSelector,validation,2020-10-26,8.131815955419002,8.108257534822112
TimeWeightedValidationSelector,validation,2020-10-27,8.128785750068555,8.108659728802003
TimeWeightedValidationSelector,validation,2020-10-28,8.092860207959978,8.109061922781894
TimeWeightedValidationSelector,validation,2020-10-29,8.104736732899976,8.109464116761785
TimeWeightedValidationSelector,validation,2020-10-30,8.092533019454715,8.109866310741676
TimeWeightedValidationSelector,validation,2020-11-02,8.104775970345306,8.110268504721567
TimeWeightedValidationSelector,validation,2020-11-03,8.122418708029384,8.110670698701458
TimeWeightedValidationSelector,validation,2020-11-04,8.144226233684476,8.11107289268135
TimeWeightedValidationSelector,validation,2020-11-05,8.163499499461178,8.11147508666124
TimeWeightedValidationSelector,validation,2020-11-06,8.163211742875804,8.111877280641131
TimeWeightedValidationSelector,validation,2020-11-09,8.174843717622148,8.112279474621023
TimeWeightedValidationSelector,validation,2020-11-10,8.17344294240128,8.112681668600914
TimeWeightedValidationSelector,validation,2020-11-11,8.181065670764273,8.113083862580805
TimeWeightedValidationSelector,validation,2020-11-12,8.171037019217202,8.113486056560696
TimeWeightedValidationSelector,validation,2020-11-13,8.184555565923496,8.113888250540587
TimeWeightedValidationSelector,validation,2020-11-16,8.196136300846328,8.114290444520478
TimeWeightedValidationSelector,validation,2020-11-17,8.191332857061681,8.114692638500369
TimeWeightedValidationSelector,validation,2020-11-18,8.1797016464142,8.11509483248026
TimeWeightedValidationSelector,validation,2020-11-19,8.183640322104933,8.115497026460151
TimeWeightedValidationSelector,validation,2020-11-20,8.176824584732014,8.115899220440042
TimeWeightedValidationSelector,validation,2020-11-23,8.182444692913863,8.116301414419933
TimeWeightedValidationSelector,validation,2020-11-24,8.198477151727896,8.116703608399824
TimeWeightedValidationSelector,validation,2020-11-25,8.196891476972386,8.117105802379715
TimeWeightedValidationSelector,validation,2020-11-27,8.199285587998288,8.117507996359606
TimeWeightedValidationSelector,validation,2020-11-30,8.194679447361315,8.117910190339497
TimeWeightedValidationSelector,validation,2020-12-01,8.20588758802291,8.118312384319388
TimeWeightedValidationSelector,validation,2020-12-02,8.207677152551513,8.11871457829928
TimeWeightedValidationSelector,validation,2020-12-03,8.207052800471219,8.11911677227917
TimeWeightedValidationSelector,validation,2020-12-04,8.215850264186406,8.119518966259061
TimeWeightedValidationSelector,validation,2020-12-07,8.213912750747442,8.119921160238952
TimeWeightedValidationSelector,validation,2020-12-08,8.216696021917613,8.120323354218844
TimeWeightedValidationSelector,validation,2020-12-09,8.20871505696914,8.120725548198735
TimeWeightedValidationSelector,validation,2020-12-10,8.207429122441368,8.121127742178626
TimeWeightedValidationSelector,validation,2020-12-11,8.206163324357137,8.121529936158517
TimeWeightedValidationSelector,validation,2020-12-14,8.20179453611199,8.121932130138408
TimeWeightedValidationSelector,validation,2020-12-15,8.214633018134208,8.122334324118299
TimeWeightedValidationSelector,validation,2020-12-16,8.216404243754532,8.12273651809819
TimeWeightedValidationSelector,validation,2020-12-17,8.222145386563515,8.123138712078081
TimeWeightedValidationSelector,validation,2020-12-18,8.218628089611366,8.123540906057972
TimeWeightedValidationSelector,validation,2020-12-21,8.214714161124457,8.123943100037863
TimeWeightedValidationSelector,validation,2020-12-22,8.212638916432686,8.124345294017754
TimeWeightedValidationSelector,validation,2020-12-23,8.213384449704504,8.124747487997645
TimeWeightedValidationSelector,validation,2020-12-24,8.216914799683991,8.125149681977536
TimeWeightedValidationSelector,validation,2020-12-28,8.225599507222404,8.125551875957427
TimeWeightedValidationSelector,validation,2020-12-29,8.223369642395124,8.125954069937318
TimeWeightedValidationSelector,validation,2020-12-30,8.224710290490204,8.12635626391721
TimeWeightedValidationSelector,validation,2020-12-31,8.231128495201908,8.1267584578971
TimeWeightedValidationSelector,validation,2021-01-04,8.216263732489882,8.127160651876991
TimeWeightedValidationSelector,validation,2021-01-05,8.223321363873243,8.127562845856882
TimeWeightedValidationSelector,validation,2021-01-06,8.229014967255718,8.127965039836774
TimeWeightedValidationSelector,validation,2021-01-07,8.24375322736347,8.128367233816665
TimeWeightedValidationSelector,validation,2021-01-08,8.249230064756986,8.128769427796556
TimeWeightedValidationSelector,validation,2021-01-11,8.242653737140365,8.129171621776447
TimeWeightedValidationSelector,validation,2021-01-12,8.243069439170934,8.129573815756338
TimeWeightedValidationSelector,validation,2021-01-13,8.24534249555766,8.129976009736229
TimeWeightedValidationSelector,validation,2021-01-14,8.241581982488917,8.13037820371612
TimeWeightedValidationSelector,validation,2021-01-15,8.234365981690638,8.130780397696011
TimeWeightedValidationSelector,validation,2021-01-19,8.2424694393264,8.131182591675902
TimeWeightedValidationSelector,validation,2021-01-20,8.256308856702912,8.131584785655793
TimeWeightedValidationSelector,validation,2021-01-21,8.256625529864225,8.131986979635684
TimeWeightedValidationSelector,validation,2021-01-22,8.253610377201287,8.132389173615575
TimeWeightedValidationSelector,validation,2021-01-25,8.257219694714305,8.132791367595466
TimeWeightedValidationSelector,validation,2021-01-26,8.255729751553151,8.133193561575357
TimeWeightedValidationSelector,validation,2021-01-27,8.22971643642705,8.133595755555248
TimeWeightedValidationSelector,validation,2021-01-28,8.23942973520581,8.13399794953514
TimeWeightedValidationSelector,validation,2021-01-29,8.219929357551019,8.13440014351503
TimeWeightedValidationSelector,validation,2021-02-01,8.235853657785697,8.134802337494921
TimeWeightedValidationSelector,validation,2021-02-02,8.249656186600008,8.135204531474812
TimeWeightedValidationSelector,validation,2021-02-03,8.250664447215353,8.135606725454704
TimeWeightedValidationSelector,validation,2021-02-04,8.261459294859275,8.136008919434595
TimeWeightedValidationSelector,validation,2021-02-05,8.265349214467038,8.136411113414486
TimeWeightedValidationSelector,validation,2021-02-08,8.272721321943328,8.136813307394377
TimeWeightedValidationSelector,validation,2021-02-09,8.271607176521606,8.137215501374268
TimeWeightedValidationSelector,validation,2021-02-10,8.271261931999215,8.137617695354159
TimeWeightedValidationSelector,validation,2021-02-11,8.272923006813803,8.13801988933405
TimeWeightedValidationSelector,validation,2021-02-12,8.277622977739965,8.138422083313941
TimeWeightedValidationSelector,validation,2021-02-16,8.27705354322455,8.138824277293832
TimeWeightedValidationSelector,validation,2021-02-17,8.276733089875632,8.139226471273723
TimeWeightedValidationSelector,validation,2021-02-18,8.27230747564839,8.139628665253614
TimeWeightedValidationSelector,validation,2021-02-19,8.270450856552724,8.140030859233505
TimeWeightedValidationSelector,validation,2021-02-22,8.262687963659014,8.140433053213396
TimeWeightedValidationSelector,validation,2021-02-23,8.26394349327054,8.140835247193287
TimeWeightedValidationSelector,validation,2021-02-24,8.275231160941527,8.141237441173178
TimeWeightedValidationSelector,validation,2021-02-25,8.250447766517354,8.14163963515307
TimeWeightedValidationSelector,validation,2021-02-26,8.245686234223555,8.14204182913296
TimeWeightedValidationSelector,validation,2021-03-01,8.269198407449249,8.142444023112851
TimeWeightedValidationSelector,validation,2021-03-02,8.26108472870974,8.142846217092742
TimeWeightedValidationSelector,validation,2021-03-03,8.247932392814938,8.143248411072634
TimeWeightedValidationSelector,validation,2021-03-04,8.234424354750548,8.143650605052525
TimeWeightedValidationSelector,validation,2021-03-05,8.253732711089258,8.144052799032416
TimeWeightedValidationSelector,validation,2021-03-08,8.248359067865232,8.144454993012307
TimeWeightedValidationSelector,validation,2021-03-09,8.262414468609164,8.144857186992198
TimeWeightedValidationSelector,validation,2021-03-10,8.268426672380151,8.145259380972089
TimeWeightedValidationSelector,validation,2021-03-11,8.278768497880808,8.14566157495198
TimeWeightedValidationSelector,validation,2021-03-12,8.27978338120834,8.146063768931871
TimeWeightedValidationSelector,validation,2021-03-15,8.286254320747753,8.146465962911762
TimeWeightedValidationSelector,validation,2021-03-16,8.284683403769156,8.146868156891653
TimeWeightedValidationSelector,validation,2021-03-17,8.287558648419315,8.147270350871544
TimeWeightedValidationSelector,validation,2021-03-18,8.272688088353368,8.147672544851435
TimeWeightedValidationSelector,validation,2021-03-19,8.272085202679614,8.148074738831326
TimeWeightedValidationSelector,validation,2021-03-22,8.279085759577956,8.148476932811217
TimeWeightedValidationSelector,validation,2021-03-23,8.271425641458622,8.148879126791108
TimeWeightedValidationSelector,validation,2021-03-24,8.265943304858274,8.149281320771
TimeWeightedValidationSelector,validation,2021-03-25,8.271169888291002,8.14968351475089
TimeWeightedValidationSelector,validation,2021-03-26,8.287664306949718,8.150085708730781
TimeWeightedValidationSelector,validation,2021-03-29,8.286795917323332,8.150487902710672
TimeWeightedValidationSelector,validation,2021-03-30,8.283633087913682,8.150890096690564
TimeWeightedValidationSelector,validation,2021-03-31,8.287249041506103,8.151292290670455
TimeWeightedValidationSelector,validation,2021-04-01,8.299004871933777,8.151694484650346
TimeWeightedValidationSelector,validation,2021-04-05,8.31333985969602,8.152096678630237
TimeWeightedValidationSelector,validation,2021-04-06,8.312365854755223,8.152498872610128
TimeWeightedValidationSelector,validation,2021-04-07,8.31384000045333,8.152901066590019
TimeWeightedValidationSelector,validation,2021-04-08,8.318051751393922,8.15330326056991
TimeWeightedValidationSelector,validation,2021-04-09,8.32574203952961,8.153705454549801
TimeWeightedValidationSelector,validation,2021-04-12,8.32554594145487,8.154107648529692
TimeWeightedValidationSelector,validation,2021-04-13,8.328835013331933,8.154509842509583
TimeWeightedValidationSelector,validation,2021-04-14,8.324738909011202,8.154912036489474
TimeWeightedValidationSelector,validation,2021-04-15,8.335772010412322,8.155314230469365
TimeWeightedValidationSelector,validation,2021-04-16,8.339374333802839,8.155716424449256
TimeWeightedValidationSelector,validation,2021-04-19,8.334053643909082,8.156118618429147
TimeWeightedValidationSelector,validation,2021-04-20,8.327228082904004,8.156520812409038
TimeWeightedValidationSelector,validation,2021-04-21,8.336491103823857,8.15692300638893
TimeWeightedValidationSelector,validation,2021-04-22,8.327237765963302,8.15732520036882
TimeWeightedValidationSelector,validation,2021-04-23,8.338107175858834,8.157727394348711
TimeWeightedValidationSelector,validation,2021-04-26,8.339887860423417,8.158129588328602
TimeWeightedValidationSelector,validation,2021-04-27,8.339672941441972,8.158531782308494
TimeWeightedValidationSelector,validation,2021-04-28,8.338827043854575,8.158933976288385
TimeWeightedValidationSelector,validation,2021-04-29,8.345567085391279,8.159336170268276
TimeWeightedValidationSelector,validation,2021-04-30,8.338346371974158,8.159738364248167
TimeWeightedValidationSelector,validation,2021-05-03,8.34109069362367,8.160140558228058
TimeWeightedValidationSelector,validation,2021-05-04,8.334389956133823,8.160542752207949
TimeWeightedValidationSelector,validation,2021-05-05,8.335093172580937,8.16094494618784
TimeWeightedValidationSelector,validation,2021-05-06,8.343225472079569,8.16134714016773
TimeWeightedValidationSelector,validation,2021-05-07,8.350571763498756,8.161749334147622
TimeWeightedValidationSelector,validation,2021-05-10,8.340081282995618,8.162151528127513
TimeWeightedValidationSelector,validation,2021-05-11,8.331369532853836,8.162553722107404
TimeWeightedValidationSelector,validation,2021-05-12,8.309686750495533,8.162955916087295
TimeWeightedValidationSelector,validation,2021-05-13,8.321786395073627,8.163358110067186
TimeWeightedValidationSelector,validation,2021-05-14,8.33659417363725,8.163760304047077
TimeWeightedValidationSelector,validation,2021-05-17,8.33406091545329,8.164162498026968
TimeWeightedValidationSelector,validation,2021-05-18,8.325507143069256,8.16456469200686
TimeWeightedValidationSelector,validation,2021-05-19,8.322559391257878,8.16496688598675
TimeWeightedValidationSelector,validation,2021-05-20,8.333058820592386,8.165369079966641
TimeWeightedValidationSelector,validation,2021-05-21,8.332274632517134,8.165771273946532
TimeWeightedValidationSelector,validation,2021-05-24,8.342137129998349,8.166173467926424
TimeWeightedValidationSelector,validation,2021-05-25,8.34000958459752,8.166575661906315
TimeWeightedValidationSelector,validation,2021-05-26,8.341884642148132,8.166977855886206
TimeWeightedValidationSelector,validation,2021-05-27,8.343049278237995,8.167380049866097
TimeWeightedValidationSelector,validation,2021-05-28,8.343817864690882,8.167782243845988
TimeWeightedValidationSelector,validation,2021-06-01,8.343325409932252,8.168184437825879
TimeWeightedValidationSelector,validation,2021-06-02,8.344771298969153,8.16858663180577
TimeWeightedValidationSelector,validation,2021-06-03,8.341135995913104,8.16898882578566
TimeWeightedValidationSelector,validation,2021-06-04,8.34993129929612,8.169391019765552
TimeWeightedValidationSelector,validation,2021-06-07,8.349134243026699,8.169793213745443
TimeWeightedValidationSelector,validation,2021-06-08,8.34930925257614,8.170195407725334
TimeWeightedValidationSelector,validation,2021-06-09,8.347483719985524,8.170597601705225
TimeWeightedValidationSelector,validation,2021-06-10,8.352125174761987,8.170999795685116
TimeWeightedValidationSelector,validation,2021-06-11,8.354071713694795,8.171401989665007
TimeWeightedValidationSelector,validation,2021-06-14,8.355885270079932,8.171804183644898
TimeWeightedValidationSelector,validation,2021-06-15,8.353871550125655,8.17220637762479
TimeWeightedValidationSelector,validation,2021-06-16,8.34846684637863,8.17260857160468
TimeWeightedValidationSelector,validation,2021-06-17,8.348031035834957,8.173010765584571
TimeWeightedValidationSelector,validation,2021-06-18,8.334819680147673,8.173412959564462
TimeWeightedValidationSelector,validation,2021-06-21,8.348724843659992,8.173815153544354
TimeWeightedValidationSelector,validation,2021-06-22,8.353836250038983,8.174217347524245
TimeWeightedValidationSelector,validation,2021-06-23,8.352752379520334,8.174619541504136
TimeWeightedValidationSelector,validation,2021-06-24,8.358546809066251,8.175021735484027
TimeWeightedValidationSelector,validation,2021-06-25,8.361871872230937,8.175423929463918
TimeWeightedValidationSelector,validation,2021-06-28,8.36418416109141,8.175826123443809
TimeWeightedValidationSelector,validation,2021-06-29,8.364461458834096,8.1762283174237
TimeWeightedValidationSelector,validation,2021-06-30,8.365788737257004,8.17663051140359
TimeWeightedValidationSelector,validation,2021-07-01,8.370996778689259,8.177032705383482
TimeWeightedValidationSelector,validation,2021-07-02,8.37846887458395,8.177434899363373
TimeWeightedValidationSelector,validation,2021-07-06,8.376444971813928,8.177837093343264
TimeWeightedValidationSelector,validation,2021-07-07,8.379798318367591,8.178239287323155
TimeWeightedValidationSelector,validation,2021-07-08,8.371200437358036,8.178641481303046
TimeWeightedValidationSelector,validation,2021-07-09,8.38241526326045,8.179043675282937
TimeWeightedValidationSelector,validation,2021-07-12,8.385860495956043,8.179445869262828
TimeWeightedValidationSelector,validation,2021-07-13,8.382337484774878,8.17984806324272
TimeWeightedValidationSelector,validation,2021-07-14,8.383501741340346,8.18025025722261
TimeWeightedValidationSelector,validation,2021-07-15,8.380234167777601,8.180652451202501
TimeWeightedValidationSelector,validation,2021-07-16,8.372666752770789,8.181054645182392
TimeWeightedValidationSelector,validation,2021-07-19,8.356669971370804,8.181456839162284
TimeWeightedValidationSelector,validation,2021-07-20,8.371718777375603,8.181859033142175
TimeWeightedValidationSelector,validation,2021-07-21,8.379926819037747,8.182261227122066
TimeWeightedValidationSelector,validation,2021-07-22,8.38194145824699,8.182663421101957
TimeWeightedValidationSelector,validation,2021-07-23,8.392035790633246,8.183065615081848
TimeWeightedValidationSelector,validation,2021-07-26,8.394415157555974,8.183467809061739
TimeWeightedValidationSelector,validation,2021-07-27,8.389691574173797,8.18387000304163
TimeWeightedValidationSelector,validation,2021-07-28,8.389505294942245,8.18427219702152
TimeWeightedValidationSelector,validation,2021-07-29,8.393702626787517,8.184674391001412
TimeWeightedValidationSelector,validation,2021-07-30,8.388281913179256,8.185076584981303
TimeWeightedValidationSelector,validation,2021-08-02,8.386437407509195,8.185478778961194
TimeWeightedValidationSelector,validation,2021-08-03,8.394607368848114,8.185880972941085
TimeWeightedValidationSelector,validation,2021-08-04,8.389964218186817,8.186283166920976
TimeWeightedValidationSelector,validation,2021-08-05,8.395951704177238,8.186685360900867
TimeWeightedValidationSelector,validation,2021-08-06,8.397625568725767,8.187087554880758
TimeWeightedValidationSelector,validation,2021-08-09,8.39668521846081,8.18748974886065
TimeWeightedValidationSelector,validation,2021-08-10,8.397677405414674,8.18789194284054
TimeWeightedValidationSelector,validation,2021-08-11,8.39895233613269,8.188294136820431
TimeWeightedValidationSelector,validation,2021-08-12,8.403090143868168,8.188696330800322
TimeWeightedValidationSelector,validation,2021-08-13,8.404696160189092,8.189098524780213
TimeWeightedValidationSelector,validation,2021-08-16,8.407313582451085,8.189500718760105
TimeWeightedValidationSelector,validation,2021-08-17,8.400227838943948,8.189902912739996
TimeWeightedValidationSelector,validation,2021-08-18,8.389421186098692,8.190305106719887
TimeWeightedValidationSelector,validation,2021-08-19,8.39067708935485,8.190707300699778
TimeWeightedValidationSelector,validation,2021-08-20,8.398785693245593,8.191109494679669
TimeWeightedValidationSelector,validation,2021-08-23,8.407273361230004,8.19151168865956
TimeWeightedValidationSelector,validation,2021-08-24,8.408767980031966,8.19191388263945
TimeWeightedValidationSelector,validation,2021-08-25,8.410985637435218,8.192316076619342
TimeWeightedValidationSelector,validation,2021-08-26,8.405143687607614,8.192718270599233
TimeWeightedValidationSelector,validation,2021-08-27,8.413912759148067,8.193120464579124
TimeWeightedValidationSelector,validation,2021-08-30,8.418210083254941,8.193522658559015
TimeWeightedValidationSelector,validation,2021-08-31,8.416860056339049,8.193924852538906
TimeWeightedValidationSelector,validation,2021-09-01,8.4171716964,8.194327046518797
TimeWeightedValidationSelector,validation,2021-09-02,8.420010302154406,8.194729240498688
TimeWeightedValidationSelector,validation,2021-09-03,8.419675214893225,8.19513143447858
TimeWeightedValidationSelector,validation,2021-09-07,8.416273862440903,8.19553362845847
TimeWeightedValidationSelector,validation,2021-09-08,8.414954425627087,8.195935822438361
TimeWeightedValidationSelector,validation,2021-09-09,8.410338178477085,8.196338016418252
TimeWeightedValidationSelector,validation,2021-09-10,8.402585626190808,8.196740210398143
TimeWeightedValidationSelector,validation,2021-09-13,8.404859526537178,8.197142404378035
TimeWeightedValidationSelector,validation,2021-09-14,8.39909631257092,8.197544598357926
TimeWeightedValidationSelector,validation,2021-09-15,8.407534606793,8.197946792337817
TimeWeightedValidationSelector,validation,2021-09-16,8.405982262080235,8.198348986317708
TimeWeightedValidationSelector,validation,2021-09-17,8.396829631804437,8.198751180297599
TimeWeightedValidationSelector,validation,2021-09-20,8.379706554078055,8.19915337427749
TimeWeightedValidationSelector,validation,2021-09-21,8.378893865419508,8.19955556825738
TimeWeightedValidationSelector,validation,2021-09-22,8.388368450643727,8.199957762237272
TimeWeightedValidationSelector,validation,2021-09-23,8.400430131013664,8.200359956217163
TimeWeightedValidationSelector,validation,2021-09-24,8.401890073825028,8.200762150197054
TimeWeightedValidationSelector,validation,2021-09-27,8.39910982990484,8.201164344176945
TimeWeightedValidationSelector,validation,2021-09-28,8.378535512164946,8.201566538156836
TimeWeightedValidationSelector,validation,2021-09-29,8.38010346650123,8.201968732136727
TimeWeightedValidationSelector,validation,2021-09-30,8.368122263556215,8.202370926116618
TimeWeightedValidationSelector,validation,2021-10-01,8.37954821566955,8.20277312009651
TimeWeightedValidationSelector,validation,2021-10-04,8.366477263620906,8.2031753140764
TimeWeightedValidationSelector,validation,2021-10-05,8.376946781119507,8.203577508056291
TimeWeightedValidationSelector,validation,2021-10-06,8.381041180469131,8.203979702036182
TimeWeightedValidationSelector,validation,2021-10-07,8.389305219694197,8.204381896016073
TimeWeightedValidationSelector,validation,2021-10-08,8.387389663091776,8.204784089995965
TimeWeightedValidationSelector,validation,2021-10-11,8.380500221447436,8.205186283975856
TimeWeightedValidationSelector,validation,2021-10-12,8.378080515760882,8.205588477955747
TimeWeightedValidationSelector,validation,2021-10-13,8.381098471631113,8.205990671935638
TimeWeightedValidationSelector,validation,2021-10-14,8.398017633916824,8.206392865915529
TimeWeightedValidationSelector,validation,2021-10-15,8.405450154554014,8.20679505989542
TimeWeightedValidationSelector,validation,2021-10-18,8.408819242355818,8.20719725387531
TimeWeightedValidationSelector,validation,2021-10-19,8.416185385140054,8.207599447855202
TimeWeightedValidationSelector,validation,2021-10-20,8.419842718738614,8.208001641835093
TimeWeightedValidationSelector,validation,2021-10-21,8.422834111906974,8.208403835814984
TimeWeightedValidationSelector,validation,2021-10-22,8.421760982682311,8.208806029794875
TimeWeightedValidationSelector,validation,2021-10-25,8.426497942123165,8.209208223774766
TimeWeightedValidationSelector,validation,2021-10-26,8.428316083555409,8.209610417754657
TimeWeightedValidationSelector,validation,2021-10-27,8.423251713184303,8.210012611734548
TimeWeightedValidationSelector,validation,2021-10-28,8.433033001608488,8.21041480571444
TimeWeightedValidationSelector,validation,2021-10-29,8.434980438840205,8.21081699969433
TimeWeightedValidationSelector,validation,2021-11-01,8.436778897786107,8.211219193674221
TimeWeightedValidationSelector,validation,2021-11-02,8.440452504906496,8.211621387654112
TimeWeightedValidationSelector,validation,2021-11-03,8.446892999519385,8.212023581634003
TimeWeightedValidationSelector,validation,2021-11-04,8.451066221862202,8.212425775613895
TimeWeightedValidationSelector,validation,2021-11-05,8.454792071907487,8.212827969593786
TimeWeightedValidationSelector,validation,2021-11-08,8.455679465968188,8.213230163573677
TimeWeightedValidationSelector,validation,2021-11-09,8.45217455504179,8.213632357553568
TimeWeightedValidationSelector,validation,2021-11-10,8.443914712877929,8.214034551533459
TimeWeightedValidationSelector,validation,2021-11-11,8.444465501210917,8.21443674551335
TimeWeightedValidationSelector,validation,2021-11-12,8.451662198775047,8.21483893949324
TimeWeightedValidationSelector,validation,2021-11-15,8.45165145889703,8.215241133473132
TimeWeightedValidationSelector,validation,2021-11-16,8.455509237954157,8.215643327453023
TimeWeightedValidationSelector,validation,2021-11-17,8.452904222471261,8.216045521432914
TimeWeightedValidationSelector,validation,2021-11-18,8.456283287211432,8.216447715412805
TimeWeightedValidationSelector,validation,2021-11-19,8.454883642606445,8.216849909392696
TimeWeightedValidationSelector,validation,2021-11-22,8.451681384289484,8.217252103372587
TimeWeightedValidationSelector,validation,2021-11-23,8.453337145672679,8.217654297352478
TimeWeightedValidationSelector,validation,2021-11-24,8.455628369449347,8.21805649133237
TimeWeightedValidationSelector,validation,2021-11-26,8.432641358290025,8.21845868531226
TimeWeightedValidationSelector,validation,2021-11-29,8.445755194372849,8.218860879292151
TimeWeightedValidationSelector,validation,2021-11-30,8.426611813185,8.219263073272042
TimeWeightedValidationSelector,validation,2021-12-01,8.414726271727043,8.219665267251933
TimeWeightedValidationSelector,validation,2021-12-02,8.4288209101231,8.220067461231825
TimeWeightedValidationSelector,validation,2021-12-03,8.420336454981362,8.220469655211716
TimeWeightedValidationSelector,validation,2021-12-06,8.431999054291047,8.220871849191607
TimeWeightedValidationSelector,validation,2021-12-07,8.4524946574773,8.221274043171498
TimeWeightedValidationSelector,validation,2021-12-08,8.455575193063886,8.221676237151389
TimeWeightedValidationSelector,validation,2021-12-09,8.448368204831363,8.22207843113128
TimeWeightedValidationSelector,validation,2021-12-10,8.457871973949572,8.22248062511117
TimeWeightedValidationSelector,validation,2021-12-13,8.448693815606779,8.222882819091062
TimeWeightedValidationSelector,validation,2021-12-14,8.441195092752155,8.223285013070953
TimeWeightedValidationSelector,validation,2021-12-15,8.457411360104047,8.223687207050844
TimeWeightedValidationSelector,validation,2021-12-16,8.448629496792934,8.224089401030735
TimeWeightedValidationSelector,validation,2021-12-17,8.43828853220888,8.224491595010626
TimeWeightedValidationSelector,validation,2021-12-20,8.426835133885623,8.224893788990517
TimeWeightedValidationSelector,validation,2021-12-21,8.44445688927082,8.225295982970408
TimeWeightedValidationSelector,validation,2021-12-22,8.454585617299946,8.2256981769503
TimeWeightedValidationSelector,validation,2021-12-23,8.460790029985198,8.22610037093019
TimeWeightedValidationSelector,validation,2021-12-27,8.474534081558804,8.226502564910081
TimeWeightedValidationSelector,validation,2021-12-28,8.473523416159917,8.226904758889972
TimeWeightedValidationSelector,validation,2021-12-29,8.474924329561775,8.227306952869863
TimeWeightedValidationSelector,validation,2021-12-30,8.47193009571987,8.227709146849755
TimeWeightedValidationSelector,validation,2021-12-31,8.469300461346396,8.228111340829646
TimeWeightedValidationSelector,validation,2022-01-03,8.475654285516784,8.228513534809537
TimeWeightedValidationSelector,validation,2022-01-04,8.47502446526458,8.228915728789428
TimeWeightedValidationSelector,validation,2022-01-05,8.45544120096008,8.229317922769319
TimeWeightedValidationSelector,validation,2022-01-06,8.454476967219898,8.22972011674921
TimeWeightedValidationSelector,validation,2022-01-07,8.450418526137563,8.2301223107291
TimeWeightedValidationSelector,validation,2022-01-10,8.448976455600024,8.230524504708992
TimeWeightedValidationSelector,validation,2022-01-11,8.458094742052422,8.230926698688883
TimeWeightedValidationSelector,validation,2022-01-12,8.460908534067089,8.231328892668774
TimeWeightedValidationSelector,validation,2022-01-13,8.44656250483269,8.231731086648665
TimeWeightedValidationSelector,validation,2022-01-14,8.44738214910228,8.232133280628556
TimeWeightedValidationSelector,validation,2022-01-18,8.428823043704272,8.232535474608447
TimeWeightedValidationSelector,validation,2022-01-19,8.419086252762812,8.232937668588338
TimeWeightedValidationSelector,validation,2022-01-20,8.40798751045848,8.23333986256823
TimeWeightedValidationSelector,validation,2022-01-21,8.388891515133844,8.23374205654812
TimeWeightedValidationSelector,validation,2022-01-24,8.391659419892115,8.234144250528011
TimeWeightedValidationSelector,validation,2022-01-25,8.379412829335248,8.234546444507902
TimeWeightedValidationSelector,validation,2022-01-26,8.377915072409362,8.234948638487793
TimeWeightedValidationSelector,validation,2022-01-27,8.372516437209391,8.235350832467685
TimeWeightedValidationSelector,validation,2022-01-28,8.396572405124127,8.235753026447576
TimeWeightedValidationSelector,validation,2022-01-31,8.415282231347112,8.236155220427467
TimeWeightedValidationSelector,validation,2022-02-01,8.42212179169543,8.236557414407358
TimeWeightedValidationSelector,validation,2022-02-02,8.431500192143753,8.236959608387249
TimeWeightedValidationSelector,validation,2022-02-03,8.406806720423633,8.23736180236714
TimeWeightedValidationSelector,validation,2022-02-04,8.411950398863496,8.23776399634703
TimeWeightedValidationSelector,validation,2022-02-07,8.408241817935668,8.238166190326922
TimeWeightedValidationSelector,validation,2022-02-08,8.416607931402302,8.238568384306813
TimeWeightedValidationSelector,validation,2022-02-09,8.431020773481567,8.238970578286704
TimeWeightedValidationSelector,validation,2022-02-10,8.41273894899651,8.239372772266595
TimeWeightedValidationSelector,validation,2022-02-11,8.393587266358425,8.239774966246486
TimeWeightedValidationSelector,validation,2022-02-14,8.389739275602796,8.240177160226377
TimeWeightedValidationSelector,validation,2022-02-15,8.40538299324886,8.240579354206268
TimeWeightedValidationSelector,validation,2022-02-16,8.406263812969144,8.24098154818616
TimeWeightedValidationSelector,validation,2022-02-17,8.384863308832207,8.24138374216605
TimeWeightedValidationSelector,validation,2022-02-18,8.377671347168341,8.241785936145941
TimeWeightedValidationSelector,validation,2022-02-22,8.367476611733325,8.242188130125832
TimeWeightedValidationSelector,validation,2022-02-23,8.348892875984538,8.242590324105723
TimeWeightedValidationSelector,validation,2022-02-24,8.363738981237262,8.242992518085615
TimeWeightedValidationSelector,validation,2022-02-25,8.385865061788527,8.243394712065506
TimeWeightedValidationSelector,validation,2022-02-28,8.3834194703254,8.243796906045397
TimeWeightedValidationSelector,validation,2022-03-01,8.367825002538789,8.244199100025288
TimeWeightedValidationSelector,validation,2022-03-02,8.386296049319439,8.244601294005179
TimeWeightedValidationSelector,validation,2022-03-03,8.381027528575194,8.24500348798507
TimeWeightedValidationSelector,validation,2022-03-04,8.373061844032192,8.24540568196496
TimeWeightedValidationSelector,validation,2022-03-07,8.343099257217776,8.245807875944852
TimeWeightedValidationSelector,validation,2022-03-08,8.335839213242078,8.246210069924743
TimeWeightedValidationSelector,validation,2022-03-09,8.361212811364219,8.246612263904634
TimeWeightedValidationSelector,validation,2022-03-10,8.356911761443971,8.247014457884525
TimeWeightedValidationSelector,validation,2022-03-11,8.343865482510733,8.247416651864416
TimeWeightedValidationSelector,validation,2022-03-14,8.3364168074152,8.247818845844307
TimeWeightedValidationSelector,validation,2022-03-15,8.357599437139346,8.248221039824198
TimeWeightedValidationSelector,validation,2022-03-16,8.379736358787738,8.24862323380409
TimeWeightedValidationSelector,validation,2022-03-17,8.39200856385644,8.24902542778398
TimeWeightedValidationSelector,validation,2022-03-18,8.403603378268327,8.249427621763871
TimeWeightedValidationSelector,validation,2022-03-21,8.403168623414025,8.249829815743762
TimeWeightedValidationSelector,validation,2022-03-22,8.4144093229681,8.250232009723653
TimeWeightedValidationSelector,validation,2022-03-23,8.402060692715605,8.250634203703545
TimeWeightedValidationSelector,validation,2022-03-24,8.416302704997223,8.251036397683436
TimeWeightedValidationSelector,validation,2022-03-25,8.42135608570146,8.251438591663327
TimeWeightedValidationSelector,validation,2022-03-28,8.428475636721503,8.251840785643218
TimeWeightedValidationSelector,validation,2022-03-29,8.440657680822895,8.252242979623109
TimeWeightedValidationSelector,validation,2022-03-30,8.434344091823805,8.252645173603
TimeWeightedValidationSelector,validation,2022-03-31,8.418567756596923,8.25304736758289
TimeWeightedValidationSelector,validation,2022-04-01,8.421972177558386,8.253449561562782
TimeWeightedValidationSelector,validation,2022-04-04,8.43003056009052,8.253851755542673
TimeWeightedValidationSelector,validation,2022-04-05,8.417399401016514,8.254253949522564
TimeWeightedValidationSelector,validation,2022-04-06,8.407634967104036,8.254656143502455
TimeWeightedValidationSelector,validation,2022-04-07,8.411879332656072,8.255058337482346
TimeWeightedValidationSelector,validation,2022-04-08,8.40922478598052,8.255460531462237
TimeWeightedValidationSelector,validation,2022-04-11,8.392203451395824,8.255862725442128
TimeWeightedValidationSelector,validation,2022-04-12,8.38878015086537,8.25626491942202
TimeWeightedValidationSelector,validation,2022-04-13,8.399892754134273,8.25666711340191
TimeWeightedValidationSelector,validation,2022-04-14,8.387674273750765,8.257069307381801
TimeWeightedValidationSelector,validation,2022-04-18,8.387469384478358,8.257471501361692
TimeWeightedValidationSelector,validation,2022-04-19,8.403399429227745,8.257873695341583
TimeWeightedValidationSelector,validation,2022-04-20,8.402780762821562,8.258275889321474
TimeWeightedValidationSelector,validation,2022-04-21,8.387917907270252,8.258678083301366
TimeWeightedValidationSelector,validation,2022-04-22,8.359785830892884,8.259080277281257
TimeWeightedValidationSelector,validation,2022-04-25,8.365467596036996,8.259482471261148
TimeWeightedValidationSelector,validation,2022-04-26,8.336917587108399,8.259884665241039
TimeWeightedValidationSelector,validation,2022-04-27,8.339013436133364,8.26028685922093
TimeWeightedValidationSelector,validation,2022-04-28,8.363459091474196,8.26068905320082
TimeWeightedValidationSelector,validation,2022-04-29,8.3264999316895,8.261091247180712
TimeWeightedValidationSelector,validation,2022-05-02,8.33215913098332,8.261493441160603
TimeWeightedValidationSelector,validation,2022-05-03,8.336984596058679,8.261895635140494
TimeWeightedValidationSelector,validation,2022-05-04,8.366409817616006,8.262297829120385
TimeWeightedValidationSelector,validation,2022-05-05,8.330109140051906,8.262700023100276
TimeWeightedValidationSelector,validation,2022-05-06,8.324418755637954,8.263102217080167
TimeWeightedValidationSelector,validation,2022-05-09,8.29185723609835,8.263504411060058
TimeWeightedValidationSelector,validation,2022-05-10,8.294312117858759,8.26390660503995
TimeWeightedValidationSelector,validation,2022-05-11,8.277711885763061,8.26430879901984
TimeWeightedValidationSelector,validation,2022-05-12,8.276415080768949,8.264710992999731
TimeWeightedValidationSelector,validation,2022-05-13,8.300004348725817,8.265113186979622
TimeWeightedValidationSelector,validation,2022-05-16,8.296050140208095,8.265515380959513
TimeWeightedValidationSelector,validation,2022-05-17,8.316019059789557,8.265917574939404
TimeWeightedValidationSelector,validation,2022-05-18,8.27478525049831,8.266319768919296
TimeWeightedValidationSelector,validation,2022-05-19,8.26893438572096,8.266721962899187
TimeWeightedValidationSelector,validation,2022-05-20,8.269080516812952,8.267124156879078
TimeWeightedValidationSelector,validation,2022-05-23,8.287465512225012,8.267526350858969
TimeWeightedValidationSelector,validation,2022-05-24,8.279311561321455,8.26792854483886
TimeWeightedValidationSelector,validation,2022-05-25,8.288717946970387,8.26833073881875
TimeWeightedValidationSelector,validation,2022-05-26,8.308406112978107,8.268732932798642
TimeWeightedValidationSelector,validation,2022-05-27,8.332847243173928,8.269135126778533
TimeWeightedValidationSelector,validation,2022-05-31,8.326553107980262,8.269537320758424
TimeWeightedValidationSelector,validation,2022-06-01,8.319042202939107,8.269939514738315
TimeWeightedValidationSelector,validation,2022-06-02,8.337305428354652,8.270341708718206
TimeWeightedValidationSelector,validation,2022-06-03,8.320823022744834,8.270743902698097
TimeWeightedValidationSelector,validation,2022-06-06,8.323955512151871,8.271146096677988
TimeWeightedValidationSelector,validation,2022-06-07,8.33343384368359,8.27154829065788
TimeWeightedValidationSelector,validation,2022-06-08,8.322581220643436,8.27195048463777
TimeWeightedValidationSelector,validation,2022-06-09,8.29849476297828,8.272352678617661
TimeWeightedValidationSelector,validation,2022-06-10,8.26895234816687,8.272754872597552
TimeWeightedValidationSelector,validation,2022-06-13,8.22941241617683,8.273157066577443
TimeWeightedValidationSelector,validation,2022-06-14,8.22563159813734,8.273559260557334
TimeWeightedValidationSelector,validation,2022-06-15,8.240118656973875,8.273961454537226
TimeWeightedValidationSelector,validation,2022-06-16,8.207066449860035,8.274363648517117
TimeWeightedValidationSelector,validation,2022-06-17,8.209264897201047,8.274765842497008
TimeWeightedValidationSelector,validation,2022-06-21,8.23344737216172,8.275168036476899
TimeWeightedValidationSelector,validation,2022-06-22,8.232144952066362,8.27557023045679
TimeWeightedValidationSelector,validation,2022-06-23,8.241632024551919,8.27597242443668
TimeWeightedValidationSelector,validation,2022-06-24,8.27173756428182,8.276374618416572
TimeWeightedValidationSelector,validation,2022-06-27,8.26876006439148,8.276776812396463
TimeWeightedValidationSelector,validation,2022-06-28,8.248411391241984,8.277179006376354
TimeWeightedValidationSelector,validation,2022-06-29,8.247699392421811,8.277581200356245
TimeWeightedValidationSelector,validation,2022-06-30,8.238901526175443,8.277983394336136
TimeWeightedValidationSelector,validation,2022-07-01,8.249400037472084,8.278385588316027
TimeWeightedValidationSelector,validation,2022-07-05,8.250982912578277,8.278787782295918
TimeWeightedValidationSelector,validation,2022-07-06,8.254549708283342,8.27918997627581
TimeWeightedValidationSelector,validation,2022-07-07,8.269403431464273,8.2795921702557
TimeWeightedValidationSelector,validation,2022-07-08,8.268572815068145,8.279994364235591
TimeWeightedValidationSelector,validation,2022-07-11,8.25697839740762,8.280396558215482
TimeWeightedValidationSelector,validation,2022-07-12,8.247691528910126,8.280798752195373
TimeWeightedValidationSelector,validation,2022-07-13,8.24322466479831,8.281200946175264
TimeWeightedValidationSelector,validation,2022-07-14,8.240221525985545,8.281603140155156
TimeWeightedValidationSelector,validation,2022-07-15,8.259240757644179,8.282005334135047
TimeWeightedValidationSelector,validation,2022-07-18,8.250842015158343,8.282407528114938
TimeWeightedValidationSelector,validation,2022-07-19,8.278095532802073,8.282809722094829
TimeWeightedValidationSelector,validation,2022-07-20,8.283974026743131,8.28321191607472
TimeWeightedValidationSelector,validation,2022-07-21,8.293787093432636,8.28361411005461
TimeWeightedValidationSelector,validation,2022-07-22,8.284410806138823,8.284016304034502
TimeWeightedValidationSelector,validation,2022-07-25,8.285725109112128,8.284418498014393
TimeWeightedValidationSelector,validation,2022-07-26,8.274114766512865,8.284820691994284
TimeWeightedValidationSelector,validation,2022-07-27,8.299934815291493,8.285222885974175
TimeWeightedValidationSelector,validation,2022-07-28,8.311995135083405,8.285625079954066
TimeWeightedValidationSelector,validation,2022-07-29,8.32610291086516,8.286027273933957
TimeWeightedValidationSelector,validation,2022-08-01,8.323275834320244,8.286429467913848
TimeWeightedValidationSelector,validation,2022-08-02,8.316591145941372,8.28683166189374
TimeWeightedValidationSelector,validation,2022-08-03,8.332108602211463,8.28723385587363
TimeWeightedValidationSelector,validation,2022-08-04,8.331330959761878,8.287636049853521
TimeWeightedValidationSelector,validation,2022-08-05,8.32970389074296,8.288038243833412
TimeWeightedValidationSelector,validation,2022-08-08,8.32846557362084,8.288440437813303
TimeWeightedValidationSelector,validation,2022-08-09,8.324207829384912,8.288842631793194
TimeWeightedValidationSelector,validation,2022-08-10,8.34527498784532,8.289244825773086
TimeWeightedValidationSelector,validation,2022-08-11,8.344569264923118,8.289647019752977
TimeWeightedValidationSelector,validation,2022-08-12,8.36174331187461,8.290049213732868
TimeWeightedValidationSelector,validation,2022-08-15,8.365704995930844,8.290451407712759
TimeWeightedValidationSelector,validation,2022-08-16,8.367578918756791,8.29085360169265
TimeWeightedValidationSelector,validation,2022-08-17,8.360314803889144,8.29125579567254
TimeWeightedValidationSelector,validation,2022-08-18,8.36258179349553,8.291657989652432
TimeWeightedValidationSelector,validation,2022-08-19,8.34959786478249,8.292060183632323
TimeWeightedValidationSelector,validation,2022-08-22,8.327965498315995,8.292462377612214
TimeWeightedValidationSelector,validation,2022-08-23,8.325725127881558,8.292864571592105
TimeWeightedValidationSelector,validation,2022-08-24,8.328637044580281,8.293266765571996
TimeWeightedValidationSelector,validation,2022-08-25,8.342630286416389,8.293668959551887
TimeWeightedValidationSelector,validation,2022-08-26,8.30836171009935,8.294071153531778
TimeWeightedValidationSelector,validation,2022-08-29,8.301673034902024,8.29447334751167
TimeWeightedValidationSelector,validation,2022-08-30,8.290583618409908,8.29487554149156
TimeWeightedValidationSelector,validation,2022-08-31,8.282735880201754,8.295277735471451
TimeWeightedValidationSelector,validation,2022-09-01,8.28572763246895,8.295679929451342
TimeWeightedValidationSelector,validation,2022-09-02,8.274933079898226,8.296082123431233
TimeWeightedValidationSelector,validation,2022-09-06,8.27082961520733,8.296484317411124
TimeWeightedValidationSelector,validation,2022-09-07,8.2890044638735,8.296886511391016
TimeWeightedValidationSelector,validation,2022-09-08,8.295593430753941,8.297288705370907
TimeWeightedValidationSelector,validation,2022-09-09,8.310749445735153,8.297690899350798
TimeWeightedValidationSelector,validation,2022-09-12,8.32127809721915,8.298093093330689
TimeWeightedValidationSelector,validation,2022-09-13,8.277078934187175,8.29849528731058
TimeWeightedValidationSelector,validation,2022-09-14,8.28046022326602,8.29889748129047
TimeWeightedValidationSelector,validation,2022-09-15,8.26907795109787,8.299299675270362
TimeWeightedValidationSelector,validation,2022-09-16,8.261869901322207,8.299701869250253
TimeWeightedValidationSelector,validation,2022-09-19,8.268703599046912,8.300104063230144
TimeWeightedValidationSelector,validation,2022-09-20,8.257367484310313,8.300506257210035
TimeWeightedValidationSelector,validation,2022-09-21,8.240102810211805,8.300908451189926
TimeWeightedValidationSelector,validation,2022-09-22,8.231639516381351,8.301310645169817
TimeWeightedValidationSelector,validation,2022-09-23,8.214256687614022,8.301712839149708
TimeWeightedValidationSelector,validation,2022-09-26,8.20386232672374,8.3021150331296
TimeWeightedValidationSelector,validation,2022-09-27,8.201739715768916,8.30251722710949
TimeWeightedValidationSelector,validation,2022-09-28,8.22122085995007,8.302919421089381
TimeWeightedValidationSelector,validation,2022-09-29,8.19986806512697,8.303321615069272
TimeWeightedValidationSelector,validation,2022-09-30,8.184686713580762,8.303723809049163
TimeWeightedValidationSelector,validation,2022-10-03,8.210241291111691,8.304126003029054
TimeWeightedValidationSelector,validation,2022-10-04,8.240366632528492,8.304528197008946
TimeWeightedValidationSelector,validation,2022-10-05,8.238346644969553,8.304930390988837
TimeWeightedValidationSelector,validation,2022-10-06,8.228048722058158,8.305332584968728
TimeWeightedValidationSelector,validation,2022-10-07,8.19964552552668,8.305734778948619
TimeWeightedValidationSelector,validation,2022-10-10,8.192124852393027,8.30613697292851
TimeWeightedValidationSelector,validation,2022-10-11,8.185584333980703,8.3065391669084
TimeWeightedValidationSelector,validation,2022-10-12,8.182288134330538,8.306941360888292
TimeWeightedValidationSelector,validation,2022-10-13,8.207922393638169,8.307343554868183
TimeWeightedValidationSelector,validation,2022-10-14,8.18397527289364,8.307745748848074
TimeWeightedValidationSelector,validation,2022-10-17,8.210110797451202,8.308147942827965
TimeWeightedValidationSelector,validation,2022-10-18,8.22147356565829,8.308550136807856
TimeWeightedValidationSelector,validation,2022-10-19,8.214779110418604,8.308952330787747
TimeWeightedValidationSelector,validation,2022-10-20,8.206796423679839,8.309354524767638
TimeWeightedValidationSelector,validation,2022-10-21,8.230244183540286,8.30975671874753
TimeWeightedValidationSelector,validation,2022-10-24,8.242056123745398,8.31015891272742
TimeWeightedValidationSelector,validation,2022-10-25,8.258191893761271,8.310561106707311
TimeWeightedValidationSelector,validation,2022-10-26,8.250776753362283,8.310963300687202
TimeWeightedValidationSelector,validation,2022-10-27,8.244675568309098,8.311365494667093
TimeWeightedValidationSelector,validation,2022-10-28,8.269003605079954,8.311767688646984
TimeWeightedValidationSelector,validation,2022-10-31,8.261521278049617,8.312169882626876
TimeWeightedValidationSelector,validation,2022-11-01,8.257411614329259,8.312572076606767
TimeWeightedValidationSelector,validation,2022-11-02,8.232091770591776,8.312974270586658
TimeWeightedValidationSelector,validation,2022-11-03,8.221449348059819,8.313376464566549
TimeWeightedValidationSelector,validation,2022-11-04,8.234976171345382,8.31377865854644
TimeWeightedValidationSelector,validation,2022-11-07,8.244544233024742,8.31418085252633
TimeWeightedValidationSelector,validation,2022-11-08,8.250126515853502,8.314583046506222
TimeWeightedValidationSelector,validation,2022-11-09,8.2291297311412,8.314985240486113
TimeWeightedValidationSelector,validation,2022-11-10,8.283082246805996,8.315387434466004
TimeWeightedValidationSelector,validation,2022-11-11,8.292280559110766,8.315789628445895
TimeWeightedValidationSelector,validation,2022-11-14,8.283304618565849,8.316191822425786
TimeWeightedValidationSelector,validation,2022-11-15,8.291979994980517,8.316594016405677
TimeWeightedValidationSelector,validation,2022-11-16,8.283693711868644,8.316996210385568
TimeWeightedValidationSelector,validation,2022-11-17,8.280599607224413,8.31739840436546
TimeWeightedValidationSelector,validation,2022-11-18,8.285346902872572,8.31780059834535
TimeWeightedValidationSelector,validation,2022-11-21,8.281455653072296,8.318202792325241
TimeWeightedValidationSelector,validation,2022-11-22,8.294944259342126,8.318604986305132
TimeWeightedValidationSelector,validation,2022-11-23,8.300841525383863,8.319007180285023
TimeWeightedValidationSelector,validation,2022-11-25,8.30055844112166,8.319409374264914
TimeWeightedValidationSelector,validation,2022-11-28,8.284993744327595,8.319811568244805
TimeWeightedValidationSelector,validation,2022-11-29,8.283400610625971,8.320213762224697
TimeWeightedValidationSelector,validation,2022-11-30,8.313879254147267,8.320615956204588
TimeWeightedValidationSelector,validation,2022-12-01,8.31301124431766,8.321018150184479
TimeWeightedValidationSelector,validation,2022-12-02,8.311815869653898,8.32142034416437
TimeWeightedValidationSelector,validation,2022-12-05,8.293759620022927,8.32182253814426
TimeWeightedValidationSelector,validation,2022-12-06,8.27925575059994,8.322224732124152
TimeWeightedValidationSelector,validation,2022-12-07,8.277391643346558,8.322626926104043
TimeWeightedValidationSelector,validation,2022-12-08,8.284885277760491,8.323029120083934
TimeWeightedValidationSelector,validation,2022-12-09,8.27750855829628,8.323431314063825
TimeWeightedValidationSelector,validation,2022-12-12,8.29168686559593,8.323833508043716
TimeWeightedValidationSelector,validation,2022-12-13,8.298950088851386,8.324235702023607
TimeWeightedValidationSelector,validation,2022-12-14,8.29287897222755,8.324637896003498
TimeWeightedValidationSelector,validation,2022-12-15,8.267641494325725,8.32504008998339
TimeWeightedValidationSelector,validation,2022-12-16,8.256441254379713,8.32544228396328
TimeWeightedValidationSelector,validation,2022-12-19,8.247392925438609,8.325844477943171
TimeWeightedValidationSelector,validation,2022-12-20,8.248429726136498,8.326246671923062
TimeWeightedValidationSelector,validation,2022-12-21,8.263188274805554,8.326648865902953
TimeWeightedValidationSelector,validation,2022-12-22,8.248631132307407,8.327051059882844
TimeWeightedValidationSelector,validation,2022-12-23,8.254482084579323,8.327453253862735
TimeWeightedValidationSelector,validation,2022-12-27,8.250424240544664,8.327855447842627
TimeWeightedValidationSelector,validation,2022-12-28,8.238330770101715,8.328257641822518
TimeWeightedValidationSelector,validation,2022-12-29,8.255641404416709,8.328659835802409
TimeWeightedValidationSelector,validation,2022-12-30,8.253097428770598,8.3290620297823
TimeWeightedValidationSelector,validation,2023-01-03,8.249088856289324,8.32946422376219
TimeWeightedValidationSelector,validation,2023-01-04,8.256599550851464,8.329866417742082
TimeWeightedValidationSelector,validation,2023-01-05,8.244885681715006,8.330268611721973
TimeWeightedValidationSelector,validation,2023-01-06,8.267469517304038,8.330670805701864
TimeWeightedValidationSelector,validation,2023-01-09,8.266701589978046,8.331072999681755
TimeWeightedValidationSelector,validation,2023-01-10,8.27365558794864,8.331475193661646
TimeWeightedValidationSelector,validation,2023-01-11,8.286423159140934,8.331877387641537
TimeWeightedValidationSelector,validation,2023-01-12,8.289833244052977,8.332279581621428
TimeWeightedValidationSelector,validation,2023-01-13,8.293822136197633,8.33268177560132
TimeWeightedValidationSelector,validation,2023-01-17,8.291789580766636,8.33308396958121
TimeWeightedValidationSelector,validation,2023-01-18,8.276104613788892,8.333486163561101
TimeWeightedValidationSelector,validation,2023-01-19,8.26843694188708,8.333888357540992
TimeWeightedValidationSelector,validation,2023-01-20,8.287178615439432,8.334290551520883
TimeWeightedValidationSelector,validation,2023-01-23,8.29898993139076,8.334692745500774
TimeWeightedValidationSelector,validation,2023-01-24,8.298278175026468,8.335094939480665
TimeWeightedValidationSelector,validation,2023-01-25,8.298096433453003,8.335497133460557
TimeWeightedValidationSelector,validation,2023-01-26,8.309044141482117,8.335899327440448
TimeWeightedValidationSelector,validation,2023-01-27,8.311535875503822,8.336301521420339
TimeWeightedValidationSelector,validation,2023-01-30,8.298482306188529,8.33670371540023
TimeWeightedValidationSelector,validation,2023-01-31,8.313018610604948,8.33710590938012
TimeWeightedValidationSelector,validation,2023-02-01,8.323416666901833,8.337508103360012
TimeWeightedValidationSelector,validation,2023-02-02,8.338009051528687,8.337910297339903
TimeWeightedValidationSelector,validation,2023-02-03,8.327600458891402,8.338312491319794
TimeWeightedValidationSelector,validation,2023-02-06,8.321441065697462,8.338714685299685
TimeWeightedValidationSelector,validation,2023-02-07,8.33423142973486,8.339116879279576
TimeWeightedValidationSelector,validation,2023-02-08,8.323088856722448,8.339519073259467
TimeWeightedValidationSelector,validation,2023-02-09,8.31421984689141,8.339921267239358
TimeWeightedValidationSelector,validation,2023-02-10,8.316412702600628,8.34032346121925
TimeWeightedValidationSelector,validation,2023-02-13,8.327796272551783,8.34072565519914
TimeWeightedValidationSelector,test,2023-02-14,8.32751581869629,8.302270054903751
TimeWeightedValidationSelector,test,2023-02-15,8.330285156229365,8.30266039472952
TimeWeightedValidationSelector,test,2023-02-16,8.316400467024485,8.303050734555288
TimeWeightedValidationSelector,test,2023-02-17,8.313629224852201,8.303441074381057
TimeWeightedValidationSelector,test,2023-02-21,8.29338444087873,8.303831414206826
TimeWeightedValidationSelector,test,2023-02-22,8.291809645393087,8.304221754032595
TimeWeightedValidationSelector,test,2023-02-23,8.297124923656325,8.304612093858363
TimeWeightedValidationSelector,test,2023-02-24,8.28653145903655,8.305002433684132
TimeWeightedValidationSelector,test,2023-02-27,8.289599751576102,8.305392773509901
TimeWeightedValidationSelector,test,2023-02-28,8.286559131745154,8.30578311333567
TimeWeightedValidationSelector,test,2023-03-01,8.281822667541661,8.306173453161438
TimeWeightedValidationSelector,test,2023-03-02,8.289376261272858,8.306563792987207
TimeWeightedValidationSelector,test,2023-03-03,8.305395010449342,8.306954132812976
TimeWeightedValidationSelector,test,2023-03-06,8.30608194122819,8.307344472638745
TimeWeightedValidationSelector,test,2023-03-07,8.290636350748926,8.307734812464513
TimeWeightedValidationSelector,test,2023-03-08,8.292050144884529,8.308125152290282
TimeWeightedValidationSelector,test,2023-03-09,8.273418286939048,8.308515492116051
TimeWeightedValidationSelector,test,2023-03-10,8.25883431750298,8.30890583194182
TimeWeightedValidationSelector,test,2023-03-13,8.257323415662242,8.309296171767588
TimeWeightedValidationSelector,test,2023-03-14,8.273665803897606,8.309686511593357
TimeWeightedValidationSelector,test,2023-03-15,8.266660439968252,8.310076851419126
TimeWeightedValidationSelector,test,2023-03-16,8.284070016217283,8.310467191244895
TimeWeightedValidationSelector,test,2023-03-17,8.27298939494333,8.310857531070663
TimeWeightedValidationSelector,test,2023-03-20,8.281868264579272,8.311247870896432
TimeWeightedValidationSelector,test,2023-03-21,8.29476691209783,8.3116382107222
TimeWeightedValidationSelector,test,2023-03-22,8.278166663457988,8.31202855054797
TimeWeightedValidationSelector,test,2023-03-23,8.28114674732717,8.312418890373738
TimeWeightedValidationSelector,test,2023-03-24,8.286770710411473,8.312809230199507
TimeWeightedValidationSelector,test,2023-03-27,8.28841630997524,8.313199570025276
TimeWeightedValidationSelector,test,2023-03-28,8.286841226686851,8.313589909851045
TimeWeightedValidationSelector,test,2023-03-29,8.300978097461899,8.313980249676813
TimeWeightedValidationSelector,test,2023-03-30,8.306677096661382,8.314370589502582
TimeWeightedValidationSelector,test,2023-03-31,8.321010424443418,8.31476092932835
TimeWeightedValidationSelector,test,2023-04-03,8.324702447009221,8.31515126915412
TimeWeightedValidationSelector,test,2023-04-04,8.318888607264059,8.315541608979888
TimeWeightedValidationSelector,test,2023-04-05,8.316393125606938,8.315931948805657
TimeWeightedValidationSelector,test,2023-04-06,8.31996589873974,8.316322288631426
TimeWeightedValidationSelector,test,2023-04-10,8.32096170575675,8.316712628457195
TimeWeightedValidationSelector,test,2023-04-11,8.320920352423768,8.317102968282963
TimeWeightedValidationSelector,test,2023-04-12,8.316776896100306,8.317493308108732
TimeWeightedValidationSelector,test,2023-04-13,8.329952406598137,8.3178836479345
TimeWeightedValidationSelector,test,2023-04-14,8.327880889013558,8.31827398776027
TimeWeightedValidationSelector,test,2023-04-17,8.331181592596174,8.318664327586038
TimeWeightedValidationSelector,test,2023-04-18,8.33203644739964,8.319054667411807
TimeWeightedValidationSelector,test,2023-04-19,8.3319521818517,8.319445007237576
TimeWeightedValidationSelector,test,2023-04-20,8.325981846663389,8.319835347063345
TimeWeightedValidationSelector,test,2023-04-21,8.32688462792069,8.320225686889113
TimeWeightedValidationSelector,test,2023-04-24,8.327735844698962,8.320616026714882
TimeWeightedValidationSelector,test,2023-04-25,8.311798660880385,8.32100636654065
TimeWeightedValidationSelector,test,2023-04-26,8.30795007737704,8.32139670636642
TimeWeightedValidationSelector,test,2023-04-27,8.327327270779737,8.321787046192188
TimeWeightedValidationSelector,test,2023-04-28,8.33554660209298,8.322177386017957
TimeWeightedValidationSelector,test,2023-05-01,8.33516042104447,8.322567725843726
TimeWeightedValidationSelector,test,2023-05-02,8.323506514363897,8.322958065669495
TimeWeightedValidationSelector,test,2023-05-03,8.316483606309005,8.323348405495263
TimeWeightedValidationSelector,test,2023-05-04,8.309238692853942,8.323738745321032
TimeWeightedValidationSelector,test,2023-05-05,8.327544859235822,8.3241290851468
TimeWeightedValidationSelector,test,2023-05-08,8.327996885720705,8.32451942497257
TimeWeightedValidationSelector,test,2023-05-09,8.323406946771644,8.324909764798338
TimeWeightedValidationSelector,test,2023-05-10,8.327880889013558,8.325300104624107
TimeWeightedValidationSelector,test,2023-05-11,8.326182824123853,8.325690444449876
TimeWeightedValidationSelector,test,2023-05-12,8.324598262534414,8.326080784275645
TimeWeightedValidationSelector,test,2023-05-15,8.32755206021473,8.326471124101413
TimeWeightedValidationSelector,test,2023-05-16,8.321153952532812,8.326861463927182
TimeWeightedValidationSelector,test,2023-05-17,8.332974641154884,8.32725180375295
TimeWeightedValidationSelector,test,2023-05-18,8.342375364218611,8.32764214357872
TimeWeightedValidationSelector,test,2023-05-19,8.340928450337936,8.328032483404488
TimeWeightedValidationSelector,test,2023-05-22,8.341083473017738,8.328422823230257
TimeWeightedValidationSelector,test,2023-05-23,8.329798004249454,8.328813163056026
TimeWeightedValidationSelector,test,2023-05-24,8.322452491571148,8.329203502881795
TimeWeightedValidationSelector,test,2023-05-25,8.33117194765016,8.329593842707563
TimeWeightedValidationSelector,test,2023-05-26,8.3441366285818,8.329984182533332
TimeWeightedValidationSelector,test,2023-05-30,8.344153231712466,8.3303745223591
TimeWeightedValidationSelector,test,2023-05-31,8.338025873526252,8.33076486218487
TimeWeightedValidationSelector,test,2023-06-01,8.347832088612106,8.331155202010638
TimeWeightedValidationSelector,test,2023-06-02,8.362261901002213,8.331545541836407
TimeWeightedValidationSelector,test,2023-06-05,8.360256309511556,8.331935881662176
TimeWeightedValidationSelector,test,2023-06-06,8.362607439745407,8.332326221487945
TimeWeightedValidationSelector,test,2023-06-07,8.358788145818986,8.332716561313713
TimeWeightedValidationSelector,test,2023-06-08,8.36495771742651,8.333106901139482
TimeWeightedValidationSelector,test,2023-06-09,8.36610511844956,8.33349724096525
TimeWeightedValidationSelector,test,2023-06-12,8.375383093431315,8.33388758079102
TimeWeightedValidationSelector,test,2023-06-13,8.382291664157224,8.334277920616788
TimeWeightedValidationSelector,test,2023-06-14,8.38311075413735,8.334668260442557
TimeWeightedValidationSelector,test,2023-06-15,8.39521533463094,8.335058600268326
TimeWeightedValidationSelector,test,2023-06-16,8.391536958163188,8.335448940094095
TimeWeightedValidationSelector,test,2023-06-20,8.386790604327953,8.335839279919863
TimeWeightedValidationSelector,test,2023-06-21,8.381531517961028,8.336229619745632
TimeWeightedValidationSelector,test,2023-06-22,8.385235448348363,8.3366199595714
TimeWeightedValidationSelector,test,2023-06-23,8.37754716029186,8.33701029939717
TimeWeightedValidationSelector,test,2023-06-26,8.373050225928727,8.337400639222938
TimeWeightedValidationSelector,test,2023-06-27,8.38444095945291,8.337790979048707
TimeWeightedValidationSelector,test,2023-06-28,8.38408682006452,8.338181318874476
TimeWeightedValidationSelector,test,2023-06-29,8.38855038817901,8.338571658700245
TimeWeightedValidationSelector,test,2023-06-30,8.400744738440896,8.338961998526013
TimeWeightedValidationSelector,test,2023-07-03,8.401914731533568,8.339352338351782
TimeWeightedValidationSelector,test,2023-07-05,8.399944473435955,8.33974267817755
TimeWeightedValidationSelector,test,2023-07-06,8.39199041226006,8.34013301800332
TimeWeightedValidationSelector,test,2023-07-07,8.389121199464327,8.340523357829088
TimeWeightedValidationSelector,test,2023-07-10,8.391523338074954,8.340913697654857
TimeWeightedValidationSelector,test,2023-07-11,8.398242922073209,8.341304037480626
TimeWeightedValidationSelector,test,2023-07-12,8.405626827308598,8.341694377306395
TimeWeightedValidationSelector,test,2023-07-13,8.414061310298225,8.342084717132163
TimeWeightedValidationSelector,test,2023-07-14,8.413036378101317,8.342475056957932
TimeWeightedValidationSelector,test,2023-07-17,8.416884347675738,8.3428653967837
TimeWeightedValidationSelector,test,2023-07-18,8.423976414617167,8.34325573660947
TimeWeightedValidationSelector,test,2023-07-19,8.4263315494444,8.343646076435238
TimeWeightedValidationSelector,test,2023-07-20,8.419551722048142,8.344036416261007
TimeWeightedValidationSelector,test,2023-07-21,8.419875764062756,8.344426756086776
TimeWeightedValidationSelector,test,2023-07-24,8.42390180255963,8.344817095912545
TimeWeightedValidationSelector,test,2023-07-25,8.42671252213547,8.345207435738313
TimeWeightedValidationSelector,test,2023-07-26,8.426557071156793,8.345597775564082
TimeWeightedValidationSelector,test,2023-07-27,8.420111678101597,8.34598811538985
TimeWeightedValidationSelector,test,2023-07-28,8.42994105391203,8.34637845521562
TimeWeightedValidationSelector,test,2023-07-31,8.431408689348599,8.346768795041388
TimeWeightedValidationSelector,test,2023-08-01,8.428740044040916,8.347159134867157
TimeWeightedValidationSelector,test,2023-08-02,8.41480384340258,8.347549474692926
TimeWeightedValidationSelector,test,2023-08-03,8.412252617952289,8.347939814518694
TimeWeightedValidationSelector,test,2023-08-04,8.40693844857835,8.348330154344463
TimeWeightedValidationSelector,test,2023-08-07,8.415922067543207,8.348720494170232
TimeWeightedValidationSelector,test,2023-08-08,8.411694862443149,8.349110833996
TimeWeightedValidationSelector,test,2023-08-09,8.404631243341102,8.34950117382177
TimeWeightedValidationSelector,test,2023-08-10,8.404881925862183,8.349891513647538
TimeWeightedValidationSelector,test,2023-08-11,8.403811660962955,8.350281853473307
TimeWeightedValidationSelector,test,2023-08-14,8.409545665842373,8.350672193299076
TimeWeightedValidationSelector,test,2023-08-15,8.397927526446276,8.351062533124844
TimeWeightedValidationSelector,test,2023-08-16,8.390343444653652,8.351452872950613
TimeWeightedValidationSelector,test,2023-08-17,8.382600633276123,8.351843212776382
TimeWeightedValidationSelector,test,2023-08-18,8.382451915392165,8.35223355260215
TimeWeightedValidationSelector,test,2023-08-21,8.389307550251965,8.35262389242792
TimeWeightedValidationSelector,test,2023-08-22,8.38652621920542,8.353014232253688
TimeWeightedValidationSelector,test,2023-08-23,8.39751054991621,8.353404572079457
TimeWeightedValidationSelector,test,2023-08-24,8.383961195932203,8.353794911905226
TimeWeightedValidationSelector,test,2023-08-25,8.3906566969925,8.354185251730994
TimeWeightedValidationSelector,test,2023-08-28,8.396901775586695,8.354575591556763
TimeWeightedValidationSelector,test,2023-08-29,8.411305844298752,8.354965931382532
TimeWeightedValidationSelector,test,2023-08-30,8.415131698479945,8.3553562712083
TimeWeightedValidationSelector,test,2023-08-31,8.413533485505605,8.35574661103407
TimeWeightedValidationSelector,test,2023-09-01,8.415330998271124,8.356136950859838
TimeWeightedValidationSelector,test,2023-09-05,8.411128000449741,8.356527290685607
TimeWeightedValidationSelector,test,2023-09-06,8.40413198595831,8.356917630511376
TimeWeightedValidationSelector,test,2023-09-07,8.400915552842577,8.357307970337144
TimeWeightedValidationSelector,test,2023-09-08,8.402341158904834,8.357698310162913
TimeWeightedValidationSelector,test,2023-09-11,8.40904211040297,8.358088649988682
TimeWeightedValidationSelector,test,2023-09-12,8.403329941379965,8.35847898981445
TimeWeightedValidationSelector,test,2023-09-13,8.4045708034975,8.35886932964022
TimeWeightedValidationSelector,test,2023-09-14,8.412965389031166,8.359259669465988
TimeWeightedValidationSelector,test,2023-09-15,8.400731243188673,8.359650009291757
TimeWeightedValidationSelector,test,2023-09-18,8.401452270882848,8.360040349117526
TimeWeightedValidationSelector,test,2023-09-19,8.399298943521314,8.360430688943294
TimeWeightedValidationSelector,test,2023-09-20,8.389859739315023,8.360821028769063
TimeWeightedValidationSelector,test,2023-09-21,8.373322820996535,8.361211368594832
TimeWeightedValidationSelector,test,2023-09-22,8.371024583593774,8.3616017084206
TimeWeightedValidationSelector,test,2023-09-25,8.375039577797581,8.36199204824637
TimeWeightedValidationSelector,test,2023-09-26,8.360195412315317,8.362382388072138
TimeWeightedValidationSelector,test,2023-09-27,8.360424700087611,8.362772727897907
TimeWeightedValidationSelector,test,2023-09-28,8.366300577230612,8.363163067723676
TimeWeightedValidationSelector,test,2023-09-29,8.363587317582322,8.363553407549444
TimeWeightedValidationSelector,test,2023-10-02,8.363666681988475,8.363943747375213
TimeWeightedValidationSelector,test,2023-10-03,8.349827286125027,8.364334087200982
TimeWeightedValidationSelector,test,2023-10-04,8.357904333732856,8.36472442702675
TimeWeightedValidationSelector,test,2023-10-05,8.35659945258586,8.36511476685252
TimeWeightedValidationSelector,test,2023-10-06,8.368345094679821,8.365505106678288
TimeWeightedValidationSelector,test,2023-10-09,8.37462916279921,8.365895446504057
TimeWeightedValidationSelector,test,2023-10-10,8.379823638899195,8.366285786329826
TimeWeightedValidationSelector,test,2023-10-11,8.38410745839929,8.366676126155594
TimeWeightedValidationSelector,test,2023-10-12,8.377841433458634,8.367066465981363
TimeWeightedValidationSelector,test,2023-10-13,8.372809937798415,8.367456805807132
TimeWeightedValidationSelector,test,2023-10-16,8.383348580101005,8.3678471456329
TimeWeightedValidationSelector,test,2023-10-17,8.38325033022156,8.36823748545867
TimeWeightedValidationSelector,test,2023-10-18,8.36975992197041,8.368627825284438
TimeWeightedValidationSelector,test,2023-10-19,8.361240889642351,8.369018165110207
TimeWeightedValidationSelector,test,2023-10-20,8.348575740446195,8.369408504935976
TimeWeightedValidationSelector,test,2023-10-23,8.34688874838076,8.369798844761744
TimeWeightedValidationSelector,test,2023-10-24,8.35412827190039,8.370189184587513
TimeWeightedValidationSelector,test,2023-10-25,8.339684837243151,8.370579524413282
TimeWeightedValidationSelector,test,2023-10-26,8.327781756037567,8.37096986423905
TimeWeightedValidationSelector,test,2023-10-27,8.322969917458945,8.37136020406482
TimeWeightedValidationSelector,test,2023-10-30,8.334908391759232,8.371750543890588
TimeWeightedValidationSelector,test,2023-10-31,8.341362476580919,8.372140883716357
TimeWeightedValidationSelector,test,2023-11-01,8.351813671571112,8.372531223542126
TimeWeightedValidationSelector,test,2023-11-02,8.370496610505198,8.372921563367894
TimeWeightedValidationSelector,test,2023-11-03,8.37984649404975,8.373311903193663
TimeWeightedValidationSelector,test,2023-11-06,8.38159795177385,8.373702243019432
TimeWeightedValidationSelector,test,2023-11-07,8.384434045175562,8.3740925828452
TimeWeightedValidationSelector,test,2023-11-08,8.385438456207982,8.37448292267097
TimeWeightedValidationSelector,test,2023-11-09,8.377321765508913,8.374873262496738
TimeWeightedValidationSelector,test,2023-11-10,8.392817524779685,8.375263602322507
TimeWeightedValidationSelector,test,2023-11-13,8.391981336338315,8.375653942148276
TimeWeightedValidationSelector,test,2023-11-14,8.410876706812893,8.376044281974044
TimeWeightedValidationSelector,test,2023-11-15,8.41247244502074,8.376434621799813
TimeWeightedValidationSelector,test,2023-11-16,8.413662164417453,8.376824961625582
TimeWeightedValidationSelector,test,2023-11-17,8.414943392354632,8.37721530145135
TimeWeightedValidationSelector,test,2023-11-20,8.422306496148426,8.37760564127712
TimeWeightedValidationSelector,test,2023-11-21,8.42028352021667,8.377995981102888
TimeWeightedValidationSelector,test,2023-11-22,8.424336425310983,8.378386320928657
TimeWeightedValidationSelector,test,2023-11-24,8.424933120920628,8.378776660754426
TimeWeightedValidationSelector,test,2023-11-27,8.422977051603729,8.379167000580194
TimeWeightedValidationSelector,test,2023-11-28,8.42395669013178,8.379557340405963
TimeWeightedValidationSelector,test,2023-11-29,8.423009993516677,8.379947680231732
TimeWeightedValidationSelector,test,2023-11-30,8.426786924781672,8.3803380200575
TimeWeightedValidationSelector,test,2023-12-01,8.432643483735518,8.38072835988327
TimeWeightedValidationSelector,test,2023-12-04,8.427220295671692,8.381118699709038
TimeWeightedValidationSelector,test,2023-12-05,8.426651264077757,8.381509039534807
TimeWeightedValidationSelector,test,2023-12-06,8.422737412132813,8.381899379360576
TimeWeightedValidationSelector,test,2023-12-07,8.430674022817636,8.382289719186344
TimeWeightedValidationSelector,test,2023-12-08,8.43476115696414,8.382680059012113
TimeWeightedValidationSelector,test,2023-12-11,8.43867797051192,8.383070398837882
TimeWeightedValidationSelector,test,2023-12-12,8.443266783307612,8.38346073866365
TimeWeightedValidationSelector,test,2023-12-13,8.456825128482633,8.38385107848942
TimeWeightedValidationSelector,test,2023-12-14,8.459468693667787,8.384241418315188
TimeWeightedValidationSelector,test,2023-12-15,8.459392441267338,8.384631758140957
TimeWeightedValidationSelector,test,2023-12-18,8.463910563530739,8.385022097966726
TimeWeightedValidationSelector,test,2023-12-19,8.469759830981559,8.385412437792494
TimeWeightedValidationSelector,test,2023-12-20,8.454966683016252,8.385802777618263
TimeWeightedValidationSelector,test,2023-12-21,8.465215452323525,8.386193117444032
TimeWeightedValidationSelector,test,2023-12-22,8.466874134476285,8.3865834572698
TimeWeightedValidationSelector,test,2023-12-26,8.471096895523264,8.38697379709557
TimeWeightedValidationSelector,test,2023-12-27,8.472526331139687,8.387364136921338
TimeWeightedValidationSelector,test,2023-12-28,8.472896437250014,8.387754476747107
TimeWeightedValidationSelector,test,2023-12-29,8.47006596021328,8.388144816572876
TimeWeightedValidationSelector,test,2024-01-02,8.464389299413558,8.388535156398644
TimeWeightedValidationSelector,test,2024-01-03,8.45634068108636,8.388925496224413
TimeWeightedValidationSelector,test,2024-01-04,8.452906409423042,8.389315836050182
TimeWeightedValidationSelector,test,2024-01-05,8.454730431062476,8.38970617587595
TimeWeightedValidationSelector,test,2024-01-08,8.46874637649883,8.39009651570172
TimeWeightedValidationSelector,test,2024-01-09,8.467267382646511,8.390486855527488
TimeWeightedValidationSelector,test,2024-01-10,8.472917363297007,8.390877195353257
TimeWeightedValidationSelector,test,2024-01-11,8.472246082460046,8.391267535179026
TimeWeightedValidationSelector,test,2024-01-12,8.47299677621308,8.391657875004794
TimeWeightedValidationSelector,test,2024-01-16,8.469258457160723,8.392048214830563
TimeWeightedValidationSelector,test,2024-01-17,8.463625725889615,8.392438554656332
TimeWeightedValidationSelector,test,2024-01-18,8.472392446615858,8.3928288944821
TimeWeightedValidationSelector,test,2024-01-19,8.484630754848407,8.39321923430787
TimeWeightedValidationSelector,test,2024-01-22,8.486822676035638,8.393609574133638
TimeWeightedValidationSelector,test,2024-01-23,8.489739791376403,8.393999913959407
TimeWeightedValidationSelector,test,2024-01-24,8.49055139035262,8.394390253785176
TimeWeightedValidationSelector,test,2024-01-25,8.495797968487599,8.394780593610944
TimeWeightedValidationSelector,test,2024-01-26,8.495145970732173,8.395170933436713
TimeWeightedValidationSelector,test,2024-01-29,8.502674336237419,8.395561273262482
TimeWeightedValidationSelector,test,2024-01-30,8.502073505840439,8.39595161308825
TimeWeightedValidationSelector,test,2024-01-31,8.485836654099707,8.39634195291402
TimeWeightedValidationSelector,test,2024-02-01,8.498252940213757,8.396732292739788
TimeWeightedValidationSelector,test,2024-02-02,8.508880710936388,8.397122632565557
TimeWeightedValidationSelector,test,2024-02-05,8.505689286227105,8.397512972391326
TimeWeightedValidationSelector,test,2024-02-06,8.507997032158853,8.397903312217094
TimeWeightedValidationSelector,test,2024-02-07,8.516204714752861,8.398293652042863
TimeWeightedValidationSelector,test,2024-02-08,8.516775135292953,8.398683991868632
TimeWeightedValidationSelector,test,2024-02-09,8.522501052421747,8.3990743316944
TimeWeightedValidationSelector,test,2024-02-12,8.521551648279095,8.39946467152017
TimeWeightedValidationSelector,test,2024-02-13,8.50778303885925,8.399855011345938
TimeWeightedValidationSelector,test,2024-02-14,8.517317207163467,8.400245351171707
TimeWeightedValidationSelector,test,2024-02-15,8.523121579837508,8.400635690997476
TimeWeightedValidationSelector,test,2024-02-16,8.518306536261546,8.401026030823244
TimeWeightedValidationSelector,test,2024-02-20,8.512283109795728,8.401416370649013
TimeWeightedValidationSelector,test,2024-02-21,8.513546511290832,8.401806710474782
TimeWeightedValidationSelector,test,2024-02-22,8.534449399957236,8.40219705030055
TimeWeightedValidationSelector,test,2024-02-23,8.534797286983737,8.40258739012632
TimeWeightedValidationSelector,test,2024-02-26,8.53100334773907,8.402977729952088
TimeWeightedValidationSelector,test,2024-02-27,8.53270824327779,8.403368069777857
TimeWeightedValidationSelector,test,2024-02-28,8.531048711956679,8.403758409603626
TimeWeightedValidationSelector,test,2024-02-29,8.536264182412477,8.404148749429394
TimeWeightedValidationSelector,test,2024-03-01,8.544240118845865,8.404539089255163
TimeWeightedValidationSelector,test,2024-03-04,8.543046144270903,8.404929429080932
TimeWeightedValidationSelector,test,2024-03-05,8.532800737994984,8.4053197689067
TimeWeightedValidationSelector,test,2024-03-06,8.537928670847986,8.40571010873247
TimeWeightedValidationSelector,test,2024-03-07,8.54818007313297,8.406100448558238
TimeWeightedValidationSelector,test,2024-03-08,8.54163015014092,8.406490788384007
TimeWeightedValidationSelector,test,2024-03-11,8.540507281872891,8.406881128209776
TimeWeightedValidationSelector,test,2024-03-12,8.55164679445956,8.407271468035544
TimeWeightedValidationSelector,test,2024-03-13,8.549720410457438,8.407661807861313
TimeWeightedValidationSelector,test,2024-03-14,8.546845189405943,8.408052147687082
TimeWeightedValidationSelector,test,2024-03-15,8.540341166546204,8.40844248751285
TimeWeightedValidationSelector,test,2024-03-18,8.546639350784686,8.40883282733862
TimeWeightedValidationSelector,test,2024-03-19,8.552272603829028,8.409223167164388
TimeWeightedValidationSelector,test,2024-03-20,8.561137369345388,8.409613506990157
TimeWeightedValidationSelector,test,2024-03-21,8.564368678439918,8.410003846815925
TimeWeightedValidationSelector,test,2024-03-22,8.562965506605591,8.410394186641694
TimeWeightedValidationSelector,test,2024-03-25,8.55990586622356,8.410784526467463
TimeWeightedValidationSelector,test,2024-03-26,8.557102144240753,8.411174866293232
TimeWeightedValidationSelector,test,2024-03-27,8.56569573982346,8.411565206119
TimeWeightedValidationSelector,test,2024-03-28,8.56681160252422,8.41195554594477
TimeWeightedValidationSelector,test,2024-04-01,8.564795987997263,8.412345885770538
TimeWeightedValidationSelector,test,2024-04-02,8.55753059979359,8.412736225596307
TimeWeightedValidationSelector,test,2024-04-03,8.558621127316929,8.413126565422075
TimeWeightedValidationSelector,test,2024-04-04,8.546210091697667,8.413516905247844
TimeWeightedValidationSelector,test,2024-04-05,8.557248141833366,8.413907245073613
TimeWeightedValidationSelector,test,2024-04-08,8.556873440643324,8.414297584899382
TimeWeightedValidationSelector,test,2024-04-09,8.558317890116959,8.41468792472515
TimeWeightedValidationSelector,test,2024-04-10,8.548815908284746,8.41507826455092
TimeWeightedValidationSelector,test,2024-04-11,8.556233130268089,8.415468604376688
TimeWeightedValidationSelector,test,2024-04-12,8.541575542465841,8.415858944202457
TimeWeightedValidationSelector,test,2024-04-15,8.52948134667838,8.416249284028225
TimeWeightedValidationSelector,test,2024-04-16,8.527422722150877,8.416639623853994
TimeWeightedValidationSelector,test,2024-04-17,8.521625347074872,8.417029963679763
TimeWeightedValidationSelector,test,2024-04-18,8.519414745374387,8.417420303505532
TimeWeightedValidationSelector,test,2024-04-19,8.510617615720331,8.4178106433313
TimeWeightedValidationSelector,test,2024-04-22,8.51931096687717,8.41820098315707
TimeWeightedValidationSelector,test,2024-04-23,8.531204533444892,8.418591322982838
TimeWeightedValidationSelector,test,2024-04-24,8.531417520822824,8.418981662808607
TimeWeightedValidationSelector,test,2024-04-25,8.526830586552705,8.419372002634375
TimeWeightedValidationSelector,test,2024-04-26,8.53698796788503,8.419762342460144
TimeWeightedValidationSelector,test,2024-04-29,8.54016137596167,8.420152682285913
TimeWeightedValidationSelector,test,2024-04-30,8.524305824842742,8.420543022111682
TimeWeightedValidationSelector,test,2024-05-01,8.520864471357111,8.42093336193745
TimeWeightedValidationSelector,test,2024-05-02,8.529951496082194,8.42132370176322
TimeWeightedValidationSelector,test,2024-05-03,8.542430053741704,8.421714041588988
TimeWeightedValidationSelector,test,2024-05-06,8.552703227432952,8.422104381414757
TimeWeightedValidationSelector,test,2024-05-07,8.554045755661777,8.422494721240525
TimeWeightedValidationSelector,test,2024-05-08,8.554039920026582,8.422885061066294
TimeWeightedValidationSelector,test,2024-05-09,8.55911795266569,8.423275400892063
TimeWeightedValidationSelector,test,2024-05-10,8.560765992745857,8.423665740717832
TimeWeightedValidationSelector,test,2024-05-13,8.56052465957199,8.4240560805436
TimeWeightedValidationSelector,test,2024-05-14,8.565350808099446,8.42444642036937
TimeWeightedValidationSelector,test,2024-05-15,8.576998635886746,8.424836760195138
TimeWeightedValidationSelector,test,2024-05-16,8.574914798412657,8.425227100020907
TimeWeightedValidationSelector,test,2024-05-17,8.57607889410055,8.425617439846675
TimeWeightedValidationSelector,test,2024-05-20,8.576994864409041,8.426007779672444
TimeWeightedValidationSelector,test,2024-05-21,8.579493614175934,8.426398119498213
TimeWeightedValidationSelector,test,2024-05-22,8.576783822966583,8.426788459323982
TimeWeightedValidationSelector,test,2024-05-23,8.56937566068311,8.42717879914975
TimeWeightedValidationSelector,test,2024-05-24,8.576352309759784,8.42756913897552
TimeWeightedValidationSelector,test,2024-05-28,8.57660108066667,8.427959478801288
TimeWeightedValidationSelector,test,2024-05-29,8.569206763450927,8.428349818627057
TimeWeightedValidationSelector,test,2024-05-30,8.563213805915174,8.428740158452825
TimeWeightedValidationSelector,test,2024-05-31,8.571209630147102,8.429130498278594
TimeWeightedValidationSelector,test,2024-06-03,8.572325090370637,8.429520838104363
TimeWeightedValidationSelector,test,2024-06-04,8.57382677137442,8.429911177930132
TimeWeightedValidationSelector,test,2024-06-05,8.585604787224376,8.4303015177559
TimeWeightedValidationSelector,test,2024-06-06,8.58540495062274,8.43069185758167
TimeWeightedValidationSelector,test,2024-06-07,8.584289108572461,8.431082197407438
TimeWeightedValidationSelector,test,2024-06-10,8.586866638550703,8.431472537233207
TimeWeightedValidationSelector,test,2024-06-11,8.589573353405912,8.431862877058975
TimeWeightedValidationSelector,test,2024-06-12,8.5980410736478,8.432253216884744
TimeWeightedValidationSelector,test,2024-06-13,8.600382985084916,8.432643556710513
TimeWeightedValidationSelector,test,2024-06-14,8.599989046803918,8.433033896536282
TimeWeightedValidationSelector,test,2024-06-17,8.607624211176239,8.43342423636205
TimeWeightedValidationSelector,test,2024-06-18,8.610142365357756,8.43381457618782
TimeWeightedValidationSelector,test,2024-06-20,8.607613237962344,8.434204916013588
TimeWeightedValidationSelector,test,2024-06-21,8.60604988624352,8.434595255839357
TimeWeightedValidationSelector,test,2024-06-24,8.602980007087652,8.434985595665125
TimeWeightedValidationSelector,test,2024-06-25,8.606905880766835,8.435375935490894
TimeWeightedValidationSelector,test,2024-06-26,8.608477076991555,8.435766275316663
TimeWeightedValidationSelector,test,2024-06-27,8.609383986848353,8.436156615142432
TimeWeightedValidationSelector,test,2024-06-28,8.605291973385985,8.4365469549682
TimeWeightedValidationSelector,test,2024-07-01,8.607963964367414,8.43693729479397
TimeWeightedValidationSelector,test,2024-07-02,8.6141401701386,8.437327634619738
TimeWeightedValidationSelector,test,2024-07-03,8.619211732408132,8.437717974445507
TimeWeightedValidationSelector,test,2024-07-05,8.624645706769101,8.438108314271275
TimeWeightedValidationSelector,test,2024-07-08,8.625661889245507,8.438498654097044
TimeWeightedValidationSelector,test,2024-07-09,8.626402686723571,8.438888993922813
TimeWeightedValidationSelector,test,2024-07-10,8.636559001601677,8.439279333748582
TimeWeightedValidationSelector,test,2024-07-11,8.627757351632411,8.43966967357435
TimeWeightedValidationSelector,test,2024-07-12,8.633259215657375,8.44006001340012
TimeWeightedValidationSelector,test,2024-07-15,8.63608143208073,8.440450353225888
TimeWeightedValidationSelector,test,2024-07-16,8.642450482052181,8.440840693051657
TimeWeightedValidationSelector,test,2024-07-17,8.628425040528537,8.441231032877425
TimeWeightedValidationSelector,test,2024-07-18,8.620577928383186,8.441621372703194
TimeWeightedValidationSelector,test,2024-07-19,8.61341204915678,8.442011712528963
TimeWeightedValidationSelector,test,2024-07-22,8.624146266403,8.442402052354732
TimeWeightedValidationSelector,test,2024-07-23,8.622586948709055,8.4427923921805
TimeWeightedValidationSelector,test,2024-07-24,8.599165706486161,8.44318273200627
TimeWeightedValidationSelector,test,2024-07-25,8.594009817466445,8.443573071832038
TimeWeightedValidationSelector,test,2024-07-26,8.605039237876015,8.443963411657807
TimeWeightedValidationSelector,test,2024-07-29,8.605852217447843,8.444353751483575
TimeWeightedValidationSelector,test,2024-07-30,8.600879703086477,8.444744091309344
TimeWeightedValidationSelector,test,2024-07-31,8.616549683788394,8.445134431135113
TimeWeightedValidationSelector,test,2024-08-01,8.602761559996404,8.445524770960882
TimeWeightedValidationSelector,test,2024-08-02,8.58420865338785,8.44591511078665
TimeWeightedValidationSelector,test,2024-08-05,8.553781611995458,8.446305450612419
TimeWeightedValidationSelector,test,2024-08-06,8.564082461489058,8.446695790438188
TimeWeightedValidationSelector,test,2024-08-07,8.556317746100287,8.447086130263957
TimeWeightedValidationSelector,test,2024-08-08,8.579098885691186,8.447476470089725
TimeWeightedValidationSelector,test,2024-08-09,8.583759684125567,8.447866809915494
TimeWeightedValidationSelector,test,2024-08-12,8.583802717177289,8.448257149741263
TimeWeightedValidationSelector,test,2024-08-13,8.600509950596338,8.448647489567032
TimeWeightedValidationSelector,test,2024-08-14,8.604326387157537,8.4490378293928
TimeWeightedValidationSelector,test,2024-08-15,8.620330877088842,8.449428169218569
TimeWeightedValidationSelector,test,2024-08-16,8.622318679457237,8.449818509044338
TimeWeightedValidationSelector,test,2024-08-19,8.631994006893414,8.450208848870107
TimeWeightedValidationSelector,test,2024-08-20,8.630007479655806,8.450599188695875
TimeWeightedValidationSelector,test,2024-08-21,8.634238194376811,8.450989528521644
TimeWeightedValidationSelector,test,2024-08-22,8.625265252120155,8.451379868347413
TimeWeightedValidationSelector,test,2024-08-23,8.636683189521818,8.451770208173182
TimeWeightedValidationSelector,test,2024-08-26,8.633524479352213,8.45216054799895
TimeWeightedValidationSelector,test,2024-08-27,8.635118404464937,8.452550887824719
TimeWeightedValidationSelector,test,2024-08-28,8.629124503670202,8.452941227650488
TimeWeightedValidationSelector,test,2024-08-29,8.629085123826764,8.453331567476257
TimeWeightedValidationSelector,test,2024-08-30,8.639127580905908,8.453721907302025
TimeWeightedValidationSelector,test,2024-09-03,8.61774961753351,8.454112247127794
TimeWeightedValidationSelector,test,2024-09-04,8.61614578850613,8.454502586953563
TimeWeightedValidationSelector,test,2024-09-05,8.613123207491455,8.454892926779332
TimeWeightedValidationSelector,test,2024-09-06,8.595712262984032,8.4552832666051
TimeWeightedValidationSelector,test,2024-09-09,8.607225797419849,8.455673606430869
TimeWeightedValidationSelector,test,2024-09-10,8.611688497397644,8.456063946256638
TimeWeightedValidationSelector,test,2024-09-11,8.622297053047486,8.456454286082407
TimeWeightedValidationSelector,test,2024-09-12,8.62976440520429,8.456844625908175
TimeWeightedValidationSelector,test,2024-09-13,8.635157547438645,8.457234965733944
TimeWeightedValidationSelector,test,2024-09-16,8.636413388305956,8.457625305559713
TimeWeightedValidationSelector,test,2024-09-17,8.636677903399852,8.458015645385482
TimeWeightedValidationSelector,test,2024-09-18,8.633777244691538,8.45840598521125
TimeWeightedValidationSelector,test,2024-09-19,8.650611601584265,8.458796325037019
TimeWeightedValidationSelector,test,2024-09-20,8.648668687954249,8.459186664862788
TimeWeightedValidationSelector,test,2024-09-23,8.651474022379961,8.459577004688557
TimeWeightedValidationSelector,test,2024-09-24,8.653982053483308,8.459967344514325
TimeWeightedValidationSelector,test,2024-09-25,8.652119070277095,8.460357684340094
TimeWeightedValidationSelector,test,2024-09-26,8.656149612435295,8.460748024165863
TimeWeightedValidationSelector,test,2024-09-27,8.654895609535222,8.461138363991632
TimeWeightedValidationSelector,test,2024-09-30,8.659123213193663,8.4615287038174
TimeWeightedValidationSelector,test,2024-10-01,8.649755364499208,8.461919043643169
TimeWeightedValidationSelector,test,2024-10-02,8.649893745826196,8.462309383468938
TimeWeightedValidationSelector,test,2024-10-03,8.648210917171737,8.462699723294707
TimeWeightedValidationSelector,test,2024-10-04,8.657141172870922,8.463090063120475
TimeWeightedValidationSelector,test,2024-10-07,8.647508909041534,8.463480402946244
TimeWeightedValidationSelector,test,2024-10-08,8.657151615846228,8.463870742772013
TimeWeightedValidationSelector,test,2024-10-09,8.664239846863223,8.464261082597782
TimeWeightedValidationSelector,test,2024-10-10,8.662167578357241,8.46465142242355
TimeWeightedValidationSelector,test,2024-10-11,8.66820118706454,8.465041762249319
TimeWeightedValidationSelector,test,2024-10-14,8.675879301639133,8.465432102075088
TimeWeightedValidationSelector,test,2024-10-15,8.66824073560162,8.465822441900857
TimeWeightedValidationSelector,test,2024-10-16,8.6729089683844,8.466212781726625
TimeWeightedValidationSelector,test,2024-10-17,8.672737793255862,8.466603121552394
TimeWeightedValidationSelector,test,2024-10-18,8.676701480198636,8.466993461378163
TimeWeightedValidationSelector,test,2024-10-21,8.674877047442218,8.467383801203932
TimeWeightedValidationSelector,test,2024-10-22,8.674402080775021,8.4677741410297
TimeWeightedValidationSelector,test,2024-10-23,8.665168256507341,8.468164480855469
TimeWeightedValidationSelector,test,2024-10-24,8.667311729637898,8.468554820681238
TimeWeightedValidationSelector,test,2024-10-25,8.667012237624713,8.468945160507007
TimeWeightedValidationSelector,test,2024-10-28,8.669660172251445,8.469335500332775
TimeWeightedValidationSelector,test,2024-10-29,8.671272998196347,8.469725840158544
TimeWeightedValidationSelector,test,2024-10-30,8.667967306523858,8.470116179984313
TimeWeightedValidationSelector,test,2024-10-31,8.649177171595113,8.470506519810082
TimeWeightedValidationSelector,test,2024-11-01,8.653261329599639,8.47089685963585
TimeWeightedValidationSelector,test,2024-11-04,8.650445284786448,8.471287199461619
TimeWeightedValidationSelector,test,2024-11-05,8.66263631581601,8.471677539287388
TimeWeightedValidationSelector,test,2024-11-06,8.687617596773197,8.472067879113157
TimeWeightedValidationSelector,test,2024-11-07,8.695021350947194,8.472458218938925
TimeWeightedValidationSelector,test,2024-11-08,8.698771144982912,8.472848558764694
TimeWeightedValidationSelector,test,2024-11-11,8.699739739173868,8.473238898590463
TimeWeightedValidationSelector,test,2024-11-12,8.696842887696931,8.473629238416232
TimeWeightedValidationSelector,test,2024-11-13,8.697075088461073,8.474019578242
TimeWeightedValidationSelector,test,2024-11-14,8.691006979878829,8.474409918067769
TimeWeightedValidationSelector,test,2024-11-15,8.677715549012035,8.474800257893538
TimeWeightedValidationSelector,test,2024-11-18,8.681625708758242,8.475190597719306
TimeWeightedValidationSelector,test,2024-11-19,8.685581459278838,8.475580937545075
TimeWeightedValidationSelector,test,2024-11-20,8.685603409900173,8.475971277370844
TimeWeightedValidationSelector,test,2024-11-21,8.69092966174446,8.476361617196613
TimeWeightedValidationSelector,test,2024-11-22,8.694391621335997,8.476751957022381
TimeWeightedValidationSelector,test,2024-11-25,8.697407549156123,8.47714229684815
TimeWeightedValidationSelector,test,2024-11-26,8.703113246311386,8.477532636673919
TimeWeightedValidationSelector,test,2024-11-27,8.699304765227808,8.477922976499688
TimeWeightedValidationSelector,test,2024-11-29,8.70489688562461,8.478313316325456
TimeWeightedValidationSelector,test,2024-12-02,8.707342349505192,8.478703656151225
TimeWeightedValidationSelector,test,2024-12-03,8.707793696747213,8.479093995976994
TimeWeightedValidationSelector,test,2024-12-04,8.71382687837535,8.479484335802763
TimeWeightedValidationSelector,test,2024-12-05,8.711955352535968,8.479874675628531
TimeWeightedValidationSelector,test,2024-12-06,8.714447697903505,8.4802650154543
TimeWeightedValidationSelector,test,2024-12-09,8.708284530618279,8.480655355280069
TimeWeightedValidationSelector,test,2024-12-10,8.705316246304,8.481045695105838
TimeWeightedValidationSelector,test,2024-12-11,8.713448872715368,8.481436034931606
TimeWeightedValidationSelector,test,2024-12-12,8.708020141253904,8.481826374757375
TimeWeightedValidationSelector,test,2024-12-13,8.707993674264532,8.482216714583144
TimeWeightedValidationSelector,test,2024-12-16,8.711785829273317,8.482607054408913
TimeWeightedValidationSelector,test,2024-12-17,8.707914349792661,8.482997394234681
TimeWeightedValidationSelector,test,2024-12-18,8.677977844488144,8.48338773406045
TimeWeightedValidationSelector,test,2024-12-19,8.677112357737606,8.483778073886219
TimeWeightedValidationSelector,test,2024-12-20,8.687922837140004,8.484168413711988
TimeWeightedValidationSelector,test,2024-12-23,8.69518368672562,8.484558753537756
TimeWeightedValidationSelector,test,2024-12-24,8.706165919890747,8.484949093363525
TimeWeightedValidationSelector,test,2024-12-26,8.705760178802489,8.485339433189294
TimeWeightedValidationSelector,test,2024-12-27,8.694642873837577,8.485729773015063
TimeWeightedValidationSelector,test,2024-12-30,8.683883199895847,8.486120112840831
TimeWeightedValidationSelector,test,2024-12-31,8.679589193436865,8.4865104526666
TimeWeightedValidationSelector,test,2025-01-02,8.677362830287416,8.486900792492369
TimeWeightedValidationSelector,test,2025-01-03,8.689880186995241,8.487291132318138
TimeWeightedValidationSelector,test,2025-01-06,8.69540295349206,8.487681472143906
TimeWeightedValidationSelector,test,2025-01-07,8.684236931975423,8.488071811969675
TimeWeightedValidationSelector,test,2025-01-08,8.685796076069254,8.488462151795444
TimeWeightedValidationSelector,test,2025-01-10,8.670264438419022,8.488852491621213
TimeWeightedValidationSelector,test,2025-01-13,8.671838642797075,8.489242831446981
TimeWeightedValidationSelector,test,2025-01-14,8.67298426613124,8.48963317127275
TimeWeightedValidationSelector,test,2025-01-15,8.691131398635756,8.490023511098519
TimeWeightedValidationSelector,test,2025-01-16,8.68901647429489,8.490413850924288
TimeWeightedValidationSelector,test,2025-01-17,8.698957952603283,8.490804190750056
TimeWeightedValidationSelector,test,2025-01-21,8.70768796204388,8.491194530575825
TimeWeightedValidationSelector,test,2025-01-22,8.713807143130873,8.491584870401594
TimeWeightedValidationSelector,test,2025-01-23,8.719106562590403,8.491975210227363
TimeWeightedValidationSelector,test,2025-01-24,8.716247346605936,8.492365550053131
TimeWeightedValidationSelector,test,2025-01-27,8.701559287573824,8.4927558898789
TimeWeightedValidationSelector,test,2025-01-28,8.71073493175154,8.493146229704669
TimeWeightedValidationSelector,test,2025-01-29,8.70604505569462,8.493536569530438
TimeWeightedValidationSelector,test,2025-01-30,8.7113066038468,8.493926909356206
TimeWeightedValidationSelector,test,2025-01-31,8.706246999856534,8.494317249181975
TimeWeightedValidationSelector,test,2025-02-03,8.698609309127038,8.494707589007744
TimeWeightedValidationSelector,test,2025-02-04,8.705808216530068,8.495097928833513
TimeWeightedValidationSelector,test,2025-02-05,8.709709270445682,8.495488268659281
TimeWeightedValidationSelector,test,2025-02-06,8.713346944800948,8.49587860848505
TimeWeightedValidationSelector,test,2025-02-07,8.703837099107288,8.496268948310819
TimeWeightedValidationSelector,test,2025-02-10,8.710527211402741,8.496659288136588
TimeWeightedValidationSelector,test,2025-02-11,8.710866736546416,8.497049627962356
TimeWeightedValidationSelector,test,2025-02-12,8.708139153356768,8.497439967788125
TimeWeightedValidationSelector,test,2025-02-13,8.718511466571004,8.497830307613894
TimeWeightedValidationSelector,test,2025-02-14,8.71843952017543,8.498220647439663
TimeWeightedValidationSelector,test,2025-02-18,8.72088152383098,8.498610987265431
TimeWeightedValidationSelector,test,2025-02-19,8.723255672697805,8.4990013270912
TimeWeightedValidationSelector,test,2025-02-20,8.718912067813516,8.499391666916969
TimeWeightedValidationSelector,test,2025-02-21,8.701700671140976,8.499782006742738
TimeWeightedValidationSelector,test,2025-02-24,8.696719177574725,8.500172346568506
TimeWeightedValidationSelector,test,2025-02-25,8.692028462436328,8.500562686394275
TimeWeightedValidationSelector,test,2025-02-26,8.692164477465912,8.500953026220044
TimeWeightedValidationSelector,test,2025-02-27,8.676172734787388,8.501343366045813
TimeWeightedValidationSelector,test,2025-02-28,8.691902515208051,8.501733705871581
TimeWeightedValidationSelector,test,2025-03-03,8.674149112559741,8.50212404569735
TimeWeightedValidationSelector,test,2025-03-04,8.661838824328235,8.502514385523119
TimeWeightedValidationSelector,test,2025-03-05,8.672936296856971,8.502904725348888
TimeWeightedValidationSelector,test,2025-03-06,8.654956619749516,8.503295065174656
TimeWeightedValidationSelector,test,2025-03-07,8.660462054794971,8.503685405000425
TimeWeightedValidationSelector,test,2025-03-10,8.633118513006542,8.504075744826194
TimeWeightedValidationSelector,test,2025-03-11,8.625521866088006,8.504466084651963
TimeWeightedValidationSelector,test,2025-03-12,8.630396834028497,8.504856424477731
TimeWeightedValidationSelector,test,2025-03-13,8.616408467222032,8.5052467643035
TimeWeightedValidationSelector,test,2025-03-14,8.63745137317523,8.505637104129269
TimeWeightedValidationSelector,test,2025-03-17,8.643847008149836,8.506027443955038
TimeWeightedValidationSelector,test,2025-03-18,8.633136341075515,8.506417783780806
TimeWeightedValidationSelector,test,2025-03-19,8.643876949248469,8.506808123606575
TimeWeightedValidationSelector,test,2025-03-20,8.641689665734686,8.507198463432344
TimeWeightedValidationSelector,test,2025-03-21,8.64251397934252,8.507588803258113
TimeWeightedValidationSelector,test,2025-03-24,8.660006096471157,8.507979143083881
TimeWeightedValidationSelector,test,2025-03-25,8.661579191961811,8.50836948290965
TimeWeightedValidationSelector,test,2025-03-26,8.650359551604213,8.508759822735419
TimeWeightedValidationSelector,test,2025-03-27,8.64704709059708,8.509150162561188
TimeWeightedValidationSelector,test,2025-03-28,8.627112489470228,8.509540502386956
TimeWeightedValidationSelector,test,2025-03-31,8.632635729827873,8.509930842212725
TimeWeightedValidationSelector,test,2025-04-01,8.636409834383086,8.510321182038494
TimeWeightedValidationSelector,test,2025-04-02,8.64311549581257,8.510711521864263
TimeWeightedValidationSelector,test,2025-04-03,8.593509583983574,8.511101861690031
TimeWeightedValidationSelector,test,2025-04-04,8.531900522085342,8.5114922015158
TimeWeightedValidationSelector,test,2025-04-07,8.52956632747938,8.511882541341569
TimeWeightedValidationSelector,test,2025-04-08,8.513741244202324,8.512272881167338
TimeWeightedValidationSelector,test,2025-04-09,8.60463612403536,8.512663220993106
TimeWeightedValidationSelector,test,2025-04-10,8.56941551701125,8.513053560818875
TimeWeightedValidationSelector,test,2025-04-11,8.587345897847026,8.513443900644644
TimeWeightedValidationSelector,test,2025-04-14,8.59525921717337,8.513834240470413
TimeWeightedValidationSelector,test,2025-04-15,8.593529941948068,8.514224580296181
TimeWeightedValidationSelector,test,2025-04-16,8.570866687983166,8.51461492012195
TimeWeightedValidationSelector,test,2025-04-17,8.57219264660694,8.515005259947719
TimeWeightedValidationSelector,test,2025-04-21,8.54834299827292,8.515395599773488
TimeWeightedValidationSelector,test,2025-04-22,8.57314995039837,8.515785939599256
TimeWeightedValidationSelector,test,2025-04-23,8.58967381476525,8.516176279425025
TimeWeightedValidationSelector,test,2025-04-24,8.609730442847834,8.516566619250794
TimeWeightedValidationSelector,test,2025-04-25,8.617076527643535,8.516956959076563
TimeWeightedValidationSelector,test,2025-04-28,8.617717029182536,8.517347298902331
TimeWeightedValidationSelector,test,2025-04-29,8.623502670728094,8.5177376387281
TimeWeightedValidationSelector,test,2025-04-30,8.624981567980026,8.518127978553869
TimeWeightedValidationSelector,test,2025-05-01,8.631260913696478,8.518518318379638
TimeWeightedValidationSelector,test,2025-05-02,8.645880104805592,8.518908658205406
TimeWeightedValidationSelector,test,2025-05-05,8.639478057776273,8.519298998031175
TimeWeightedValidationSelector,test,2025-05-06,8.631755072497882,8.519689337856944
TimeWeightedValidationSelector,test,2025-05-07,8.63609201060459,8.520079677682713
TimeWeightedValidationSelector,test,2025-05-08,8.641875031752058,8.520470017508481
TimeWeightedValidationSelector,test,2025-05-09,8.641163297617181,8.52086035733425
TimeWeightedValidationSelector,test,2025-05-12,8.6732032742942,8.521250697160019
TimeWeightedValidationSelector,test,2025-05-13,8.680425333314448,8.521641036985788
TimeWeightedValidationSelector,test,2025-05-14,8.681449224556724,8.522031376811556
TimeWeightedValidationSelector,test,2025-05-15,8.68557304199548,8.522421716637325
TimeWeightedValidationSelector,test,2025-05-16,8.69255389136358,8.522812056463094
TimeWeightedValidationSelector,test,2025-05-19,8.69342962092963,8.523202396288863
TimeWeightedValidationSelector,test,2025-05-20,8.689541843860058,8.523592736114631
TimeWeightedValidationSelector,test,2025-05-21,8.673275124592298,8.5239830759404
TimeWeightedValidationSelector,test,2025-05-22,8.672830154569876,8.524373415766169
TimeWeightedValidationSelector,test,2025-05-23,8.666099254978404,8.524763755591938
TimeWeightedValidationSelector,test,2025-05-27,8.686351835780588,8.525154095417706
TimeWeightedValidationSelector,test,2025-05-28,8.680765033204143,8.525544435243475
TimeWeightedValidationSelector,test,2025-05-29,8.684768204074775,8.525934775069244
TimeWeightedValidationSelector,test,2025-05-30,8.68468701561778,8.526325114895013
TimeWeightedValidationSelector,test,2025-06-02,8.688780667108405,8.526715454720781
TimeWeightedValidationSelector,test,2025-06-03,8.694564200643775,8.52710579454655
TimeWeightedValidationSelector,test,2025-06-04,8.694637885388493,8.527496134372319
TimeWeightedValidationSelector,test,2025-06-05,8.689346527409796,8.527886474198088
TimeWeightedValidationSelector,test,2025-06-06,8.699574723625172,8.528276814023856
TimeWeightedValidationSelector,test,2025-06-09,8.700494248811564,8.528667153849625
TimeWeightedValidationSelector,test,2025-06-10,8.70596226135321,8.529057493675394
TimeWeightedValidationSelector,test,2025-06-11,8.703214601034924,8.529447833501163
TimeWeightedValidationSelector,test,2025-06-12,8.7070297341066,8.529838173326931
TimeWeightedValidationSelector,test,2025-06-13,8.695669065516498,8.5302285131527
TimeWeightedValidationSelector,test,2025-06-16,8.705017888664687,8.530618852978469
TimeWeightedValidationSelector,test,2025-06-17,8.696630628941042,8.531009192804238
TimeWeightedValidationSelector,test,2025-06-18,8.696321340906323,8.531399532630006
TimeWeightedValidationSelector,test,2025-06-20,8.694140305690734,8.531789872455775
TimeWeightedValidationSelector,test,2025-06-23,8.703700960761994,8.532180212281544
TimeWeightedValidationSelector,test,2025-06-24,8.714761289378952,8.532570552107313
TimeWeightedValidationSelector,test,2025-06-25,8.714758003270603,8.532960891933081
TimeWeightedValidationSelector,test,2025-06-26,8.72274613430312,8.53335123175885
TimeWeightedValidationSelector,test,2025-06-27,8.72795153355927,8.533741571584619
TimeWeightedValidationSelector,test,2025-06-30,8.7331026710654,8.534131911410388
TimeWeightedValidationSelector,test,2025-07-01,8.73198351395552,8.534522251236156
TimeWeightedValidationSelector,test,2025-07-02,8.73671738826201,8.534912591061925
TimeWeightedValidationSelector,test,2025-07-03,8.745021766472675,8.535302930887694
TimeWeightedValidationSelector,test,2025-07-07,8.73712839836843,8.535693270713463
TimeWeightedValidationSelector,test,2025-07-08,8.73641225511796,8.536083610539231
TimeWeightedValidationSelector,test,2025-07-09,8.74245605789474,8.536473950365
TimeWeightedValidationSelector,test,2025-07-10,8.745198498967666,8.536864290190769
TimeWeightedValidationSelector,test,2025-07-11,8.74189552719444,8.537254630016538
TimeWeightedValidationSelector,test,2025-07-14,8.743301951525376,8.537644969842306
TimeWeightedValidationSelector,test,2025-07-15,8.739337806459705,8.538035309668075
TimeWeightedValidationSelector,test,2025-07-16,8.742526374985088,8.538425649493844
TimeWeightedValidationSelector,test,2025-07-17,8.7478857552251,8.538815989319612
TimeWeightedValidationSelector,test,2025-07-18,8.747795264922292,8.539206329145381
TimeWeightedValidationSelector,test,2025-07-21,8.749193421927965,8.53959666897115
TimeWeightedValidationSelector,test,2025-07-22,8.749830750424632,8.539987008796919
TimeWeightedValidationSelector,test,2025-07-23,8.757612282570335,8.540377348622687
TimeWeightedValidationSelector,test,2025-07-24,8.758310262567267,8.540767688448456
TimeWeightedValidationSelector,test,2025-07-25,8.762276713568948,8.541158028274225
TimeWeightedValidationSelector,test,2025-07-28,8.762453556040215,8.541548368099994
TimeWeightedValidationSelector,test,2025-07-29,8.759489725842748,8.541938707925762
TimeWeightedValidationSelector,test,2025-07-30,8.758239511904238,8.542329047751531
TimeWeightedValidationSelector,test,2025-07-31,8.754537849857863,8.5427193875773
TimeWeightedValidationSelector,test,2025-08-01,8.738416462672294,8.543109727403069
TimeWeightedValidationSelector,test,2025-08-04,8.753046027163709,8.543500067228837
TimeWeightedValidationSelector,test,2025-08-05,8.748176323383246,8.543890407054606
TimeWeightedValidationSelector,test,2025-08-06,8.7554318456031,8.544280746880375
TimeWeightedValidationSelector,test,2025-08-07,8.754634047431272,8.544671086706144
TimeWeightedValidationSelector,test,2025-08-08,8.762403502247661,8.545061426531912
TimeWeightedValidationSelector,test,2025-08-11,8.759896233853777,8.545451766357681
TimeWeightedValidationSelector,test,2025-08-12,8.771177792928947,8.54584210618345
TimeWeightedValidationSelector,test,2025-08-13,8.774402666312993,8.546232446009219
TimeWeightedValidationSelector,test,2025-08-14,8.774705711191547,8.546622785834987
TimeWeightedValidationSelector,test,2025-08-15,8.771804371275183,8.547013125660756
TimeWeightedValidationSelector,test,2025-08-18,8.771703603017446,8.547403465486525
TimeWeightedValidationSelector,test,2025-08-19,8.765828273905239,8.547793805312294
TimeWeightedValidationSelector,test,2025-08-20,8.763393643272975,8.548184145138062
TimeWeightedValidationSelector,test,2025-08-21,8.759381423544024,8.548574484963831
TimeWeightedValidationSelector,test,2025-08-22,8.774453708702803,8.5489648247896
TimeWeightedValidationSelector,test,2025-08-25,8.770178196163156,8.549355164615369
TimeWeightedValidationSelector,test,2025-08-26,8.774303669873273,8.549745504441137
TimeWeightedValidationSelector,test,2025-08-27,8.776691800326576,8.550135844266906
TimeWeightedValidationSelector,test,2025-08-28,8.779843547768042,8.550526184092675
TimeWeightedValidationSelector,test,2025-08-29,8.77342480736525,8.550916523918444
TimeWeightedValidationSelector,test,2025-09-02,8.766478457304219,8.551306863744212
TimeWeightedValidationSelector,test,2025-09-03,8.77156556960716,8.551697203569981
TimeWeightedValidationSelector,test,2025-09-04,8.779877416710034,8.55208754339575
TimeWeightedValidationSelector,test,2025-09-05,8.776707244040098,8.552477883221519
TimeWeightedValidationSelector,test,2025-09-08,8.778811008490987,8.552868223047287
TimeWeightedValidationSelector,test,2025-09-09,8.78149555552106,8.553258562873056
TimeWeightedValidationSelector,test,2025-09-10,8.784474583750457,8.553648902698825
TimeWeightedValidationSelector,test,2025-09-11,8.792924671373552,8.554039242524594
TimeWeightedValidationSelector,test,2025-09-12,8.792441793492124,8.554429582350362
TimeWeightedValidationSelector,test,2025-09-15,8.797137371218684,8.554819922176131
TimeWeightedValidationSelector,test,2025-09-16,8.795848610785352,8.5552102620019
TimeWeightedValidationSelector,test,2025-09-17,8.794877971707107,8.555600601827669
TimeWeightedValidationSelector,test,2025-09-18,8.799655659543815,8.555990941653437
TimeWeightedValidationSelector,test,2025-09-19,8.804529183481296,8.556381281479206
TimeWeightedValidationSelector,test,2025-09-22,8.808929534196059,8.556771621304975
TimeWeightedValidationSelector,test,2025-09-23,8.80341218236732,8.557161961130744
TimeWeightedValidationSelector,test,2025-09-24,8.800561505202024,8.557552300956512
TimeWeightedValidationSelector,test,2025-09-25,8.795539856459497,8.557942640782281
TimeWeightedValidationSelector,test,2025-09-26,8.801424345589911,8.55833298060805
TimeWeightedValidationSelector,test,2025-09-29,8.804056422849824,8.558723320433819
TimeWeightedValidationSelector,test,2025-09-30,8.808138926463332,8.559113660259587
TimeWeightedValidationSelector,test,2025-10-01,8.811533080634556,8.559504000085356
TimeWeightedValidationSelector,test,2025-10-02,8.812151244255938,8.559894339911125
TimeWeightedValidationSelector,test,2025-10-03,8.812216754912805,8.560284679736894
TimeWeightedValidationSelector,test,2025-10-06,8.815856714195567,8.560675019562662
TimeWeightedValidationSelector,test,2025-10-07,8.812038026488715,8.561065359388431
TimeWeightedValidationSelector,test,2025-10-08,8.817848774982902,8.5614556992142
TimeWeightedValidationSelector,test,2025-10-09,8.815089401002624,8.561846039039969
TimeWeightedValidationSelector,test,2025-10-10,8.787603425562724,8.562236378865737
TimeWeightedValidationSelector,test,2025-10-13,8.803081688599658,8.562626718691506
TimeWeightedValidationSelector,test,2025-10-14,8.801516137102714,8.563017058517275
TimeWeightedValidationSelector,test,2025-10-15,8.805534055606143,8.563407398343044
TimeWeightedValidationSelector,test,2025-10-16,8.799219775331,8.563797738168812
TimeWeightedValidationSelector,test,2025-10-17,8.804476649275527,8.564188077994581
TimeWeightedValidationSelector,test,2025-10-20,8.815092373411671,8.56457841782035
TimeWeightedValidationSelector,test,2025-10-21,8.815125069328088,8.564968757646119
TimeWeightedValidationSelector,test,2025-10-22,8.809773234553345,8.565359097471887
TimeWeightedValidationSelector,test,2025-10-23,8.815583714415359,8.565749437297656
TimeWeightedValidationSelector,test,2025-10-24,8.823455076390603,8.566139777123425
TimeWeightedValidationSelector,test,2025-10-27,8.835670217717983,8.566530116949194
TimeWeightedValidationSelector,test,2025-10-28,8.837955548220213,8.566920456774962
TimeWeightedValidationSelector,test,2025-10-29,8.83791196901548,8.567310796600731
TimeWeightedValidationSelector,test,2025-10-30,8.827957777590944,8.5677011364265
TimeWeightedValidationSelector,test,2025-10-31,8.830572278508829,8.568091476252269
TimeWeightedValidationSelector,test,2025-11-03,8.832291512505746,8.568481816078037
TimeWeightedValidationSelector,test,2025-11-04,8.820485262113419,8.568872155903806
TimeWeightedValidationSelector,test,2025-11-05,8.824132159789107,8.569262495729575
TimeWeightedValidationSelector,test,2025-11-06,8.812891025274384,8.569652835555344
TimeWeightedValidationSelector,test,2025-11-07,8.814152071621878,8.570043175381112
TimeWeightedValidationSelector,test,2025-11-10,8.82943569832538,8.570433515206881
TimeWeightedValidationSelector,test,2025-11-11,8.831508898277772,8.57082385503265
TimeWeightedValidationSelector,test,2025-11-12,8.832138217403717,8.571214194858419
TimeWeightedValidationSelector,test,2025-11-13,8.815442765772788,8.571604534684187
TimeWeightedValidationSelector,test,2025-11-14,8.814940914301516,8.571994874509956
TimeWeightedValidationSelector,test,2025-11-17,8.805736416407212,8.572385214335725
TimeWeightedValidationSelector,test,2025-11-18,8.797445706563042,8.572775554161494
TimeWeightedValidationSelector,test,2025-11-19,8.801192514300308,8.573165893987262
TimeWeightedValidationSelector,test,2025-11-20,8.785502788183992,8.573556233813031
TimeWeightedValidationSelector,test,2025-11-21,8.795277891225584,8.5739465736388
TimeWeightedValidationSelector,test,2025-11-24,8.810626710124666,8.574336913464569
TimeWeightedValidationSelector,test,2025-11-25,8.819647596125499,8.574727253290337
TimeWeightedValidationSelector,test,2025-11-26,8.826530565561649,8.575117593116106
TimeWeightedValidationSelector,test,2025-11-28,8.831871052902786,8.575507932941875
TimeWeightedValidationSelector,test,2025-12-01,8.82653350415673,8.575898272767644
TimeWeightedValidationSelector,test,2025-12-02,8.828987725352667,8.576288612593412
TimeWeightedValidationSelector,test,2025-12-03,8.831963085873753,8.576678952419181
TimeWeightedValidationSelector,test,2025-12-04,8.833042824585727,8.57706929224495
TimeWeightedValidationSelector,test,2025-12-05,8.834977593470406,8.577459632070719
TimeWeightedValidationSelector,test,2025-12-08,8.831494278138758,8.577849971896487
TimeWeightedValidationSelector,test,2025-12-09,8.830617534977744,8.578240311722256
TimeWeightedValidationSelector,test,2025-12-10,8.837344415636885,8.578630651548025
TimeWeightedValidationSelector,test,2025-12-11,8.839421607620602,8.579020991373794
TimeWeightedValidationSelector,test,2025-12-12,8.828700694162047,8.579411331199562
TimeWeightedValidationSelector,test,2025-12-15,8.82710285527021,8.579801671025331
TimeWeightedValidationSelector,test,2025-12-16,8.82471609126177,8.5801920108511
TimeWeightedValidationSelector,test,2025-12-17,8.8130562346504,8.580582350676869
TimeWeightedValidationSelector,test,2025-12-18,8.820959186170878,8.580972690502637
TimeWeightedValidationSelector,test,2025-12-19,8.829738593592708,8.581363030328406
TimeWeightedValidationSelector,test,2025-12-22,8.836154464168269,8.581753370154175
TimeWeightedValidationSelector,test,2025-12-23,8.840694531215059,8.582143709979944
TimeWeightedValidationSelector,test,2025-12-24,8.84391083555976,8.582534049805712
TimeWeightedValidationSelector,test,2025-12-26,8.84360642568265,8.582924389631481
TimeWeightedValidationSelector,test,2025-12-29,8.840108262758713,8.58331472945725
TimeWeightedValidationSelector,test,2025-12-30,8.838731648508059,8.583705069283019
TimeWeightedValidationSelector,test,2025-12-31,8.83134678107381,8.584095409108787
TimeWeightedValidationSelector,test,2026-01-02,8.833239695099927,8.584485748934556
TimeWeightedValidationSelector,test,2026-01-05,8.839573719610978,8.584876088760325
TimeWeightedValidationSelector,test,2026-01-06,8.84575131161487,8.585266428586094
TimeWeightedValidationSelector,test,2026-01-07,8.842305458043862,8.585656768411862
TimeWeightedValidationSelector,test,2026-01-08,8.842382003373285,8.586047108237631
TimeWeightedValidationSelector,test,2026-01-09,8.848836614511605,8.5864374480634
TimeWeightedValidationSelector,test,2026-01-12,8.850413004570786,8.586827787889169
TimeWeightedValidationSelector,test,2026-01-13,8.848471998982578,8.587218127714937
TimeWeightedValidationSelector,test,2026-01-14,8.843124365398443,8.587608467540706
TimeWeightedValidationSelector,test,2026-01-15,8.845700969318887,8.587998807366475
TimeWeightedValidationSelector,test,2026-01-16,8.845058460650437,8.588389147192244
TimeWeightedValidationSelector,test,2026-01-20,8.824215999697175,8.588779487018012
TimeWeightedValidationSelector,test,2026-01-21,8.835737117330735,8.589169826843781
TimeWeightedValidationSelector,test,2026-01-22,8.841209618038638,8.58956016666955
TimeWeightedValidationSelector,test,2026-01-23,8.84153643446612,8.589950506495319
TimeWeightedValidationSelector,test,2026-01-26,8.84653002872628,8.590340846321087
TimeWeightedValidationSelector,test,2026-01-27,8.85060361656672,8.590731186146856
TimeWeightedValidationSelector,test,2026-01-28,8.85052189017502,8.591121525972625
TimeWeightedValidationSelector,test,2026-01-29,8.849228422732558,8.591511865798394
TimeWeightedValidationSelector,test,2026-01-30,8.8449172433181,8.591902205624162
TimeWeightedValidationSelector,test,2026-02-02,8.850294028595464,8.592292545449931
TimeWeightedValidationSelector,test,2026-02-03,8.8418545330048,8.5926828852757
TimeWeightedValidationSelector,test,2026-02-04,8.836769232849786,8.593073225101469
TimeWeightedValidationSelector,test,2026-02-05,8.824442554995954,8.593463564927237
TimeWeightedValidationSelector,test,2026-02-06,8.843946899278155,8.593853904753006
TimeWeightedValidationSelector,test,2026-02-09,8.848627017138277,8.594244244578775
TimeWeightedValidationSelector,test,2026-02-10,8.845317834853768,8.594634584404544
TimeWeightedValidationSelector,test,2026-02-11,8.845268877583818,8.595024924230312
TimeWeightedValidationSelector,test,2026-02-12,8.8294839361977,8.595415264056081
TimeWeightedValidationSelector,test,2026-02-13,8.829982900842147,8.59580560388185
TimeWeightedValidationSelector,test,2026-02-17,8.831013691472803,8.596195943707619
TimeWeightedValidationSelector,test,2026-02-18,8.836564328293939,8.596586283533387
TimeWeightedValidationSelector,test,2026-02-19,8.833738212902404,8.596976623359156
TimeWeightedValidationSelector,test,2026-02-20,8.840653968604578,8.597366963184925
TimeWeightedValidationSelector,test,2026-02-23,8.830214009133122,8.597757303010694
TimeWeightedValidationSelector,test,2026-02-24,8.837836498095506,8.598147642836462
TimeWeightedValidationSelector,test,2026-02-25,8.845939932065635,8.598537982662231
TimeWeightedValidationSelector,test,2026-02-26,8.840559905070068,8.598928322488
TimeWeightedValidationSelector,test,2026-02-27,8.836211109942031,8.599318662313769
TimeWeightedValidationSelector,test,2026-03-02,8.836609385355166,8.599709002139537
TimeWeightedValidationSelector,test,2026-03-03,8.827120476623854,8.600099341965306
TimeWeightedValidationSelector,test,2026-03-04,8.834846602364003,8.600489681791075
TimeWeightedValidationSelector,test,2026-03-05,8.8291838945913,8.600880021616844
TimeWeightedValidationSelector,test,2026-03-06,8.815818174158803,8.601270361442612
TimeWeightedValidationSelector,test,2026-03-09,8.824088045824192,8.601660701268381
TimeWeightedValidationSelector,test,2026-03-10,8.821950643318305,8.60205104109415
TimeWeightedValidationSelector,test,2026-03-11,8.821112691132669,8.602441380919919
TimeWeightedValidationSelector,test,2026-03-12,8.805767882943176,8.602831720745687
TimeWeightedValidationSelector,test,2026-03-13,8.799690336544673,8.603222060571456
TimeWeightedValidationSelector,test,2026-03-16,8.809770246291492,8.603612400397225
TimeWeightedValidationSelector,test,2026-03-17,8.812261395676446,8.604002740222993
TimeWeightedValidationSelector,test,2026-03-18,8.798560396292714,8.604393080048762
TimeWeightedValidationSelector,test,2026-03-19,8.795807813668816,8.604783419874531
TimeWeightedValidationSelector,test,2026-03-20,8.780553879361046,8.6051737597003
TimeWeightedValidationSelector,test,2026-03-23,8.791941988456118,8.605564099526068
TimeWeightedValidationSelector,test,2026-03-24,8.788192392996798,8.605954439351837
TimeWeightedValidationSelector,test,2026-03-25,8.793596886756747,8.606344779177606
TimeWeightedValidationSelector,test,2026-03-26,8.776037445795538,8.606735119003375
TimeWeightedValidationSelector,test,2026-03-27,8.759174213849487,8.607125458829143
TimeWeightedValidationSelector,test,2026-03-30,8.75522066001613,8.607515798654912
TimeWeightedValidationSelector,test,2026-03-31,8.78393555332593,8.607906138480681
TimeWeightedValidationSelector,test,2026-04-01,8.79107849832969,8.60829647830645
TimeWeightedValidationSelector,test,2026-04-02,8.792198746465926,8.608686818132218
TimeWeightedValidationSelector,test,2026-04-06,8.79661575959753,8.609077157957987
TimeWeightedValidationSelector,test,2026-04-07,8.797374719630659,8.609467497783756
TimeWeightedValidationSelector,test,2026-04-08,8.822146757987843,8.609857837609525
TimeWeightedValidationSelector,test,2026-04-09,8.828297824857357,8.610248177435293
TimeWeightedValidationSelector,test,2026-04-10,8.827158655158216,8.610638517261062
TimeWeightedValidationSelector,test,2026-04-13,8.837280530651958,8.611028857086831
TimeWeightedValidationSelector,test,2026-04-14,8.848994519568102,8.6114191969126
TimeWeightedValidationSelector,test,2026-04-15,8.856938664479667,8.611809536738368
TimeWeightedValidationSelector,test,2026-04-16,8.859545220294953,8.612199876564137
TimeWeightedValidationSelector,test,2026-04-17,8.87151377422369,8.612590216389906
TimeWeightedValidationSelector,test,2026-04-20,8.869136578313439,8.612980556215675
TimeWeightedValidationSelector,test,2026-04-21,8.862768124732586,8.613370896041443
TimeWeightedValidationSelector,test,2026-04-22,8.873173880744122,8.613761235867212
TimeWeightedValidationSelector,test,2026-04-23,8.869032448573183,8.614151575692981
TimeWeightedValidationSelector,test,2026-04-24,8.876974516490815,8.61454191551875
TimeWeightedValidationSelector,test,2026-04-27,8.878206134491366,8.614932255344518
TimeWeightedValidationSelector,test,2026-04-28,8.87329994662257,8.615322595170287
TimeWeightedValidationSelector,test,2026-04-29,8.872900694879057,8.615712934996056
TimeWeightedValidationSelector,test,2026-04-30,8.883086879047163,8.616103274821825
TimeWeightedValidationSelector,test,2026-05-01,8.886010928733684,8.616493614647593
TimeWeightedValidationSelector,test,2026-05-04,8.881940466245842,8.616883954473362
TimeWeightedValidationSelector,test,2026-05-05,8.890027693626418,8.617274294299131
TimeWeightedValidationSelector,test,2026-05-06,8.904510637954164,8.6176646341249
TimeWeightedValidationSelector,test,2026-05-07,8.900700292471486,8.618054973950668
TimeWeightedValidationSelector,test,2026-05-08,8.909090697900519,8.618445313776437
TimeWeightedValidationSelector,test,2026-05-11,8.910968889641193,8.618835653602206
TimeWeightedValidationSelector,test,2026-05-12,8.909364995229785,8.619225993427975
TimeWeightedValidationSelector,test,2026-05-13,8.91519720129278,8.619616333253743
TimeWeightedValidationSelector,test,2026-05-14,8.92282365043652,8.620006673079512
TimeWeightedValidationSelector,test,2026-05-15,8.91038326864879,8.620397012905281
TimeWeightedValidationSelector,test,2026-05-18,8.909647330056224,8.62078735273105
TimeWeightedValidationSelector,test,2026-05-19,8.902946609499553,8.621177692556818
TimeWeightedValidationSelector,test,2026-05-20,8.91368081756588,8.621568032382587
TimeWeightedValidationSelector,test,2026-05-21,8.915394678497545,8.621958372208356
TimeWeightedValidationSelector,test,2026-05-22,8.919114723781886,8.622348712034125
TimeWeightedValidationSelector,test,2026-05-26,8.925204404405033,8.622739051859893
TimeWeightedValidationSelector,test,2026-05-27,8.925369269958653,8.623129391685662
TimeWeightedValidationSelector,test,2026-05-28,8.93110649717087,8.623519731511431
TimeWeightedValidationSelector,test,2026-05-29,8.933276401902356,8.6239100713372
TimeWeightedValidationSelector,test,2026-06-01,8.935898257962847,8.624300411162968
TimeWeightedValidationSelector,test,2026-06-02,8.937189512875436,8.624690750988737
HPTrend,validation,2019-11-04,8.032123036194836,8.024255481984996
HPTrend,validation,2019-11-05,8.030936633483016,8.026302460095627
HPTrend,validation,2019-11-06,8.031638884075305,8.028349438206257
HPTrend,validation,2019-11-07,8.034365259319586,8.030396416316888
HPTrend,validation,2019-11-08,8.036922662464702,8.032443394427519
HPTrend,validation,2019-11-11,8.034958267051364,8.03449037253815
HPTrend,validation,2019-11-12,8.036521690352627,8.03653735064878
HPTrend,validation,2019-11-13,8.037232971922744,8.038584328759411
HPTrend,validation,2019-11-14,8.0380696645372,8.040631306870042
HPTrend,validation,2019-11-15,8.045735693315173,8.042678284980672
HPTrend,validation,2019-11-18,8.046238719637984,8.044725263091303
HPTrend,validation,2019-11-19,8.04564594953829,8.046772241201934
HPTrend,validation,2019-11-20,8.04188269311735,8.048819219312564
HPTrend,validation,2019-11-21,8.04029868703116,8.050866197423195
HPTrend,validation,2019-11-22,8.042471260973537,8.052913175533826
HPTrend,validation,2019-11-25,8.049950512861004,8.054960153644457
HPTrend,validation,2019-11-26,8.052143676505944,8.057007131755087
HPTrend,validation,2019-11-27,8.056309412131244,8.059054109865718
HPTrend,validation,2019-11-29,8.052290125901255,8.061101087976349
HPTrend,validation,2019-12-02,8.04362164220729,8.06314806608698
HPTrend,validation,2019-12-03,8.036961416949246,8.06519504419761
HPTrend,validation,2019-12-04,8.043265074558017,8.06724202230824
HPTrend,validation,2019-12-05,8.044764201484647,8.069289000418872
HPTrend,validation,2019-12-06,8.053858447515072,8.071335978529502
HPTrend,validation,2019-12-09,8.050690613830596,8.073382956640133
HPTrend,validation,2019-12-10,8.049593077661614,8.075429934750764
HPTrend,validation,2019-12-11,8.052497015190964,8.077476912861394
HPTrend,validation,2019-12-12,8.06103568256652,8.079523890972025
HPTrend,validation,2019-12-13,8.061108261716734,8.081570869082656
HPTrend,validation,2019-12-16,8.068230622659277,8.083617847193286
HPTrend,validation,2019-12-17,8.068565858687737,8.085664825303917
HPTrend,validation,2019-12-18,8.068133465047215,8.087711803414548
HPTrend,validation,2019-12-19,8.07258284386908,8.089758781525179
HPTrend,validation,2019-12-20,8.077515439673414,8.09180575963581
HPTrend,validation,2019-12-23,8.078381208387713,8.09385273774644
HPTrend,validation,2019-12-24,8.078185741085244,8.09589971585707
HPTrend,validation,2019-12-26,8.083300803495298,8.097946693967701
HPTrend,validation,2019-12-27,8.083334787634955,8.099993672078332
HPTrend,validation,2019-12-30,8.077537191555606,8.102040650188963
HPTrend,validation,2019-12-31,8.080478882199797,8.104087628299594
HPTrend,validation,2020-01-02,8.088822777562113,8.106134606410224
HPTrend,validation,2020-01-03,8.081737868197159,8.108181584520855
HPTrend,validation,2020-01-06,8.085265013391432,8.110228562631486
HPTrend,validation,2020-01-07,8.082457838306837,8.112275540742116
HPTrend,validation,2020-01-08,8.087348311792478,8.114322518852747
HPTrend,validation,2020-01-09,8.093981525909385,8.116369496963378
HPTrend,validation,2020-01-10,8.091122263421878,8.118416475074008
HPTrend,validation,2020-01-13,8.098074257467813,8.12046345318464
HPTrend,validation,2020-01-14,8.096558576630917,8.12251043129527
HPTrend,validation,2020-01-15,8.098427026874605,8.1245574094059
HPTrend,validation,2020-01-16,8.106758774296837,8.126604387516531
HPTrend,validation,2020-01-17,8.110613497544321,8.128651365627162
HPTrend,validation,2020-01-21,8.107957997174736,8.130698343737793
HPTrend,validation,2020-01-22,8.108247031471418,8.132745321848423
HPTrend,validation,2020-01-23,8.109387357664776,8.134792299959054
HPTrend,validation,2020-01-24,8.100304068238582,8.136839278069685
HPTrend,validation,2020-01-27,8.084448315881739,8.138886256180315
HPTrend,validation,2020-01-28,8.094451699382091,8.140933234290946
HPTrend,validation,2020-01-29,8.093584449238506,8.142980212401577
HPTrend,validation,2020-01-30,8.096713906168716,8.145027190512208
HPTrend,validation,2020-01-31,8.078849462597354,8.147074168622838
HPTrend,validation,2020-02-03,8.086077888358586,8.149121146733469
HPTrend,validation,2020-02-04,8.100947204276093,8.1511681248441
HPTrend,validation,2020-02-05,8.112134982935066,8.15321510295473
HPTrend,validation,2020-02-06,8.115455137992068,8.155262081065361
HPTrend,validation,2020-02-07,8.110039646982608,8.157309059175992
HPTrend,validation,2020-02-10,8.117339337103182,8.159356037286623
HPTrend,validation,2020-02-11,8.119026385789185,8.161403015397253
HPTrend,validation,2020-02-12,8.125468238894388,8.163449993507884
HPTrend,validation,2020-02-13,8.123836462534399,8.165496971618515
HPTrend,validation,2020-02-14,8.125678298632884,8.167543949729145
HPTrend,validation,2020-02-18,8.122754084646736,8.169590927839776
HPTrend,validation,2020-02-19,8.127448832931021,8.171637905950407
HPTrend,validation,2020-02-20,8.123626015503024,8.173684884061037
HPTrend,validation,2020-02-21,8.113052206270204,8.175731862171668
HPTrend,validation,2020-02-24,8.078964126849764,8.177778840282299
HPTrend,validation,2020-02-25,8.04821622247441,8.17982581839293
HPTrend,validation,2020-02-26,8.044430525150881,8.18187279650356
HPTrend,validation,2020-02-27,7.999262388798619,8.183919774614191
HPTrend,validation,2020-02-28,7.990989925688966,8.185966752724822
HPTrend,validation,2020-03-02,8.03600079445838,8.188013730835452
HPTrend,validation,2020-03-03,8.007490309535465,8.190060708946083
HPTrend,validation,2020-03-04,8.048826658896099,8.192107687056714
HPTrend,validation,2020-03-05,8.014315876456116,8.194154665167344
HPTrend,validation,2020-03-06,7.997114932803731,8.196201643277975
HPTrend,validation,2020-03-09,7.918104519863359,8.198248621388606
HPTrend,validation,2020-03-10,7.966319572289218,8.200295599499237
HPTrend,validation,2020-03-11,7.916216679480613,8.202342577609867
HPTrend,validation,2020-03-12,7.81627182707814,8.204389555720498
HPTrend,validation,2020-03-13,7.905080234027375,8.206436533831129
HPTrend,validation,2020-03-16,7.777428036554558,8.20848351194176
HPTrend,validation,2020-03-17,7.83565434919025,8.21053049005239
HPTrend,validation,2020-03-18,7.78243207685817,8.21257746816302
HPTrend,validation,2020-03-19,7.787128837828571,8.214624446273652
HPTrend,validation,2020-03-20,7.742801213775204,8.216671424384282
HPTrend,validation,2020-03-23,7.713069712765627,8.218718402494913
HPTrend,validation,2020-03-24,7.80275294528359,8.220765380605544
HPTrend,validation,2020-03-25,7.8142219357044125,8.222812358716174
HPTrend,validation,2020-03-26,7.874765766778659,8.224859336826805
HPTrend,validation,2020-03-27,7.840497921237032,8.226906314937436
HPTrend,validation,2020-03-30,7.873464511807008,8.228953293048066
HPTrend,validation,2020-03-31,7.857322201018592,8.231000271158697
HPTrend,validation,2020-04-01,7.812175838285805,8.233047249269328
HPTrend,validation,2020-04-02,7.834748495342765,8.235094227379959
HPTrend,validation,2020-04-03,7.81949563451682,8.23714120549059
HPTrend,validation,2020-04-06,7.887463878661651,8.23918818360122
HPTrend,validation,2020-04-07,7.885859539613288,8.24123516171185
HPTrend,validation,2020-04-08,7.919348910804573,8.243282139822481
HPTrend,validation,2020-04-09,7.933732381108273,8.245329117933112
HPTrend,validation,2020-04-13,7.923576321663596,8.247376096043743
HPTrend,validation,2020-04-14,7.953690881235903,8.249423074154373
HPTrend,validation,2020-04-15,7.931414148563534,8.251470052265004
HPTrend,validation,2020-04-16,7.9372139864030755,8.253517030375635
HPTrend,validation,2020-04-17,7.963654918424396,8.255564008486266
HPTrend,validation,2020-04-20,7.945612072809048,8.257610986596896
HPTrend,validation,2020-04-21,7.914456957572717,8.259657964707527
HPTrend,validation,2020-04-22,7.937128258154854,8.261704942818158
HPTrend,validation,2020-04-23,7.936588690494658,8.263751920928788
HPTrend,validation,2020-04-24,7.950410781061498,8.26579889903942
HPTrend,validation,2020-04-27,7.965017649243234,8.26784587715005
HPTrend,validation,2020-04-28,7.95976147905275,8.26989285526068
HPTrend,validation,2020-04-29,7.985998183097823,8.271939833371311
HPTrend,validation,2020-04-30,7.976743039778769,8.273986811481942
HPTrend,validation,2020-05-01,7.948282828763992,8.276033789592573
HPTrend,validation,2020-05-04,7.952523651342842,8.278080767703203
HPTrend,validation,2020-05-05,7.961523586540622,8.280127745813834
HPTrend,validation,2020-05-06,7.954519706141579,8.282174723924465
HPTrend,validation,2020-05-07,7.96595866189647,8.284221702035095
HPTrend,validation,2020-05-08,7.982689456961696,8.286268680145726
HPTrend,validation,2020-05-11,7.982822526328487,8.288315658256357
HPTrend,validation,2020-05-12,7.962109160556439,8.290362636366988
HPTrend,validation,2020-05-13,7.944492163932159,8.292409614477618
HPTrend,validation,2020-05-14,7.955951081736231,8.294456592588249
HPTrend,validation,2020-05-15,7.959869756939954,8.29650357069888
HPTrend,validation,2020-05-18,7.990884965710027,8.29855054880951
HPTrend,validation,2020-05-19,7.980345217998428,8.300597526920141
HPTrend,validation,2020-05-20,7.996859208611843,8.302644505030772
HPTrend,validation,2020-05-21,7.98905524030189,8.304691483141402
HPTrend,validation,2020-05-22,7.991406185988702,8.306738461252033
HPTrend,validation,2020-05-26,8.003620471010162,8.308785439362664
HPTrend,validation,2020-05-27,8.018338918500477,8.310832417473295
HPTrend,validation,2020-05-28,8.016228779175558,8.312879395583925
HPTrend,validation,2020-05-29,8.021029572727866,8.314926373694556
HPTrend,validation,2020-06-01,8.024773789206229,8.316973351805187
HPTrend,validation,2020-06-02,8.03295109648863,8.319020329915817
HPTrend,validation,2020-06-03,8.046507767301192,8.321067308026448
HPTrend,validation,2020-06-04,8.043133378217583,8.323114286137079
HPTrend,validation,2020-06-05,8.06900739103922,8.32516126424771
HPTrend,validation,2020-06-08,8.080977047445025,8.32720824235834
HPTrend,validation,2020-06-09,8.073147304025303,8.329255220468971
HPTrend,validation,2020-06-10,8.067820048290121,8.331302198579602
HPTrend,validation,2020-06-11,8.007067355293833,8.333349176690232
HPTrend,validation,2020-06-12,8.020043641899044,8.335396154800863
HPTrend,validation,2020-06-15,8.028321502717219,8.337443132911494
HPTrend,validation,2020-06-16,8.04710635558393,8.339490111022124
HPTrend,validation,2020-06-17,8.0434995593513,8.341537089132755
HPTrend,validation,2020-06-18,8.044093602755103,8.343584067243386
HPTrend,validation,2020-06-19,8.038428089189429,8.345631045354017
HPTrend,validation,2020-06-22,8.044902182486087,8.347678023464647
HPTrend,validation,2020-06-23,8.049200351677571,8.349725001575278
HPTrend,validation,2020-06-24,8.023005086081909,8.351771979685909
HPTrend,validation,2020-06-25,8.033904913810126,8.35381895779654
HPTrend,validation,2020-06-26,8.009379709535295,8.35586593590717
HPTrend,validation,2020-06-29,8.023958597648829,8.3579129140178
HPTrend,validation,2020-06-30,8.039250947084584,8.359959892128431
HPTrend,validation,2020-07-01,8.044260511060456,8.362006870239062
HPTrend,validation,2020-07-02,8.048791481537272,8.364053848349693
HPTrend,validation,2020-07-06,8.064548412369435,8.366100826460324
HPTrend,validation,2020-07-07,8.053670934499792,8.368147804570954
HPTrend,validation,2020-07-08,8.061467920763222,8.370194782681585
HPTrend,validation,2020-07-09,8.055808329287027,8.372241760792216
HPTrend,validation,2020-07-10,8.066220139061471,8.374288738902846
HPTrend,validation,2020-07-13,8.056813493845413,8.376335717013477
HPTrend,validation,2020-07-14,8.070130794428316,8.378382695124108
HPTrend,validation,2020-07-15,8.07917185136467,8.380429673234739
HPTrend,validation,2020-07-16,8.075759936150556,8.38247665134537
HPTrend,validation,2020-07-17,8.07860449873814,8.384523629456
HPTrend,validation,2020-07-20,8.08697629599328,8.38657060756663
HPTrend,validation,2020-07-21,8.08865392532784,8.388617585677261
HPTrend,validation,2020-07-22,8.094384555922312,8.390664563787892
HPTrend,validation,2020-07-23,8.081988177510066,8.392711541898523
HPTrend,validation,2020-07-24,8.07577853748579,8.394758520009153
HPTrend,validation,2020-07-27,8.083146466307273,8.396805498119784
HPTrend,validation,2020-07-28,8.076652030888626,8.398852476230415
HPTrend,validation,2020-07-29,8.08900381424037,8.400899454341046
HPTrend,validation,2020-07-30,8.085246512476914,8.402946432451676
HPTrend,validation,2020-07-31,8.09288774871909,8.404993410562307
HPTrend,validation,2020-08-03,8.10004311138345,8.407040388672938
HPTrend,validation,2020-08-04,8.103648534409583,8.409087366783568
HPTrend,validation,2020-08-05,8.1100576948451,8.411134344894199
HPTrend,validation,2020-08-06,8.116464820865765,8.41318132300483
HPTrend,validation,2020-08-07,8.117097650135722,8.41522830111546
HPTrend,validation,2020-08-10,8.119836115409115,8.417275279226091
HPTrend,validation,2020-08-11,8.111835060007737,8.419322257336722
HPTrend,validation,2020-08-12,8.12573456230135,8.421369235447353
HPTrend,validation,2020-08-13,8.123685289625193,8.423416213557983
HPTrend,validation,2020-08-14,8.123513392228915,8.425463191668614
HPTrend,validation,2020-08-17,8.126219569736339,8.427510169779245
HPTrend,validation,2020-08-18,8.128520310156155,8.429557147889875
HPTrend,validation,2020-08-19,8.124106186810973,8.431604126000506
HPTrend,validation,2020-08-20,8.127259841579319,8.433651104111137
HPTrend,validation,2020-08-21,8.130695041562293,8.435698082221768
HPTrend,validation,2020-08-24,8.140688656927194,8.437745060332398
HPTrend,validation,2020-08-25,8.144278556672734,8.439792038443029
HPTrend,validation,2020-08-26,8.154422558017577,8.44183901655366
HPTrend,validation,2020-08-27,8.156094204049387,8.44388599466429
HPTrend,validation,2020-08-28,8.162804206898956,8.445932972774921
HPTrend,validation,2020-08-31,8.160606831723447,8.447979950885552
HPTrend,validation,2020-09-01,8.168103663144153,8.450026928996182
HPTrend,validation,2020-09-02,8.183352713288023,8.452073907106813
HPTrend,validation,2020-09-03,8.147595119145837,8.454120885217444
HPTrend,validation,2020-09-04,8.139428838391563,8.456167863328075
HPTrend,validation,2020-09-08,8.111280009305096,8.458214841438705
HPTrend,validation,2020-09-09,8.131224769967277,8.460261819549336
HPTrend,validation,2020-09-10,8.11348352404188,8.462308797659967
HPTrend,validation,2020-09-11,8.114016454199968,8.464355775770597
HPTrend,validation,2020-09-14,8.126677789224992,8.466402753881228
HPTrend,validation,2020-09-15,8.131883575155491,8.468449731991859
HPTrend,validation,2020-09-16,8.12725392826334,8.47049671010249
HPTrend,validation,2020-09-17,8.118805978734787,8.47254368821312
HPTrend,validation,2020-09-18,8.107560401786959,8.474590666323751
HPTrend,validation,2020-09-21,8.09592183775966,8.476637644434382
HPTrend,validation,2020-09-22,8.106384854158037,8.478684622545012
HPTrend,validation,2020-09-23,8.082377515243662,8.480731600655643
HPTrend,validation,2020-09-24,8.085360520798291,8.482778578766274
HPTrend,validation,2020-09-25,8.10121096002248,8.484825556876904
HPTrend,validation,2020-09-28,8.117193151876334,8.486872534987535
HPTrend,validation,2020-09-29,8.11236886917189,8.488919513098166
HPTrend,validation,2020-09-30,8.12058871174027,8.490966491208797
HPTrend,validation,2020-10-01,8.125867661304564,8.493013469319427
HPTrend,validation,2020-10-02,8.116243848438193,8.495060447430058
HPTrend,validation,2020-10-05,8.134056957441095,8.497107425540689
HPTrend,validation,2020-10-06,8.119984893053571,8.49915440365132
HPTrend,validation,2020-10-07,8.137232056823812,8.50120138176195
HPTrend,validation,2020-10-08,8.145210269718682,8.50324835987258
HPTrend,validation,2020-10-09,8.153965364899435,8.505295337983211
HPTrend,validation,2020-10-12,8.17024789505776,8.507342316093842
HPTrend,validation,2020-10-13,8.163921003428596,8.509389294204473
HPTrend,validation,2020-10-14,8.157275831344537,8.511436272315104
HPTrend,validation,2020-10-15,8.155746907830324,8.513483250425734
HPTrend,validation,2020-10-16,8.155881818286954,8.515530228536365
HPTrend,validation,2020-10-19,8.139417154772012,8.517577206646996
HPTrend,validation,2020-10-20,8.144133350092012,8.519624184757626
HPTrend,validation,2020-10-21,8.141935236080442,8.521671162868257
HPTrend,validation,2020-10-22,8.147140590083934,8.523718140978888
HPTrend,validation,2020-10-23,8.150580428404323,8.525765119089519
HPTrend,validation,2020-10-26,8.131815955419002,8.52781209720015
HPTrend,validation,2020-10-27,8.128785750068555,8.52985907531078
HPTrend,validation,2020-10-28,8.092860207959978,8.53190605342141
HPTrend,validation,2020-10-29,8.104736732899976,8.533953031532041
HPTrend,validation,2020-10-30,8.092533019454715,8.536000009642672
HPTrend,validation,2020-11-02,8.104775970345306,8.538046987753303
HPTrend,validation,2020-11-03,8.122418708029384,8.540093965863933
HPTrend,validation,2020-11-04,8.144226233684476,8.542140943974564
HPTrend,validation,2020-11-05,8.163499499461178,8.544187922085195
HPTrend,validation,2020-11-06,8.163211742875804,8.546234900195826
HPTrend,validation,2020-11-09,8.174843717622148,8.548281878306456
HPTrend,validation,2020-11-10,8.17344294240128,8.550328856417087
HPTrend,validation,2020-11-11,8.181065670764273,8.552375834527718
HPTrend,validation,2020-11-12,8.171037019217202,8.554422812638348
HPTrend,validation,2020-11-13,8.184555565923496,8.556469790748979
HPTrend,validation,2020-11-16,8.196136300846328,8.55851676885961
HPTrend,validation,2020-11-17,8.191332857061681,8.56056374697024
HPTrend,validation,2020-11-18,8.1797016464142,8.562610725080871
HPTrend,validation,2020-11-19,8.183640322104933,8.564657703191502
HPTrend,validation,2020-11-20,8.176824584732014,8.566704681302133
HPTrend,validation,2020-11-23,8.182444692913863,8.568751659412763
HPTrend,validation,2020-11-24,8.198477151727896,8.570798637523394
HPTrend,validation,2020-11-25,8.196891476972386,8.572845615634025
HPTrend,validation,2020-11-27,8.199285587998288,8.574892593744655
HPTrend,validation,2020-11-30,8.194679447361315,8.576939571855286
HPTrend,validation,2020-12-01,8.20588758802291,8.578986549965917
HPTrend,validation,2020-12-02,8.207677152551513,8.581033528076548
HPTrend,validation,2020-12-03,8.207052800471219,8.583080506187178
HPTrend,validation,2020-12-04,8.215850264186406,8.585127484297809
HPTrend,validation,2020-12-07,8.213912750747442,8.58717446240844
HPTrend,validation,2020-12-08,8.216696021917613,8.58922144051907
HPTrend,validation,2020-12-09,8.20871505696914,8.591268418629701
HPTrend,validation,2020-12-10,8.207429122441368,8.593315396740332
HPTrend,validation,2020-12-11,8.206163324357137,8.595362374850962
HPTrend,validation,2020-12-14,8.20179453611199,8.597409352961593
HPTrend,validation,2020-12-15,8.214633018134208,8.599456331072224
HPTrend,validation,2020-12-16,8.216404243754532,8.601503309182855
HPTrend,validation,2020-12-17,8.222145386563515,8.603550287293485
HPTrend,validation,2020-12-18,8.218628089611366,8.605597265404116
HPTrend,validation,2020-12-21,8.214714161124457,8.607644243514747
HPTrend,validation,2020-12-22,8.212638916432686,8.609691221625377
HPTrend,validation,2020-12-23,8.213384449704504,8.611738199736008
HPTrend,validation,2020-12-24,8.216914799683991,8.613785177846639
HPTrend,validation,2020-12-28,8.225599507222404,8.61583215595727
HPTrend,validation,2020-12-29,8.223369642395124,8.6178791340679
HPTrend,validation,2020-12-30,8.224710290490204,8.61992611217853
HPTrend,validation,2020-12-31,8.231128495201908,8.621973090289162
HPTrend,validation,2021-01-04,8.216263732489882,8.624020068399792
HPTrend,validation,2021-01-05,8.223321363873243,8.626067046510423
HPTrend,validation,2021-01-06,8.229014967255718,8.628114024621054
HPTrend,validation,2021-01-07,8.24375322736347,8.630161002731684
HPTrend,validation,2021-01-08,8.249230064756986,8.632207980842315
HPTrend,validation,2021-01-11,8.242653737140365,8.634254958952946
HPTrend,validation,2021-01-12,8.243069439170934,8.636301937063577
HPTrend,validation,2021-01-13,8.24534249555766,8.638348915174207
HPTrend,validation,2021-01-14,8.241581982488917,8.640395893284838
HPTrend,validation,2021-01-15,8.234365981690638,8.642442871395469
HPTrend,validation,2021-01-19,8.2424694393264,8.6444898495061
HPTrend,validation,2021-01-20,8.256308856702912,8.64653682761673
HPTrend,validation,2021-01-21,8.256625529864225,8.64858380572736
HPTrend,validation,2021-01-22,8.253610377201287,8.650630783837991
HPTrend,validation,2021-01-25,8.257219694714305,8.652677761948622
HPTrend,validation,2021-01-26,8.255729751553151,8.654724740059253
HPTrend,validation,2021-01-27,8.22971643642705,8.656771718169884
HPTrend,validation,2021-01-28,8.23942973520581,8.658818696280514
HPTrend,validation,2021-01-29,8.219929357551019,8.660865674391145
HPTrend,validation,2021-02-01,8.235853657785697,8.662912652501776
HPTrend,validation,2021-02-02,8.249656186600008,8.664959630612406
HPTrend,validation,2021-02-03,8.250664447215353,8.667006608723037
HPTrend,validation,2021-02-04,8.261459294859275,8.669053586833668
HPTrend,validation,2021-02-05,8.265349214467038,8.671100564944298
HPTrend,validation,2021-02-08,8.272721321943328,8.67314754305493
HPTrend,validation,2021-02-09,8.271607176521606,8.67519452116556
HPTrend,validation,2021-02-10,8.271261931999215,8.67724149927619
HPTrend,validation,2021-02-11,8.272923006813803,8.679288477386821
HPTrend,validation,2021-02-12,8.277622977739965,8.681335455497452
HPTrend,validation,2021-02-16,8.27705354322455,8.683382433608083
HPTrend,validation,2021-02-17,8.276733089875632,8.685429411718713
HPTrend,validation,2021-02-18,8.27230747564839,8.687476389829344
HPTrend,validation,2021-02-19,8.270450856552724,8.689523367939975
HPTrend,validation,2021-02-22,8.262687963659014,8.691570346050606
HPTrend,validation,2021-02-23,8.26394349327054,8.693617324161236
HPTrend,validation,2021-02-24,8.275231160941527,8.695664302271867
HPTrend,validation,2021-02-25,8.250447766517354,8.697711280382498
HPTrend,validation,2021-02-26,8.245686234223555,8.699758258493128
HPTrend,validation,2021-03-01,8.269198407449249,8.701805236603759
HPTrend,validation,2021-03-02,8.26108472870974,8.70385221471439
HPTrend,validation,2021-03-03,8.247932392814938,8.70589919282502
HPTrend,validation,2021-03-04,8.234424354750548,8.707946170935651
HPTrend,validation,2021-03-05,8.253732711089258,8.709993149046282
HPTrend,validation,2021-03-08,8.248359067865232,8.712040127156913
HPTrend,validation,2021-03-09,8.262414468609164,8.714087105267543
HPTrend,validation,2021-03-10,8.268426672380151,8.716134083378174
HPTrend,validation,2021-03-11,8.278768497880808,8.718181061488805
HPTrend,validation,2021-03-12,8.27978338120834,8.720228039599435
HPTrend,validation,2021-03-15,8.286254320747753,8.722275017710066
HPTrend,validation,2021-03-16,8.284683403769156,8.724321995820697
HPTrend,validation,2021-03-17,8.287558648419315,8.726368973931327
HPTrend,validation,2021-03-18,8.272688088353368,8.728415952041958
HPTrend,validation,2021-03-19,8.272085202679614,8.730462930152589
HPTrend,validation,2021-03-22,8.279085759577956,8.73250990826322
HPTrend,validation,2021-03-23,8.271425641458622,8.73455688637385
HPTrend,validation,2021-03-24,8.265943304858274,8.736603864484481
HPTrend,validation,2021-03-25,8.271169888291002,8.738650842595112
HPTrend,validation,2021-03-26,8.287664306949718,8.740697820705742
HPTrend,validation,2021-03-29,8.286795917323332,8.742744798816373
HPTrend,validation,2021-03-30,8.283633087913682,8.744791776927004
HPTrend,validation,2021-03-31,8.287249041506103,8.746838755037635
HPTrend,validation,2021-04-01,8.299004871933777,8.748885733148265
HPTrend,validation,2021-04-05,8.31333985969602,8.750932711258896
HPTrend,validation,2021-04-06,8.312365854755223,8.752979689369527
HPTrend,validation,2021-04-07,8.31384000045333,8.755026667480157
HPTrend,validation,2021-04-08,8.318051751393922,8.757073645590788
HPTrend,validation,2021-04-09,8.32574203952961,8.759120623701419
HPTrend,validation,2021-04-12,8.32554594145487,8.76116760181205
HPTrend,validation,2021-04-13,8.328835013331933,8.76321457992268
HPTrend,validation,2021-04-14,8.324738909011202,8.76526155803331
HPTrend,validation,2021-04-15,8.335772010412322,8.767308536143942
HPTrend,validation,2021-04-16,8.339374333802839,8.769355514254572
HPTrend,validation,2021-04-19,8.334053643909082,8.771402492365203
HPTrend,validation,2021-04-20,8.327228082904004,8.773449470475834
HPTrend,validation,2021-04-21,8.336491103823857,8.775496448586464
HPTrend,validation,2021-04-22,8.327237765963302,8.777543426697095
HPTrend,validation,2021-04-23,8.338107175858834,8.779590404807726
HPTrend,validation,2021-04-26,8.339887860423417,8.781637382918356
HPTrend,validation,2021-04-27,8.339672941441972,8.783684361028987
HPTrend,validation,2021-04-28,8.338827043854575,8.785731339139618
HPTrend,validation,2021-04-29,8.345567085391279,8.787778317250249
HPTrend,validation,2021-04-30,8.338346371974158,8.78982529536088
HPTrend,validation,2021-05-03,8.34109069362367,8.79187227347151
HPTrend,validation,2021-05-04,8.334389956133823,8.79391925158214
HPTrend,validation,2021-05-05,8.335093172580937,8.795966229692771
HPTrend,validation,2021-05-06,8.343225472079569,8.798013207803402
HPTrend,validation,2021-05-07,8.350571763498756,8.800060185914033
HPTrend,validation,2021-05-10,8.340081282995618,8.802107164024664
HPTrend,validation,2021-05-11,8.331369532853836,8.804154142135294
HPTrend,validation,2021-05-12,8.309686750495533,8.806201120245925
HPTrend,validation,2021-05-13,8.321786395073627,8.808248098356556
HPTrend,validation,2021-05-14,8.33659417363725,8.810295076467186
HPTrend,validation,2021-05-17,8.33406091545329,8.812342054577817
HPTrend,validation,2021-05-18,8.325507143069256,8.814389032688448
HPTrend,validation,2021-05-19,8.322559391257878,8.816436010799078
HPTrend,validation,2021-05-20,8.333058820592386,8.81848298890971
HPTrend,validation,2021-05-21,8.332274632517134,8.82052996702034
HPTrend,validation,2021-05-24,8.342137129998349,8.82257694513097
HPTrend,validation,2021-05-25,8.34000958459752,8.824623923241601
HPTrend,validation,2021-05-26,8.341884642148132,8.826670901352232
HPTrend,validation,2021-05-27,8.343049278237995,8.828717879462863
HPTrend,validation,2021-05-28,8.343817864690882,8.830764857573493
HPTrend,validation,2021-06-01,8.343325409932252,8.832811835684124
HPTrend,validation,2021-06-02,8.344771298969153,8.834858813794755
HPTrend,validation,2021-06-03,8.341135995913104,8.836905791905385
HPTrend,validation,2021-06-04,8.34993129929612,8.838952770016016
HPTrend,validation,2021-06-07,8.349134243026699,8.840999748126647
HPTrend,validation,2021-06-08,8.34930925257614,8.843046726237278
HPTrend,validation,2021-06-09,8.347483719985524,8.845093704347908
HPTrend,validation,2021-06-10,8.352125174761987,8.847140682458539
HPTrend,validation,2021-06-11,8.354071713694795,8.84918766056917
HPTrend,validation,2021-06-14,8.355885270079932,8.8512346386798
HPTrend,validation,2021-06-15,8.353871550125655,8.853281616790431
HPTrend,validation,2021-06-16,8.34846684637863,8.855328594901062
HPTrend,validation,2021-06-17,8.348031035834957,8.857375573011693
HPTrend,validation,2021-06-18,8.334819680147673,8.859422551122323
HPTrend,validation,2021-06-21,8.348724843659992,8.861469529232954
HPTrend,validation,2021-06-22,8.353836250038983,8.863516507343585
HPTrend,validation,2021-06-23,8.352752379520334,8.865563485454215
HPTrend,validation,2021-06-24,8.358546809066251,8.867610463564846
HPTrend,validation,2021-06-25,8.361871872230937,8.869657441675477
HPTrend,validation,2021-06-28,8.36418416109141,8.871704419786107
HPTrend,validation,2021-06-29,8.364461458834096,8.873751397896738
HPTrend,validation,2021-06-30,8.365788737257004,8.875798376007369
HPTrend,validation,2021-07-01,8.370996778689259,8.877845354118
HPTrend,validation,2021-07-02,8.37846887458395,8.87989233222863
HPTrend,validation,2021-07-06,8.376444971813928,8.881939310339261
HPTrend,validation,2021-07-07,8.379798318367591,8.883986288449892
HPTrend,validation,2021-07-08,8.371200437358036,8.886033266560522
HPTrend,validation,2021-07-09,8.38241526326045,8.888080244671153
HPTrend,validation,2021-07-12,8.385860495956043,8.890127222781784
HPTrend,validation,2021-07-13,8.382337484774878,8.892174200892415
HPTrend,validation,2021-07-14,8.383501741340346,8.894221179003045
HPTrend,validation,2021-07-15,8.380234167777601,8.896268157113676
HPTrend,validation,2021-07-16,8.372666752770789,8.898315135224307
HPTrend,validation,2021-07-19,8.356669971370804,8.900362113334937
HPTrend,validation,2021-07-20,8.371718777375603,8.902409091445568
HPTrend,validation,2021-07-21,8.379926819037747,8.904456069556199
HPTrend,validation,2021-07-22,8.38194145824699,8.90650304766683
HPTrend,validation,2021-07-23,8.392035790633246,8.90855002577746
HPTrend,validation,2021-07-26,8.394415157555974,8.91059700388809
HPTrend,validation,2021-07-27,8.389691574173797,8.912643981998722
HPTrend,validation,2021-07-28,8.389505294942245,8.914690960109352
HPTrend,validation,2021-07-29,8.393702626787517,8.916737938219983
HPTrend,validation,2021-07-30,8.388281913179256,8.918784916330614
HPTrend,validation,2021-08-02,8.386437407509195,8.920831894441244
HPTrend,validation,2021-08-03,8.394607368848114,8.922878872551875
HPTrend,validation,2021-08-04,8.389964218186817,8.924925850662506
HPTrend,validation,2021-08-05,8.395951704177238,8.926972828773136
HPTrend,validation,2021-08-06,8.397625568725767,8.929019806883767
HPTrend,validation,2021-08-09,8.39668521846081,8.931066784994398
HPTrend,validation,2021-08-10,8.397677405414674,8.933113763105029
HPTrend,validation,2021-08-11,8.39895233613269,8.93516074121566
HPTrend,validation,2021-08-12,8.403090143868168,8.93720771932629
HPTrend,validation,2021-08-13,8.404696160189092,8.93925469743692
HPTrend,validation,2021-08-16,8.407313582451085,8.941301675547551
HPTrend,validation,2021-08-17,8.400227838943948,8.943348653658182
HPTrend,validation,2021-08-18,8.389421186098692,8.945395631768813
HPTrend,validation,2021-08-19,8.39067708935485,8.947442609879444
HPTrend,validation,2021-08-20,8.398785693245593,8.949489587990074
HPTrend,validation,2021-08-23,8.407273361230004,8.951536566100705
HPTrend,validation,2021-08-24,8.408767980031966,8.953583544211336
HPTrend,validation,2021-08-25,8.410985637435218,8.955630522321966
HPTrend,validation,2021-08-26,8.405143687607614,8.957677500432597
HPTrend,validation,2021-08-27,8.413912759148067,8.959724478543228
HPTrend,validation,2021-08-30,8.418210083254941,8.961771456653858
HPTrend,validation,2021-08-31,8.416860056339049,8.96381843476449
HPTrend,validation,2021-09-01,8.4171716964,8.96586541287512
HPTrend,validation,2021-09-02,8.420010302154406,8.96791239098575
HPTrend,validation,2021-09-03,8.419675214893225,8.969959369096381
HPTrend,validation,2021-09-07,8.416273862440903,8.972006347207012
HPTrend,validation,2021-09-08,8.414954425627087,8.974053325317643
HPTrend,validation,2021-09-09,8.410338178477085,8.976100303428273
HPTrend,validation,2021-09-10,8.402585626190808,8.978147281538904
HPTrend,validation,2021-09-13,8.404859526537178,8.980194259649535
HPTrend,validation,2021-09-14,8.39909631257092,8.982241237760165
HPTrend,validation,2021-09-15,8.407534606793,8.984288215870796
HPTrend,validation,2021-09-16,8.405982262080235,8.986335193981427
HPTrend,validation,2021-09-17,8.396829631804437,8.988382172092058
HPTrend,validation,2021-09-20,8.379706554078055,8.990429150202688
HPTrend,validation,2021-09-21,8.378893865419508,8.992476128313319
HPTrend,validation,2021-09-22,8.388368450643727,8.99452310642395
HPTrend,validation,2021-09-23,8.400430131013664,8.99657008453458
HPTrend,validation,2021-09-24,8.401890073825028,8.998617062645211
HPTrend,validation,2021-09-27,8.39910982990484,9.000664040755842
HPTrend,validation,2021-09-28,8.378535512164946,9.002711018866473
HPTrend,validation,2021-09-29,8.38010346650123,9.004757996977103
HPTrend,validation,2021-09-30,8.368122263556215,9.006804975087734
HPTrend,validation,2021-10-01,8.37954821566955,9.008851953198365
HPTrend,validation,2021-10-04,8.366477263620906,9.010898931308995
HPTrend,validation,2021-10-05,8.376946781119507,9.012945909419626
HPTrend,validation,2021-10-06,8.381041180469131,9.014992887530257
HPTrend,validation,2021-10-07,8.389305219694197,9.017039865640887
HPTrend,validation,2021-10-08,8.387389663091776,9.019086843751518
HPTrend,validation,2021-10-11,8.380500221447436,9.021133821862149
HPTrend,validation,2021-10-12,8.378080515760882,9.02318079997278
HPTrend,validation,2021-10-13,8.381098471631113,9.02522777808341
HPTrend,validation,2021-10-14,8.398017633916824,9.027274756194041
HPTrend,validation,2021-10-15,8.405450154554014,9.029321734304672
HPTrend,validation,2021-10-18,8.408819242355818,9.031368712415302
HPTrend,validation,2021-10-19,8.416185385140054,9.033415690525933
HPTrend,validation,2021-10-20,8.419842718738614,9.035462668636564
HPTrend,validation,2021-10-21,8.422834111906974,9.037509646747194
HPTrend,validation,2021-10-22,8.421760982682311,9.039556624857825
HPTrend,validation,2021-10-25,8.426497942123165,9.041603602968456
HPTrend,validation,2021-10-26,8.428316083555409,9.043650581079087
HPTrend,validation,2021-10-27,8.423251713184303,9.045697559189717
HPTrend,validation,2021-10-28,8.433033001608488,9.047744537300348
HPTrend,validation,2021-10-29,8.434980438840205,9.049791515410979
HPTrend,validation,2021-11-01,8.436778897786107,9.05183849352161
HPTrend,validation,2021-11-02,8.440452504906496,9.05388547163224
HPTrend,validation,2021-11-03,8.446892999519385,9.05593244974287
HPTrend,validation,2021-11-04,8.451066221862202,9.057979427853502
HPTrend,validation,2021-11-05,8.454792071907487,9.060026405964132
HPTrend,validation,2021-11-08,8.455679465968188,9.062073384074763
HPTrend,validation,2021-11-09,8.45217455504179,9.064120362185394
HPTrend,validation,2021-11-10,8.443914712877929,9.066167340296024
HPTrend,validation,2021-11-11,8.444465501210917,9.068214318406655
HPTrend,validation,2021-11-12,8.451662198775047,9.070261296517286
HPTrend,validation,2021-11-15,8.45165145889703,9.072308274627916
HPTrend,validation,2021-11-16,8.455509237954157,9.074355252738547
HPTrend,validation,2021-11-17,8.452904222471261,9.076402230849178
HPTrend,validation,2021-11-18,8.456283287211432,9.078449208959809
HPTrend,validation,2021-11-19,8.454883642606445,9.08049618707044
HPTrend,validation,2021-11-22,8.451681384289484,9.08254316518107
HPTrend,validation,2021-11-23,8.453337145672679,9.0845901432917
HPTrend,validation,2021-11-24,8.455628369449347,9.086637121402331
HPTrend,validation,2021-11-26,8.432641358290025,9.088684099512962
HPTrend,validation,2021-11-29,8.445755194372849,9.090731077623593
HPTrend,validation,2021-11-30,8.426611813185,9.092778055734223
HPTrend,validation,2021-12-01,8.414726271727043,9.094825033844854
HPTrend,validation,2021-12-02,8.4288209101231,9.096872011955485
HPTrend,validation,2021-12-03,8.420336454981362,9.098918990066116
HPTrend,validation,2021-12-06,8.431999054291047,9.100965968176746
HPTrend,validation,2021-12-07,8.4524946574773,9.103012946287377
HPTrend,validation,2021-12-08,8.455575193063886,9.105059924398008
HPTrend,validation,2021-12-09,8.448368204831363,9.107106902508638
HPTrend,validation,2021-12-10,8.457871973949572,9.10915388061927
HPTrend,validation,2021-12-13,8.448693815606779,9.1112008587299
HPTrend,validation,2021-12-14,8.441195092752155,9.11324783684053
HPTrend,validation,2021-12-15,8.457411360104047,9.115294814951161
HPTrend,validation,2021-12-16,8.448629496792934,9.117341793061792
HPTrend,validation,2021-12-17,8.43828853220888,9.119388771172423
HPTrend,validation,2021-12-20,8.426835133885623,9.121435749283053
HPTrend,validation,2021-12-21,8.44445688927082,9.123482727393684
HPTrend,validation,2021-12-22,8.454585617299946,9.125529705504315
HPTrend,validation,2021-12-23,8.460790029985198,9.127576683614945
HPTrend,validation,2021-12-27,8.474534081558804,9.129623661725576
HPTrend,validation,2021-12-28,8.473523416159917,9.131670639836207
HPTrend,validation,2021-12-29,8.474924329561775,9.133717617946838
HPTrend,validation,2021-12-30,8.47193009571987,9.135764596057468
HPTrend,validation,2021-12-31,8.469300461346396,9.137811574168099
HPTrend,validation,2022-01-03,8.475654285516784,9.13985855227873
HPTrend,validation,2022-01-04,8.47502446526458,9.14190553038936
HPTrend,validation,2022-01-05,8.45544120096008,9.143952508499991
HPTrend,validation,2022-01-06,8.454476967219898,9.145999486610622
HPTrend,validation,2022-01-07,8.450418526137563,9.148046464721252
HPTrend,validation,2022-01-10,8.448976455600024,9.150093442831883
HPTrend,validation,2022-01-11,8.458094742052422,9.152140420942514
HPTrend,validation,2022-01-12,8.460908534067089,9.154187399053145
HPTrend,validation,2022-01-13,8.44656250483269,9.156234377163775
HPTrend,validation,2022-01-14,8.44738214910228,9.158281355274406
HPTrend,validation,2022-01-18,8.428823043704272,9.160328333385037
HPTrend,validation,2022-01-19,8.419086252762812,9.162375311495667
HPTrend,validation,2022-01-20,8.40798751045848,9.164422289606298
HPTrend,validation,2022-01-21,8.388891515133844,9.166469267716929
HPTrend,validation,2022-01-24,8.391659419892115,9.16851624582756
HPTrend,validation,2022-01-25,8.379412829335248,9.17056322393819
HPTrend,validation,2022-01-26,8.377915072409362,9.172610202048821
HPTrend,validation,2022-01-27,8.372516437209391,9.174657180159452
HPTrend,validation,2022-01-28,8.396572405124127,9.176704158270082
HPTrend,validation,2022-01-31,8.415282231347112,9.178751136380713
HPTrend,validation,2022-02-01,8.42212179169543,9.180798114491344
HPTrend,validation,2022-02-02,8.431500192143753,9.182845092601974
HPTrend,validation,2022-02-03,8.406806720423633,9.184892070712605
HPTrend,validation,2022-02-04,8.411950398863496,9.186939048823236
HPTrend,validation,2022-02-07,8.408241817935668,9.188986026933867
HPTrend,validation,2022-02-08,8.416607931402302,9.191033005044497
HPTrend,validation,2022-02-09,8.431020773481567,9.193079983155128
HPTrend,validation,2022-02-10,8.41273894899651,9.195126961265759
HPTrend,validation,2022-02-11,8.393587266358425,9.19717393937639
HPTrend,validation,2022-02-14,8.389739275602796,9.19922091748702
HPTrend,validation,2022-02-15,8.40538299324886,9.20126789559765
HPTrend,validation,2022-02-16,8.406263812969144,9.203314873708281
HPTrend,validation,2022-02-17,8.384863308832207,9.205361851818912
HPTrend,validation,2022-02-18,8.377671347168341,9.207408829929543
HPTrend,validation,2022-02-22,8.367476611733325,9.209455808040174
HPTrend,validation,2022-02-23,8.348892875984538,9.211502786150804
HPTrend,validation,2022-02-24,8.363738981237262,9.213549764261435
HPTrend,validation,2022-02-25,8.385865061788527,9.215596742372066
HPTrend,validation,2022-02-28,8.3834194703254,9.217643720482696
HPTrend,validation,2022-03-01,8.367825002538789,9.219690698593327
HPTrend,validation,2022-03-02,8.386296049319439,9.221737676703958
HPTrend,validation,2022-03-03,8.381027528575194,9.223784654814589
HPTrend,validation,2022-03-04,8.373061844032192,9.22583163292522
HPTrend,validation,2022-03-07,8.343099257217776,9.22787861103585
HPTrend,validation,2022-03-08,8.335839213242078,9.22992558914648
HPTrend,validation,2022-03-09,8.361212811364219,9.231972567257111
HPTrend,validation,2022-03-10,8.356911761443971,9.234019545367742
HPTrend,validation,2022-03-11,8.343865482510733,9.236066523478373
HPTrend,validation,2022-03-14,8.3364168074152,9.238113501589003
HPTrend,validation,2022-03-15,8.357599437139346,9.240160479699634
HPTrend,validation,2022-03-16,8.379736358787738,9.242207457810265
HPTrend,validation,2022-03-17,8.39200856385644,9.244254435920896
HPTrend,validation,2022-03-18,8.403603378268327,9.246301414031526
HPTrend,validation,2022-03-21,8.403168623414025,9.248348392142157
HPTrend,validation,2022-03-22,8.4144093229681,9.250395370252788
HPTrend,validation,2022-03-23,8.402060692715605,9.252442348363418
HPTrend,validation,2022-03-24,8.416302704997223,9.254489326474049
HPTrend,validation,2022-03-25,8.42135608570146,9.25653630458468
HPTrend,validation,2022-03-28,8.428475636721503,9.25858328269531
HPTrend,validation,2022-03-29,8.440657680822895,9.260630260805941
HPTrend,validation,2022-03-30,8.434344091823805,9.262677238916572
HPTrend,validation,2022-03-31,8.418567756596923,9.264724217027203
HPTrend,validation,2022-04-01,8.421972177558386,9.266771195137833
HPTrend,validation,2022-04-04,8.43003056009052,9.268818173248464
HPTrend,validation,2022-04-05,8.417399401016514,9.270865151359095
HPTrend,validation,2022-04-06,8.407634967104036,9.272912129469725
HPTrend,validation,2022-04-07,8.411879332656072,9.274959107580356
HPTrend,validation,2022-04-08,8.40922478598052,9.277006085690987
HPTrend,validation,2022-04-11,8.392203451395824,9.279053063801618
HPTrend,validation,2022-04-12,8.38878015086537,9.281100041912248
HPTrend,validation,2022-04-13,8.399892754134273,9.283147020022879
HPTrend,validation,2022-04-14,8.387674273750765,9.28519399813351
HPTrend,validation,2022-04-18,8.387469384478358,9.28724097624414
HPTrend,validation,2022-04-19,8.403399429227745,9.289287954354771
HPTrend,validation,2022-04-20,8.402780762821562,9.291334932465402
HPTrend,validation,2022-04-21,8.387917907270252,9.293381910576032
HPTrend,validation,2022-04-22,8.359785830892884,9.295428888686663
HPTrend,validation,2022-04-25,8.365467596036996,9.297475866797294
HPTrend,validation,2022-04-26,8.336917587108399,9.299522844907925
HPTrend,validation,2022-04-27,8.339013436133364,9.301569823018555
HPTrend,validation,2022-04-28,8.363459091474196,9.303616801129186
HPTrend,validation,2022-04-29,8.3264999316895,9.305663779239817
HPTrend,validation,2022-05-02,8.33215913098332,9.307710757350447
HPTrend,validation,2022-05-03,8.336984596058679,9.309757735461078
HPTrend,validation,2022-05-04,8.366409817616006,9.311804713571709
HPTrend,validation,2022-05-05,8.330109140051906,9.31385169168234
HPTrend,validation,2022-05-06,8.324418755637954,9.31589866979297
HPTrend,validation,2022-05-09,8.29185723609835,9.317945647903601
HPTrend,validation,2022-05-10,8.294312117858759,9.319992626014232
HPTrend,validation,2022-05-11,8.277711885763061,9.322039604124862
HPTrend,validation,2022-05-12,8.276415080768949,9.324086582235493
HPTrend,validation,2022-05-13,8.300004348725817,9.326133560346124
HPTrend,validation,2022-05-16,8.296050140208095,9.328180538456754
HPTrend,validation,2022-05-17,8.316019059789557,9.330227516567385
HPTrend,validation,2022-05-18,8.27478525049831,9.332274494678016
HPTrend,validation,2022-05-19,8.26893438572096,9.334321472788647
HPTrend,validation,2022-05-20,8.269080516812952,9.336368450899277
HPTrend,validation,2022-05-23,8.287465512225012,9.338415429009908
HPTrend,validation,2022-05-24,8.279311561321455,9.340462407120539
HPTrend,validation,2022-05-25,8.288717946970387,9.34250938523117
HPTrend,validation,2022-05-26,8.308406112978107,9.3445563633418
HPTrend,validation,2022-05-27,8.332847243173928,9.34660334145243
HPTrend,validation,2022-05-31,8.326553107980262,9.348650319563061
HPTrend,validation,2022-06-01,8.319042202939107,9.350697297673692
HPTrend,validation,2022-06-02,8.337305428354652,9.352744275784323
HPTrend,validation,2022-06-03,8.320823022744834,9.354791253894954
HPTrend,validation,2022-06-06,8.323955512151871,9.356838232005584
HPTrend,validation,2022-06-07,8.33343384368359,9.358885210116215
HPTrend,validation,2022-06-08,8.322581220643436,9.360932188226846
HPTrend,validation,2022-06-09,8.29849476297828,9.362979166337476
HPTrend,validation,2022-06-10,8.26895234816687,9.365026144448107
HPTrend,validation,2022-06-13,8.22941241617683,9.367073122558738
HPTrend,validation,2022-06-14,8.22563159813734,9.369120100669369
HPTrend,validation,2022-06-15,8.240118656973875,9.37116707878
HPTrend,validation,2022-06-16,8.207066449860035,9.37321405689063
HPTrend,validation,2022-06-17,8.209264897201047,9.37526103500126
HPTrend,validation,2022-06-21,8.23344737216172,9.377308013111891
HPTrend,validation,2022-06-22,8.232144952066362,9.379354991222522
HPTrend,validation,2022-06-23,8.241632024551919,9.381401969333153
HPTrend,validation,2022-06-24,8.27173756428182,9.383448947443783
HPTrend,validation,2022-06-27,8.26876006439148,9.385495925554414
HPTrend,validation,2022-06-28,8.248411391241984,9.387542903665045
HPTrend,validation,2022-06-29,8.247699392421811,9.389589881775676
HPTrend,validation,2022-06-30,8.238901526175443,9.391636859886306
HPTrend,validation,2022-07-01,8.249400037472084,9.393683837996937
HPTrend,validation,2022-07-05,8.250982912578277,9.395730816107568
HPTrend,validation,2022-07-06,8.254549708283342,9.397777794218198
HPTrend,validation,2022-07-07,8.269403431464273,9.399824772328829
HPTrend,validation,2022-07-08,8.268572815068145,9.40187175043946
HPTrend,validation,2022-07-11,8.25697839740762,9.40391872855009
HPTrend,validation,2022-07-12,8.247691528910126,9.405965706660721
HPTrend,validation,2022-07-13,8.24322466479831,9.408012684771352
HPTrend,validation,2022-07-14,8.240221525985545,9.410059662881983
HPTrend,validation,2022-07-15,8.259240757644179,9.412106640992613
HPTrend,validation,2022-07-18,8.250842015158343,9.414153619103244
HPTrend,validation,2022-07-19,8.278095532802073,9.416200597213875
HPTrend,validation,2022-07-20,8.283974026743131,9.418247575324505
HPTrend,validation,2022-07-21,8.293787093432636,9.420294553435136
HPTrend,validation,2022-07-22,8.284410806138823,9.422341531545767
HPTrend,validation,2022-07-25,8.285725109112128,9.424388509656398
HPTrend,validation,2022-07-26,8.274114766512865,9.426435487767028
HPTrend,validation,2022-07-27,8.299934815291493,9.428482465877659
HPTrend,validation,2022-07-28,8.311995135083405,9.43052944398829
HPTrend,validation,2022-07-29,8.32610291086516,9.43257642209892
HPTrend,validation,2022-08-01,8.323275834320244,9.434623400209551
HPTrend,validation,2022-08-02,8.316591145941372,9.436670378320182
HPTrend,validation,2022-08-03,8.332108602211463,9.438717356430812
HPTrend,validation,2022-08-04,8.331330959761878,9.440764334541443
HPTrend,validation,2022-08-05,8.32970389074296,9.442811312652074
HPTrend,validation,2022-08-08,8.32846557362084,9.444858290762705
HPTrend,validation,2022-08-09,8.324207829384912,9.446905268873335
HPTrend,validation,2022-08-10,8.34527498784532,9.448952246983966
HPTrend,validation,2022-08-11,8.344569264923118,9.450999225094597
HPTrend,validation,2022-08-12,8.36174331187461,9.453046203205227
HPTrend,validation,2022-08-15,8.365704995930844,9.455093181315858
HPTrend,validation,2022-08-16,8.367578918756791,9.457140159426489
HPTrend,validation,2022-08-17,8.360314803889144,9.45918713753712
HPTrend,validation,2022-08-18,8.36258179349553,9.46123411564775
HPTrend,validation,2022-08-19,8.34959786478249,9.463281093758381
HPTrend,validation,2022-08-22,8.327965498315995,9.465328071869012
HPTrend,validation,2022-08-23,8.325725127881558,9.467375049979642
HPTrend,validation,2022-08-24,8.328637044580281,9.469422028090273
HPTrend,validation,2022-08-25,8.342630286416389,9.471469006200904
HPTrend,validation,2022-08-26,8.30836171009935,9.473515984311534
HPTrend,validation,2022-08-29,8.301673034902024,9.475562962422165
HPTrend,validation,2022-08-30,8.290583618409908,9.477609940532796
HPTrend,validation,2022-08-31,8.282735880201754,9.479656918643427
HPTrend,validation,2022-09-01,8.28572763246895,9.481703896754057
HPTrend,validation,2022-09-02,8.274933079898226,9.483750874864688
HPTrend,validation,2022-09-06,8.27082961520733,9.485797852975319
HPTrend,validation,2022-09-07,8.2890044638735,9.48784483108595
HPTrend,validation,2022-09-08,8.295593430753941,9.48989180919658
HPTrend,validation,2022-09-09,8.310749445735153,9.49193878730721
HPTrend,validation,2022-09-12,8.32127809721915,9.493985765417841
HPTrend,validation,2022-09-13,8.277078934187175,9.496032743528472
HPTrend,validation,2022-09-14,8.28046022326602,9.498079721639103
HPTrend,validation,2022-09-15,8.26907795109787,9.500126699749734
HPTrend,validation,2022-09-16,8.261869901322207,9.502173677860364
HPTrend,validation,2022-09-19,8.268703599046912,9.504220655970995
HPTrend,validation,2022-09-20,8.257367484310313,9.506267634081626
HPTrend,validation,2022-09-21,8.240102810211805,9.508314612192256
HPTrend,validation,2022-09-22,8.231639516381351,9.510361590302887
HPTrend,validation,2022-09-23,8.214256687614022,9.512408568413518
HPTrend,validation,2022-09-26,8.20386232672374,9.514455546524148
HPTrend,validation,2022-09-27,8.201739715768916,9.51650252463478
HPTrend,validation,2022-09-28,8.22122085995007,9.51854950274541
HPTrend,validation,2022-09-29,8.19986806512697,9.52059648085604
HPTrend,validation,2022-09-30,8.184686713580762,9.522643458966671
HPTrend,validation,2022-10-03,8.210241291111691,9.524690437077302
HPTrend,validation,2022-10-04,8.240366632528492,9.526737415187933
HPTrend,validation,2022-10-05,8.238346644969553,9.528784393298563
HPTrend,validation,2022-10-06,8.228048722058158,9.530831371409194
HPTrend,validation,2022-10-07,8.19964552552668,9.532878349519825
HPTrend,validation,2022-10-10,8.192124852393027,9.534925327630456
HPTrend,validation,2022-10-11,8.185584333980703,9.536972305741086
HPTrend,validation,2022-10-12,8.182288134330538,9.539019283851717
HPTrend,validation,2022-10-13,8.207922393638169,9.541066261962348
HPTrend,validation,2022-10-14,8.18397527289364,9.543113240072978
HPTrend,validation,2022-10-17,8.210110797451202,9.545160218183609
HPTrend,validation,2022-10-18,8.22147356565829,9.54720719629424
HPTrend,validation,2022-10-19,8.214779110418604,9.54925417440487
HPTrend,validation,2022-10-20,8.206796423679839,9.551301152515501
HPTrend,validation,2022-10-21,8.230244183540286,9.553348130626132
HPTrend,validation,2022-10-24,8.242056123745398,9.555395108736763
HPTrend,validation,2022-10-25,8.258191893761271,9.557442086847393
HPTrend,validation,2022-10-26,8.250776753362283,9.559489064958024
HPTrend,validation,2022-10-27,8.244675568309098,9.561536043068655
HPTrend,validation,2022-10-28,8.269003605079954,9.563583021179285
HPTrend,validation,2022-10-31,8.261521278049617,9.565629999289916
HPTrend,validation,2022-11-01,8.257411614329259,9.567676977400547
HPTrend,validation,2022-11-02,8.232091770591776,9.569723955511177
HPTrend,validation,2022-11-03,8.221449348059819,9.571770933621808
HPTrend,validation,2022-11-04,8.234976171345382,9.573817911732439
HPTrend,validation,2022-11-07,8.244544233024742,9.57586488984307
HPTrend,validation,2022-11-08,8.250126515853502,9.5779118679537
HPTrend,validation,2022-11-09,8.2291297311412,9.579958846064331
HPTrend,validation,2022-11-10,8.283082246805996,9.582005824174962
HPTrend,validation,2022-11-11,8.292280559110766,9.584052802285592
HPTrend,validation,2022-11-14,8.283304618565849,9.586099780396223
HPTrend,validation,2022-11-15,8.291979994980517,9.588146758506854
HPTrend,validation,2022-11-16,8.283693711868644,9.590193736617485
HPTrend,validation,2022-11-17,8.280599607224413,9.592240714728115
HPTrend,validation,2022-11-18,8.285346902872572,9.594287692838746
HPTrend,validation,2022-11-21,8.281455653072296,9.596334670949377
HPTrend,validation,2022-11-22,8.294944259342126,9.598381649060007
HPTrend,validation,2022-11-23,8.300841525383863,9.600428627170638
HPTrend,validation,2022-11-25,8.30055844112166,9.602475605281269
HPTrend,validation,2022-11-28,8.284993744327595,9.6045225833919
HPTrend,validation,2022-11-29,8.283400610625971,9.60656956150253
HPTrend,validation,2022-11-30,8.313879254147267,9.60861653961316
HPTrend,validation,2022-12-01,8.31301124431766,9.610663517723792
HPTrend,validation,2022-12-02,8.311815869653898,9.612710495834422
HPTrend,validation,2022-12-05,8.293759620022927,9.614757473945053
HPTrend,validation,2022-12-06,8.27925575059994,9.616804452055684
HPTrend,validation,2022-12-07,8.277391643346558,9.618851430166314
HPTrend,validation,2022-12-08,8.284885277760491,9.620898408276945
HPTrend,validation,2022-12-09,8.27750855829628,9.622945386387576
HPTrend,validation,2022-12-12,8.29168686559593,9.624992364498206
HPTrend,validation,2022-12-13,8.298950088851386,9.627039342608837
HPTrend,validation,2022-12-14,8.29287897222755,9.629086320719468
HPTrend,validation,2022-12-15,8.267641494325725,9.631133298830099
HPTrend,validation,2022-12-16,8.256441254379713,9.63318027694073
HPTrend,validation,2022-12-19,8.247392925438609,9.63522725505136
HPTrend,validation,2022-12-20,8.248429726136498,9.63727423316199
HPTrend,validation,2022-12-21,8.263188274805554,9.639321211272621
HPTrend,validation,2022-12-22,8.248631132307407,9.641368189383252
HPTrend,validation,2022-12-23,8.254482084579323,9.643415167493883
HPTrend,validation,2022-12-27,8.250424240544664,9.645462145604514
HPTrend,validation,2022-12-28,8.238330770101715,9.647509123715144
HPTrend,validation,2022-12-29,8.255641404416709,9.649556101825775
HPTrend,validation,2022-12-30,8.253097428770598,9.651603079936406
HPTrend,validation,2023-01-03,8.249088856289324,9.653650058047036
HPTrend,validation,2023-01-04,8.256599550851464,9.655697036157667
HPTrend,validation,2023-01-05,8.244885681715006,9.657744014268298
HPTrend,validation,2023-01-06,8.267469517304038,9.659790992378928
HPTrend,validation,2023-01-09,8.266701589978046,9.66183797048956
HPTrend,validation,2023-01-10,8.27365558794864,9.66388494860019
HPTrend,validation,2023-01-11,8.286423159140934,9.66593192671082
HPTrend,validation,2023-01-12,8.289833244052977,9.667978904821451
HPTrend,validation,2023-01-13,8.293822136197633,9.670025882932082
HPTrend,validation,2023-01-17,8.291789580766636,9.672072861042713
HPTrend,validation,2023-01-18,8.276104613788892,9.674119839153343
HPTrend,validation,2023-01-19,8.26843694188708,9.676166817263974
HPTrend,validation,2023-01-20,8.287178615439432,9.678213795374605
HPTrend,validation,2023-01-23,8.29898993139076,9.680260773485236
HPTrend,validation,2023-01-24,8.298278175026468,9.682307751595866
HPTrend,validation,2023-01-25,8.298096433453003,9.684354729706497
HPTrend,validation,2023-01-26,8.309044141482117,9.686401707817128
HPTrend,validation,2023-01-27,8.311535875503822,9.688448685927758
HPTrend,validation,2023-01-30,8.298482306188529,9.690495664038389
HPTrend,validation,2023-01-31,8.313018610604948,9.69254264214902
HPTrend,validation,2023-02-01,8.323416666901833,9.69458962025965
HPTrend,validation,2023-02-02,8.338009051528687,9.696636598370281
HPTrend,validation,2023-02-03,8.327600458891402,9.698683576480912
HPTrend,validation,2023-02-06,8.321441065697462,9.700730554591543
HPTrend,validation,2023-02-07,8.33423142973486,9.702777532702173
HPTrend,validation,2023-02-08,8.323088856722448,9.704824510812804
HPTrend,validation,2023-02-09,8.31421984689141,9.706871488923435
HPTrend,validation,2023-02-10,8.316412702600628,9.708918467034065
HPTrend,validation,2023-02-13,8.327796272551783,9.710965445144696
HPTrend,test,2023-02-14,8.32751581869629,8.334628279248092
HPTrend,test,2023-02-15,8.330285156229365,8.336927075355689
HPTrend,test,2023-02-16,8.316400467024485,8.339225871463286
HPTrend,test,2023-02-17,8.313629224852201,8.341524667570884
HPTrend,test,2023-02-21,8.29338444087873,8.343823463678481
HPTrend,test,2023-02-22,8.291809645393087,8.346122259786078
HPTrend,test,2023-02-23,8.297124923656325,8.348421055893676
HPTrend,test,2023-02-24,8.28653145903655,8.350719852001273
HPTrend,test,2023-02-27,8.289599751576102,8.35301864810887
HPTrend,test,2023-02-28,8.286559131745154,8.355317444216467
HPTrend,test,2023-03-01,8.281822667541661,8.357616240324065
HPTrend,test,2023-03-02,8.289376261272858,8.359915036431662
HPTrend,test,2023-03-03,8.305395010449342,8.36221383253926
HPTrend,test,2023-03-06,8.30608194122819,8.364512628646857
HPTrend,test,2023-03-07,8.290636350748926,8.366811424754454
HPTrend,test,2023-03-08,8.292050144884529,8.369110220862051
HPTrend,test,2023-03-09,8.273418286939048,8.371409016969649
HPTrend,test,2023-03-10,8.25883431750298,8.373707813077246
HPTrend,test,2023-03-13,8.257323415662242,8.376006609184843
HPTrend,test,2023-03-14,8.273665803897606,8.37830540529244
HPTrend,test,2023-03-15,8.266660439968252,8.380604201400038
HPTrend,test,2023-03-16,8.284070016217283,8.382902997507635
HPTrend,test,2023-03-17,8.27298939494333,8.385201793615233
HPTrend,test,2023-03-20,8.281868264579272,8.38750058972283
HPTrend,test,2023-03-21,8.29476691209783,8.389799385830427
HPTrend,test,2023-03-22,8.278166663457988,8.392098181938024
HPTrend,test,2023-03-23,8.28114674732717,8.394396978045622
HPTrend,test,2023-03-24,8.286770710411473,8.396695774153219
HPTrend,test,2023-03-27,8.28841630997524,8.398994570260816
HPTrend,test,2023-03-28,8.286841226686851,8.401293366368414
HPTrend,test,2023-03-29,8.300978097461899,8.403592162476011
HPTrend,test,2023-03-30,8.306677096661382,8.405890958583608
HPTrend,test,2023-03-31,8.321010424443418,8.408189754691206
HPTrend,test,2023-04-03,8.324702447009221,8.410488550798803
HPTrend,test,2023-04-04,8.318888607264059,8.4127873469064
HPTrend,test,2023-04-05,8.316393125606938,8.415086143013998
HPTrend,test,2023-04-06,8.31996589873974,8.417384939121595
HPTrend,test,2023-04-10,8.32096170575675,8.419683735229192
HPTrend,test,2023-04-11,8.320920352423768,8.42198253133679
HPTrend,test,2023-04-12,8.316776896100306,8.424281327444387
HPTrend,test,2023-04-13,8.329952406598137,8.426580123551984
HPTrend,test,2023-04-14,8.327880889013558,8.428878919659581
HPTrend,test,2023-04-17,8.331181592596174,8.431177715767179
HPTrend,test,2023-04-18,8.33203644739964,8.433476511874776
HPTrend,test,2023-04-19,8.3319521818517,8.435775307982373
HPTrend,test,2023-04-20,8.325981846663389,8.43807410408997
HPTrend,test,2023-04-21,8.32688462792069,8.440372900197568
HPTrend,test,2023-04-24,8.327735844698962,8.442671696305165
HPTrend,test,2023-04-25,8.311798660880385,8.444970492412763
HPTrend,test,2023-04-26,8.30795007737704,8.44726928852036
HPTrend,test,2023-04-27,8.327327270779737,8.449568084627957
HPTrend,test,2023-04-28,8.33554660209298,8.451866880735555
HPTrend,test,2023-05-01,8.33516042104447,8.454165676843152
HPTrend,test,2023-05-02,8.323506514363897,8.45646447295075
HPTrend,test,2023-05-03,8.316483606309005,8.458763269058347
HPTrend,test,2023-05-04,8.309238692853942,8.461062065165944
HPTrend,test,2023-05-05,8.327544859235822,8.463360861273541
HPTrend,test,2023-05-08,8.327996885720705,8.465659657381138
HPTrend,test,2023-05-09,8.323406946771644,8.467958453488736
HPTrend,test,2023-05-10,8.327880889013558,8.470257249596333
HPTrend,test,2023-05-11,8.326182824123853,8.47255604570393
HPTrend,test,2023-05-12,8.324598262534414,8.474854841811528
HPTrend,test,2023-05-15,8.32755206021473,8.477153637919125
HPTrend,test,2023-05-16,8.321153952532812,8.479452434026722
HPTrend,test,2023-05-17,8.332974641154884,8.48175123013432
HPTrend,test,2023-05-18,8.342375364218611,8.484050026241917
HPTrend,test,2023-05-19,8.340928450337936,8.486348822349514
HPTrend,test,2023-05-22,8.341083473017738,8.488647618457112
HPTrend,test,2023-05-23,8.329798004249454,8.490946414564709
HPTrend,test,2023-05-24,8.322452491571148,8.493245210672306
HPTrend,test,2023-05-25,8.33117194765016,8.495544006779904
HPTrend,test,2023-05-26,8.3441366285818,8.4978428028875
HPTrend,test,2023-05-30,8.344153231712466,8.500141598995098
HPTrend,test,2023-05-31,8.338025873526252,8.502440395102695
HPTrend,test,2023-06-01,8.347832088612106,8.504739191210293
HPTrend,test,2023-06-02,8.362261901002213,8.50703798731789
HPTrend,test,2023-06-05,8.360256309511556,8.509336783425487
HPTrend,test,2023-06-06,8.362607439745407,8.511635579533085
HPTrend,test,2023-06-07,8.358788145818986,8.513934375640682
HPTrend,test,2023-06-08,8.36495771742651,8.51623317174828
HPTrend,test,2023-06-09,8.36610511844956,8.518531967855877
HPTrend,test,2023-06-12,8.375383093431315,8.520830763963474
HPTrend,test,2023-06-13,8.382291664157224,8.523129560071071
HPTrend,test,2023-06-14,8.38311075413735,8.525428356178669
HPTrend,test,2023-06-15,8.39521533463094,8.527727152286266
HPTrend,test,2023-06-16,8.391536958163188,8.530025948393863
HPTrend,test,2023-06-20,8.386790604327953,8.53232474450146
HPTrend,test,2023-06-21,8.381531517961028,8.534623540609058
HPTrend,test,2023-06-22,8.385235448348363,8.536922336716655
HPTrend,test,2023-06-23,8.37754716029186,8.539221132824252
HPTrend,test,2023-06-26,8.373050225928727,8.54151992893185
HPTrend,test,2023-06-27,8.38444095945291,8.543818725039447
HPTrend,test,2023-06-28,8.38408682006452,8.546117521147044
HPTrend,test,2023-06-29,8.38855038817901,8.548416317254642
HPTrend,test,2023-06-30,8.400744738440896,8.550715113362239
HPTrend,test,2023-07-03,8.401914731533568,8.553013909469836
HPTrend,test,2023-07-05,8.399944473435955,8.555312705577434
HPTrend,test,2023-07-06,8.39199041226006,8.557611501685031
HPTrend,test,2023-07-07,8.389121199464327,8.559910297792628
HPTrend,test,2023-07-10,8.391523338074954,8.562209093900226
HPTrend,test,2023-07-11,8.398242922073209,8.564507890007823
HPTrend,test,2023-07-12,8.405626827308598,8.56680668611542
HPTrend,test,2023-07-13,8.414061310298225,8.569105482223017
HPTrend,test,2023-07-14,8.413036378101317,8.571404278330615
HPTrend,test,2023-07-17,8.416884347675738,8.573703074438212
HPTrend,test,2023-07-18,8.423976414617167,8.57600187054581
HPTrend,test,2023-07-19,8.4263315494444,8.578300666653407
HPTrend,test,2023-07-20,8.419551722048142,8.580599462761004
HPTrend,test,2023-07-21,8.419875764062756,8.582898258868601
HPTrend,test,2023-07-24,8.42390180255963,8.585197054976199
HPTrend,test,2023-07-25,8.42671252213547,8.587495851083796
HPTrend,test,2023-07-26,8.426557071156793,8.589794647191393
HPTrend,test,2023-07-27,8.420111678101597,8.59209344329899
HPTrend,test,2023-07-28,8.42994105391203,8.594392239406588
HPTrend,test,2023-07-31,8.431408689348599,8.596691035514185
HPTrend,test,2023-08-01,8.428740044040916,8.598989831621783
HPTrend,test,2023-08-02,8.41480384340258,8.60128862772938
HPTrend,test,2023-08-03,8.412252617952289,8.603587423836977
HPTrend,test,2023-08-04,8.40693844857835,8.605886219944574
HPTrend,test,2023-08-07,8.415922067543207,8.608185016052172
HPTrend,test,2023-08-08,8.411694862443149,8.610483812159769
HPTrend,test,2023-08-09,8.404631243341102,8.612782608267366
HPTrend,test,2023-08-10,8.404881925862183,8.615081404374964
HPTrend,test,2023-08-11,8.403811660962955,8.617380200482561
HPTrend,test,2023-08-14,8.409545665842373,8.619678996590158
HPTrend,test,2023-08-15,8.397927526446276,8.621977792697756
HPTrend,test,2023-08-16,8.390343444653652,8.624276588805353
HPTrend,test,2023-08-17,8.382600633276123,8.62657538491295
HPTrend,test,2023-08-18,8.382451915392165,8.628874181020548
HPTrend,test,2023-08-21,8.389307550251965,8.631172977128145
HPTrend,test,2023-08-22,8.38652621920542,8.633471773235742
HPTrend,test,2023-08-23,8.39751054991621,8.63577056934334
HPTrend,test,2023-08-24,8.383961195932203,8.638069365450937
HPTrend,test,2023-08-25,8.3906566969925,8.640368161558534
HPTrend,test,2023-08-28,8.396901775586695,8.642666957666131
HPTrend,test,2023-08-29,8.411305844298752,8.644965753773729
HPTrend,test,2023-08-30,8.415131698479945,8.647264549881326
HPTrend,test,2023-08-31,8.413533485505605,8.649563345988923
HPTrend,test,2023-09-01,8.415330998271124,8.65186214209652
HPTrend,test,2023-09-05,8.411128000449741,8.654160938204118
HPTrend,test,2023-09-06,8.40413198595831,8.656459734311715
HPTrend,test,2023-09-07,8.400915552842577,8.658758530419313
HPTrend,test,2023-09-08,8.402341158904834,8.66105732652691
HPTrend,test,2023-09-11,8.40904211040297,8.663356122634507
HPTrend,test,2023-09-12,8.403329941379965,8.665654918742105
HPTrend,test,2023-09-13,8.4045708034975,8.667953714849702
HPTrend,test,2023-09-14,8.412965389031166,8.6702525109573
HPTrend,test,2023-09-15,8.400731243188673,8.672551307064897
HPTrend,test,2023-09-18,8.401452270882848,8.674850103172494
HPTrend,test,2023-09-19,8.399298943521314,8.677148899280091
HPTrend,test,2023-09-20,8.389859739315023,8.679447695387688
HPTrend,test,2023-09-21,8.373322820996535,8.681746491495286
HPTrend,test,2023-09-22,8.371024583593774,8.684045287602883
HPTrend,test,2023-09-25,8.375039577797581,8.68634408371048
HPTrend,test,2023-09-26,8.360195412315317,8.688642879818078
HPTrend,test,2023-09-27,8.360424700087611,8.690941675925675
HPTrend,test,2023-09-28,8.366300577230612,8.693240472033272
HPTrend,test,2023-09-29,8.363587317582322,8.69553926814087
HPTrend,test,2023-10-02,8.363666681988475,8.697838064248467
HPTrend,test,2023-10-03,8.349827286125027,8.700136860356064
HPTrend,test,2023-10-04,8.357904333732856,8.702435656463662
HPTrend,test,2023-10-05,8.35659945258586,8.704734452571259
HPTrend,test,2023-10-06,8.368345094679821,8.707033248678856
HPTrend,test,2023-10-09,8.37462916279921,8.709332044786454
HPTrend,test,2023-10-10,8.379823638899195,8.71163084089405
HPTrend,test,2023-10-11,8.38410745839929,8.713929637001648
HPTrend,test,2023-10-12,8.377841433458634,8.716228433109245
HPTrend,test,2023-10-13,8.372809937798415,8.718527229216843
HPTrend,test,2023-10-16,8.383348580101005,8.72082602532444
HPTrend,test,2023-10-17,8.38325033022156,8.723124821432037
HPTrend,test,2023-10-18,8.36975992197041,8.725423617539635
HPTrend,test,2023-10-19,8.361240889642351,8.727722413647232
HPTrend,test,2023-10-20,8.348575740446195,8.73002120975483
HPTrend,test,2023-10-23,8.34688874838076,8.732320005862427
HPTrend,test,2023-10-24,8.35412827190039,8.734618801970024
HPTrend,test,2023-10-25,8.339684837243151,8.736917598077621
HPTrend,test,2023-10-26,8.327781756037567,8.739216394185219
HPTrend,test,2023-10-27,8.322969917458945,8.741515190292816
HPTrend,test,2023-10-30,8.334908391759232,8.743813986400413
HPTrend,test,2023-10-31,8.341362476580919,8.74611278250801
HPTrend,test,2023-11-01,8.351813671571112,8.748411578615608
HPTrend,test,2023-11-02,8.370496610505198,8.750710374723205
HPTrend,test,2023-11-03,8.37984649404975,8.753009170830802
HPTrend,test,2023-11-06,8.38159795177385,8.7553079669384
HPTrend,test,2023-11-07,8.384434045175562,8.757606763045997
HPTrend,test,2023-11-08,8.385438456207982,8.759905559153594
HPTrend,test,2023-11-09,8.377321765508913,8.762204355261192
HPTrend,test,2023-11-10,8.392817524779685,8.764503151368789
HPTrend,test,2023-11-13,8.391981336338315,8.766801947476386
HPTrend,test,2023-11-14,8.410876706812893,8.769100743583984
HPTrend,test,2023-11-15,8.41247244502074,8.771399539691581
HPTrend,test,2023-11-16,8.413662164417453,8.773698335799178
HPTrend,test,2023-11-17,8.414943392354632,8.775997131906776
HPTrend,test,2023-11-20,8.422306496148426,8.778295928014373
HPTrend,test,2023-11-21,8.42028352021667,8.78059472412197
HPTrend,test,2023-11-22,8.424336425310983,8.782893520229567
HPTrend,test,2023-11-24,8.424933120920628,8.785192316337165
HPTrend,test,2023-11-27,8.422977051603729,8.787491112444762
HPTrend,test,2023-11-28,8.42395669013178,8.78978990855236
HPTrend,test,2023-11-29,8.423009993516677,8.792088704659957
HPTrend,test,2023-11-30,8.426786924781672,8.794387500767554
HPTrend,test,2023-12-01,8.432643483735518,8.796686296875151
HPTrend,test,2023-12-04,8.427220295671692,8.798985092982749
HPTrend,test,2023-12-05,8.426651264077757,8.801283889090346
HPTrend,test,2023-12-06,8.422737412132813,8.803582685197943
HPTrend,test,2023-12-07,8.430674022817636,8.80588148130554
HPTrend,test,2023-12-08,8.43476115696414,8.808180277413138
HPTrend,test,2023-12-11,8.43867797051192,8.810479073520735
HPTrend,test,2023-12-12,8.443266783307612,8.812777869628333
HPTrend,test,2023-12-13,8.456825128482633,8.81507666573593
HPTrend,test,2023-12-14,8.459468693667787,8.817375461843527
HPTrend,test,2023-12-15,8.459392441267338,8.819674257951124
HPTrend,test,2023-12-18,8.463910563530739,8.821973054058722
HPTrend,test,2023-12-19,8.469759830981559,8.824271850166319
HPTrend,test,2023-12-20,8.454966683016252,8.826570646273916
HPTrend,test,2023-12-21,8.465215452323525,8.828869442381514
HPTrend,test,2023-12-22,8.466874134476285,8.831168238489111
HPTrend,test,2023-12-26,8.471096895523264,8.833467034596708
HPTrend,test,2023-12-27,8.472526331139687,8.835765830704306
HPTrend,test,2023-12-28,8.472896437250014,8.838064626811903
HPTrend,test,2023-12-29,8.47006596021328,8.8403634229195
HPTrend,test,2024-01-02,8.464389299413558,8.842662219027098
HPTrend,test,2024-01-03,8.45634068108636,8.844961015134695
HPTrend,test,2024-01-04,8.452906409423042,8.847259811242292
HPTrend,test,2024-01-05,8.454730431062476,8.84955860734989
HPTrend,test,2024-01-08,8.46874637649883,8.851857403457487
HPTrend,test,2024-01-09,8.467267382646511,8.854156199565084
HPTrend,test,2024-01-10,8.472917363297007,8.856454995672681
HPTrend,test,2024-01-11,8.472246082460046,8.858753791780279
HPTrend,test,2024-01-12,8.47299677621308,8.861052587887876
HPTrend,test,2024-01-16,8.469258457160723,8.863351383995473
HPTrend,test,2024-01-17,8.463625725889615,8.86565018010307
HPTrend,test,2024-01-18,8.472392446615858,8.867948976210668
HPTrend,test,2024-01-19,8.484630754848407,8.870247772318265
HPTrend,test,2024-01-22,8.486822676035638,8.872546568425863
HPTrend,test,2024-01-23,8.489739791376403,8.87484536453346
HPTrend,test,2024-01-24,8.49055139035262,8.877144160641057
HPTrend,test,2024-01-25,8.495797968487599,8.879442956748655
HPTrend,test,2024-01-26,8.495145970732173,8.881741752856252
HPTrend,test,2024-01-29,8.502674336237419,8.88404054896385
HPTrend,test,2024-01-30,8.502073505840439,8.886339345071447
HPTrend,test,2024-01-31,8.485836654099707,8.888638141179044
HPTrend,test,2024-02-01,8.498252940213757,8.890936937286641
HPTrend,test,2024-02-02,8.508880710936388,8.893235733394238
HPTrend,test,2024-02-05,8.505689286227105,8.895534529501836
HPTrend,test,2024-02-06,8.507997032158853,8.897833325609433
HPTrend,test,2024-02-07,8.516204714752861,8.90013212171703
HPTrend,test,2024-02-08,8.516775135292953,8.902430917824628
HPTrend,test,2024-02-09,8.522501052421747,8.904729713932225
HPTrend,test,2024-02-12,8.521551648279095,8.907028510039822
HPTrend,test,2024-02-13,8.50778303885925,8.90932730614742
HPTrend,test,2024-02-14,8.517317207163467,8.911626102255017
HPTrend,test,2024-02-15,8.523121579837508,8.913924898362614
HPTrend,test,2024-02-16,8.518306536261546,8.916223694470212
HPTrend,test,2024-02-20,8.512283109795728,8.918522490577809
HPTrend,test,2024-02-21,8.513546511290832,8.920821286685406
HPTrend,test,2024-02-22,8.534449399957236,8.923120082793004
HPTrend,test,2024-02-23,8.534797286983737,8.9254188789006
HPTrend,test,2024-02-26,8.53100334773907,8.927717675008198
HPTrend,test,2024-02-27,8.53270824327779,8.930016471115795
HPTrend,test,2024-02-28,8.531048711956679,8.932315267223393
HPTrend,test,2024-02-29,8.536264182412477,8.93461406333099
HPTrend,test,2024-03-01,8.544240118845865,8.936912859438587
HPTrend,test,2024-03-04,8.543046144270903,8.939211655546185
HPTrend,test,2024-03-05,8.532800737994984,8.941510451653782
HPTrend,test,2024-03-06,8.537928670847986,8.94380924776138
HPTrend,test,2024-03-07,8.54818007313297,8.946108043868977
HPTrend,test,2024-03-08,8.54163015014092,8.948406839976574
HPTrend,test,2024-03-11,8.540507281872891,8.950705636084171
HPTrend,test,2024-03-12,8.55164679445956,8.953004432191769
HPTrend,test,2024-03-13,8.549720410457438,8.955303228299366
HPTrend,test,2024-03-14,8.546845189405943,8.957602024406963
HPTrend,test,2024-03-15,8.540341166546204,8.95990082051456
HPTrend,test,2024-03-18,8.546639350784686,8.962199616622158
HPTrend,test,2024-03-19,8.552272603829028,8.964498412729755
HPTrend,test,2024-03-20,8.561137369345388,8.966797208837352
HPTrend,test,2024-03-21,8.564368678439918,8.96909600494495
HPTrend,test,2024-03-22,8.562965506605591,8.971394801052547
HPTrend,test,2024-03-25,8.55990586622356,8.973693597160144
HPTrend,test,2024-03-26,8.557102144240753,8.975992393267742
HPTrend,test,2024-03-27,8.56569573982346,8.978291189375339
HPTrend,test,2024-03-28,8.56681160252422,8.980589985482936
HPTrend,test,2024-04-01,8.564795987997263,8.982888781590534
HPTrend,test,2024-04-02,8.55753059979359,8.985187577698131
HPTrend,test,2024-04-03,8.558621127316929,8.987486373805728
HPTrend,test,2024-04-04,8.546210091697667,8.989785169913326
HPTrend,test,2024-04-05,8.557248141833366,8.992083966020923
HPTrend,test,2024-04-08,8.556873440643324,8.99438276212852
HPTrend,test,2024-04-09,8.558317890116959,8.996681558236117
HPTrend,test,2024-04-10,8.548815908284746,8.998980354343715
HPTrend,test,2024-04-11,8.556233130268089,9.001279150451312
HPTrend,test,2024-04-12,8.541575542465841,9.00357794655891
HPTrend,test,2024-04-15,8.52948134667838,9.005876742666507
HPTrend,test,2024-04-16,8.527422722150877,9.008175538774104
HPTrend,test,2024-04-17,8.521625347074872,9.010474334881701
HPTrend,test,2024-04-18,8.519414745374387,9.012773130989299
HPTrend,test,2024-04-19,8.510617615720331,9.015071927096896
HPTrend,test,2024-04-22,8.51931096687717,9.017370723204493
HPTrend,test,2024-04-23,8.531204533444892,9.01966951931209
HPTrend,test,2024-04-24,8.531417520822824,9.021968315419688
HPTrend,test,2024-04-25,8.526830586552705,9.024267111527285
HPTrend,test,2024-04-26,8.53698796788503,9.026565907634883
HPTrend,test,2024-04-29,8.54016137596167,9.02886470374248
HPTrend,test,2024-04-30,8.524305824842742,9.031163499850077
HPTrend,test,2024-05-01,8.520864471357111,9.033462295957674
HPTrend,test,2024-05-02,8.529951496082194,9.035761092065272
HPTrend,test,2024-05-03,8.542430053741704,9.038059888172869
HPTrend,test,2024-05-06,8.552703227432952,9.040358684280466
HPTrend,test,2024-05-07,8.554045755661777,9.042657480388064
HPTrend,test,2024-05-08,8.554039920026582,9.044956276495661
HPTrend,test,2024-05-09,8.55911795266569,9.047255072603258
HPTrend,test,2024-05-10,8.560765992745857,9.049553868710856
HPTrend,test,2024-05-13,8.56052465957199,9.051852664818453
HPTrend,test,2024-05-14,8.565350808099446,9.05415146092605
HPTrend,test,2024-05-15,8.576998635886746,9.056450257033648
HPTrend,test,2024-05-16,8.574914798412657,9.058749053141245
HPTrend,test,2024-05-17,8.57607889410055,9.061047849248842
HPTrend,test,2024-05-20,8.576994864409041,9.06334664535644
HPTrend,test,2024-05-21,8.579493614175934,9.065645441464037
HPTrend,test,2024-05-22,8.576783822966583,9.067944237571634
HPTrend,test,2024-05-23,8.56937566068311,9.070243033679231
HPTrend,test,2024-05-24,8.576352309759784,9.072541829786829
HPTrend,test,2024-05-28,8.57660108066667,9.074840625894426
HPTrend,test,2024-05-29,8.569206763450927,9.077139422002023
HPTrend,test,2024-05-30,8.563213805915174,9.07943821810962
HPTrend,test,2024-05-31,8.571209630147102,9.081737014217218
HPTrend,test,2024-06-03,8.572325090370637,9.084035810324815
HPTrend,test,2024-06-04,8.57382677137442,9.086334606432413
HPTrend,test,2024-06-05,8.585604787224376,9.08863340254001
HPTrend,test,2024-06-06,8.58540495062274,9.090932198647607
HPTrend,test,2024-06-07,8.584289108572461,9.093230994755205
HPTrend,test,2024-06-10,8.586866638550703,9.095529790862802
HPTrend,test,2024-06-11,8.589573353405912,9.0978285869704
HPTrend,test,2024-06-12,8.5980410736478,9.100127383077997
HPTrend,test,2024-06-13,8.600382985084916,9.102426179185594
HPTrend,test,2024-06-14,8.599989046803918,9.104724975293191
HPTrend,test,2024-06-17,8.607624211176239,9.107023771400788
HPTrend,test,2024-06-18,8.610142365357756,9.109322567508386
HPTrend,test,2024-06-20,8.607613237962344,9.111621363615983
HPTrend,test,2024-06-21,8.60604988624352,9.11392015972358
HPTrend,test,2024-06-24,8.602980007087652,9.116218955831178
HPTrend,test,2024-06-25,8.606905880766835,9.118517751938775
HPTrend,test,2024-06-26,8.608477076991555,9.120816548046372
HPTrend,test,2024-06-27,8.609383986848353,9.12311534415397
HPTrend,test,2024-06-28,8.605291973385985,9.125414140261567
HPTrend,test,2024-07-01,8.607963964367414,9.127712936369164
HPTrend,test,2024-07-02,8.6141401701386,9.130011732476762
HPTrend,test,2024-07-03,8.619211732408132,9.132310528584359
HPTrend,test,2024-07-05,8.624645706769101,9.134609324691956
HPTrend,test,2024-07-08,8.625661889245507,9.136908120799554
HPTrend,test,2024-07-09,8.626402686723571,9.13920691690715
HPTrend,test,2024-07-10,8.636559001601677,9.141505713014748
HPTrend,test,2024-07-11,8.627757351632411,9.143804509122345
HPTrend,test,2024-07-12,8.633259215657375,9.146103305229943
HPTrend,test,2024-07-15,8.63608143208073,9.14840210133754
HPTrend,test,2024-07-16,8.642450482052181,9.150700897445137
HPTrend,test,2024-07-17,8.628425040528537,9.152999693552735
HPTrend,test,2024-07-18,8.620577928383186,9.155298489660332
HPTrend,test,2024-07-19,8.61341204915678,9.15759728576793
HPTrend,test,2024-07-22,8.624146266403,9.159896081875527
HPTrend,test,2024-07-23,8.622586948709055,9.162194877983124
HPTrend,test,2024-07-24,8.599165706486161,9.164493674090721
HPTrend,test,2024-07-25,8.594009817466445,9.166792470198319
HPTrend,test,2024-07-26,8.605039237876015,9.169091266305916
HPTrend,test,2024-07-29,8.605852217447843,9.171390062413513
HPTrend,test,2024-07-30,8.600879703086477,9.17368885852111
HPTrend,test,2024-07-31,8.616549683788394,9.175987654628708
HPTrend,test,2024-08-01,8.602761559996404,9.178286450736305
HPTrend,test,2024-08-02,8.58420865338785,9.180585246843902
HPTrend,test,2024-08-05,8.553781611995458,9.1828840429515
HPTrend,test,2024-08-06,8.564082461489058,9.185182839059097
HPTrend,test,2024-08-07,8.556317746100287,9.187481635166694
HPTrend,test,2024-08-08,8.579098885691186,9.189780431274292
HPTrend,test,2024-08-09,8.583759684125567,9.192079227381889
HPTrend,test,2024-08-12,8.583802717177289,9.194378023489486
HPTrend,test,2024-08-13,8.600509950596338,9.196676819597084
HPTrend,test,2024-08-14,8.604326387157537,9.198975615704681
HPTrend,test,2024-08-15,8.620330877088842,9.201274411812278
HPTrend,test,2024-08-16,8.622318679457237,9.203573207919876
HPTrend,test,2024-08-19,8.631994006893414,9.205872004027473
HPTrend,test,2024-08-20,8.630007479655806,9.20817080013507
HPTrend,test,2024-08-21,8.634238194376811,9.210469596242667
HPTrend,test,2024-08-22,8.625265252120155,9.212768392350265
HPTrend,test,2024-08-23,8.636683189521818,9.215067188457862
HPTrend,test,2024-08-26,8.633524479352213,9.21736598456546
HPTrend,test,2024-08-27,8.635118404464937,9.219664780673057
HPTrend,test,2024-08-28,8.629124503670202,9.221963576780654
HPTrend,test,2024-08-29,8.629085123826764,9.224262372888251
HPTrend,test,2024-08-30,8.639127580905908,9.226561168995849
HPTrend,test,2024-09-03,8.61774961753351,9.228859965103446
HPTrend,test,2024-09-04,8.61614578850613,9.231158761211043
HPTrend,test,2024-09-05,8.613123207491455,9.23345755731864
HPTrend,test,2024-09-06,8.595712262984032,9.235756353426238
HPTrend,test,2024-09-09,8.607225797419849,9.238055149533835
HPTrend,test,2024-09-10,8.611688497397644,9.240353945641433
HPTrend,test,2024-09-11,8.622297053047486,9.24265274174903
HPTrend,test,2024-09-12,8.62976440520429,9.244951537856627
HPTrend,test,2024-09-13,8.635157547438645,9.247250333964224
HPTrend,test,2024-09-16,8.636413388305956,9.249549130071822
HPTrend,test,2024-09-17,8.636677903399852,9.251847926179419
HPTrend,test,2024-09-18,8.633777244691538,9.254146722287016
HPTrend,test,2024-09-19,8.650611601584265,9.256445518394614
HPTrend,test,2024-09-20,8.648668687954249,9.258744314502211
HPTrend,test,2024-09-23,8.651474022379961,9.261043110609808
HPTrend,test,2024-09-24,8.653982053483308,9.263341906717406
HPTrend,test,2024-09-25,8.652119070277095,9.265640702825003
HPTrend,test,2024-09-26,8.656149612435295,9.2679394989326
HPTrend,test,2024-09-27,8.654895609535222,9.270238295040198
HPTrend,test,2024-09-30,8.659123213193663,9.272537091147795
HPTrend,test,2024-10-01,8.649755364499208,9.274835887255392
HPTrend,test,2024-10-02,8.649893745826196,9.27713468336299
HPTrend,test,2024-10-03,8.648210917171737,9.279433479470587
HPTrend,test,2024-10-04,8.657141172870922,9.281732275578184
HPTrend,test,2024-10-07,8.647508909041534,9.284031071685781
HPTrend,test,2024-10-08,8.657151615846228,9.286329867793379
HPTrend,test,2024-10-09,8.664239846863223,9.288628663900976
HPTrend,test,2024-10-10,8.662167578357241,9.290927460008573
HPTrend,test,2024-10-11,8.66820118706454,9.29322625611617
HPTrend,test,2024-10-14,8.675879301639133,9.295525052223768
HPTrend,test,2024-10-15,8.66824073560162,9.297823848331365
HPTrend,test,2024-10-16,8.6729089683844,9.300122644438963
HPTrend,test,2024-10-17,8.672737793255862,9.30242144054656
HPTrend,test,2024-10-18,8.676701480198636,9.304720236654157
HPTrend,test,2024-10-21,8.674877047442218,9.307019032761755
HPTrend,test,2024-10-22,8.674402080775021,9.309317828869352
HPTrend,test,2024-10-23,8.665168256507341,9.31161662497695
HPTrend,test,2024-10-24,8.667311729637898,9.313915421084547
HPTrend,test,2024-10-25,8.667012237624713,9.316214217192144
HPTrend,test,2024-10-28,8.669660172251445,9.318513013299741
HPTrend,test,2024-10-29,8.671272998196347,9.320811809407338
HPTrend,test,2024-10-30,8.667967306523858,9.323110605514936
HPTrend,test,2024-10-31,8.649177171595113,9.325409401622533
HPTrend,test,2024-11-01,8.653261329599639,9.32770819773013
HPTrend,test,2024-11-04,8.650445284786448,9.330006993837728
HPTrend,test,2024-11-05,8.66263631581601,9.332305789945325
HPTrend,test,2024-11-06,8.687617596773197,9.334604586052922
HPTrend,test,2024-11-07,8.695021350947194,9.33690338216052
HPTrend,test,2024-11-08,8.698771144982912,9.339202178268117
HPTrend,test,2024-11-11,8.699739739173868,9.341500974375714
HPTrend,test,2024-11-12,8.696842887696931,9.343799770483312
HPTrend,test,2024-11-13,8.697075088461073,9.346098566590909
HPTrend,test,2024-11-14,8.691006979878829,9.348397362698506
HPTrend,test,2024-11-15,8.677715549012035,9.350696158806103
HPTrend,test,2024-11-18,8.681625708758242,9.3529949549137
HPTrend,test,2024-11-19,8.685581459278838,9.355293751021298
HPTrend,test,2024-11-20,8.685603409900173,9.357592547128895
HPTrend,test,2024-11-21,8.69092966174446,9.359891343236493
HPTrend,test,2024-11-22,8.694391621335997,9.36219013934409
HPTrend,test,2024-11-25,8.697407549156123,9.364488935451687
HPTrend,test,2024-11-26,8.703113246311386,9.366787731559285
HPTrend,test,2024-11-27,8.699304765227808,9.369086527666882
HPTrend,test,2024-11-29,8.70489688562461,9.37138532377448
HPTrend,test,2024-12-02,8.707342349505192,9.373684119882077
HPTrend,test,2024-12-03,8.707793696747213,9.375982915989674
HPTrend,test,2024-12-04,8.71382687837535,9.378281712097271
HPTrend,test,2024-12-05,8.711955352535968,9.380580508204869
HPTrend,test,2024-12-06,8.714447697903505,9.382879304312466
HPTrend,test,2024-12-09,8.708284530618279,9.385178100420063
HPTrend,test,2024-12-10,8.705316246304,9.38747689652766
HPTrend,test,2024-12-11,8.713448872715368,9.389775692635258
HPTrend,test,2024-12-12,8.708020141253904,9.392074488742855
HPTrend,test,2024-12-13,8.707993674264532,9.394373284850452
HPTrend,test,2024-12-16,8.711785829273317,9.39667208095805
HPTrend,test,2024-12-17,8.707914349792661,9.398970877065647
HPTrend,test,2024-12-18,8.677977844488144,9.401269673173244
HPTrend,test,2024-12-19,8.677112357737606,9.403568469280842
HPTrend,test,2024-12-20,8.687922837140004,9.405867265388439
HPTrend,test,2024-12-23,8.69518368672562,9.408166061496036
HPTrend,test,2024-12-24,8.706165919890747,9.410464857603634
HPTrend,test,2024-12-26,8.705760178802489,9.412763653711231
HPTrend,test,2024-12-27,8.694642873837577,9.415062449818828
HPTrend,test,2024-12-30,8.683883199895847,9.417361245926426
HPTrend,test,2024-12-31,8.679589193436865,9.419660042034023
HPTrend,test,2025-01-02,8.677362830287416,9.42195883814162
HPTrend,test,2025-01-03,8.689880186995241,9.424257634249217
HPTrend,test,2025-01-06,8.69540295349206,9.426556430356815
HPTrend,test,2025-01-07,8.684236931975423,9.428855226464412
HPTrend,test,2025-01-08,8.685796076069254,9.43115402257201
HPTrend,test,2025-01-10,8.670264438419022,9.433452818679607
HPTrend,test,2025-01-13,8.671838642797075,9.435751614787204
HPTrend,test,2025-01-14,8.67298426613124,9.438050410894801
HPTrend,test,2025-01-15,8.691131398635756,9.440349207002399
HPTrend,test,2025-01-16,8.68901647429489,9.442648003109996
HPTrend,test,2025-01-17,8.698957952603283,9.444946799217593
HPTrend,test,2025-01-21,8.70768796204388,9.44724559532519
HPTrend,test,2025-01-22,8.713807143130873,9.449544391432788
HPTrend,test,2025-01-23,8.719106562590403,9.451843187540385
HPTrend,test,2025-01-24,8.716247346605936,9.454141983647983
HPTrend,test,2025-01-27,8.701559287573824,9.45644077975558
HPTrend,test,2025-01-28,8.71073493175154,9.458739575863177
HPTrend,test,2025-01-29,8.70604505569462,9.461038371970774
HPTrend,test,2025-01-30,8.7113066038468,9.463337168078372
HPTrend,test,2025-01-31,8.706246999856534,9.465635964185969
HPTrend,test,2025-02-03,8.698609309127038,9.467934760293566
HPTrend,test,2025-02-04,8.705808216530068,9.470233556401164
HPTrend,test,2025-02-05,8.709709270445682,9.472532352508761
HPTrend,test,2025-02-06,8.713346944800948,9.474831148616358
HPTrend,test,2025-02-07,8.703837099107288,9.477129944723956
HPTrend,test,2025-02-10,8.710527211402741,9.479428740831553
HPTrend,test,2025-02-11,8.710866736546416,9.48172753693915
HPTrend,test,2025-02-12,8.708139153356768,9.484026333046748
HPTrend,test,2025-02-13,8.718511466571004,9.486325129154345
HPTrend,test,2025-02-14,8.71843952017543,9.488623925261942
HPTrend,test,2025-02-18,8.72088152383098,9.49092272136954
HPTrend,test,2025-02-19,8.723255672697805,9.493221517477137
HPTrend,test,2025-02-20,8.718912067813516,9.495520313584734
HPTrend,test,2025-02-21,8.701700671140976,9.497819109692331
HPTrend,test,2025-02-24,8.696719177574725,9.500117905799929
HPTrend,test,2025-02-25,8.692028462436328,9.502416701907526
HPTrend,test,2025-02-26,8.692164477465912,9.504715498015123
HPTrend,test,2025-02-27,8.676172734787388,9.50701429412272
HPTrend,test,2025-02-28,8.691902515208051,9.509313090230318
HPTrend,test,2025-03-03,8.674149112559741,9.511611886337915
HPTrend,test,2025-03-04,8.661838824328235,9.513910682445513
HPTrend,test,2025-03-05,8.672936296856971,9.51620947855311
HPTrend,test,2025-03-06,8.654956619749516,9.518508274660707
HPTrend,test,2025-03-07,8.660462054794971,9.520807070768305
HPTrend,test,2025-03-10,8.633118513006542,9.523105866875902
HPTrend,test,2025-03-11,8.625521866088006,9.5254046629835
HPTrend,test,2025-03-12,8.630396834028497,9.527703459091097
HPTrend,test,2025-03-13,8.616408467222032,9.530002255198694
HPTrend,test,2025-03-14,8.63745137317523,9.532301051306291
HPTrend,test,2025-03-17,8.643847008149836,9.534599847413888
HPTrend,test,2025-03-18,8.633136341075515,9.536898643521486
HPTrend,test,2025-03-19,8.643876949248469,9.539197439629083
HPTrend,test,2025-03-20,8.641689665734686,9.54149623573668
HPTrend,test,2025-03-21,8.64251397934252,9.543795031844278
HPTrend,test,2025-03-24,8.660006096471157,9.546093827951875
HPTrend,test,2025-03-25,8.661579191961811,9.548392624059472
HPTrend,test,2025-03-26,8.650359551604213,9.55069142016707
HPTrend,test,2025-03-27,8.64704709059708,9.552990216274667
HPTrend,test,2025-03-28,8.627112489470228,9.555289012382264
HPTrend,test,2025-03-31,8.632635729827873,9.557587808489862
HPTrend,test,2025-04-01,8.636409834383086,9.559886604597459
HPTrend,test,2025-04-02,8.64311549581257,9.562185400705056
HPTrend,test,2025-04-03,8.593509583983574,9.564484196812653
HPTrend,test,2025-04-04,8.531900522085342,9.56678299292025
HPTrend,test,2025-04-07,8.52956632747938,9.569081789027848
HPTrend,test,2025-04-08,8.513741244202324,9.571380585135445
HPTrend,test,2025-04-09,8.60463612403536,9.573679381243043
HPTrend,test,2025-04-10,8.56941551701125,9.57597817735064
HPTrend,test,2025-04-11,8.587345897847026,9.578276973458237
HPTrend,test,2025-04-14,8.59525921717337,9.580575769565835
HPTrend,test,2025-04-15,8.593529941948068,9.582874565673432
HPTrend,test,2025-04-16,8.570866687983166,9.58517336178103
HPTrend,test,2025-04-17,8.57219264660694,9.587472157888627
HPTrend,test,2025-04-21,8.54834299827292,9.589770953996224
HPTrend,test,2025-04-22,8.57314995039837,9.592069750103821
HPTrend,test,2025-04-23,8.58967381476525,9.594368546211419
HPTrend,test,2025-04-24,8.609730442847834,9.596667342319016
HPTrend,test,2025-04-25,8.617076527643535,9.598966138426613
HPTrend,test,2025-04-28,8.617717029182536,9.60126493453421
HPTrend,test,2025-04-29,8.623502670728094,9.603563730641808
HPTrend,test,2025-04-30,8.624981567980026,9.605862526749405
HPTrend,test,2025-05-01,8.631260913696478,9.608161322857002
HPTrend,test,2025-05-02,8.645880104805592,9.6104601189646
HPTrend,test,2025-05-05,8.639478057776273,9.612758915072197
HPTrend,test,2025-05-06,8.631755072497882,9.615057711179794
HPTrend,test,2025-05-07,8.63609201060459,9.617356507287392
HPTrend,test,2025-05-08,8.641875031752058,9.619655303394989
HPTrend,test,2025-05-09,8.641163297617181,9.621954099502586
HPTrend,test,2025-05-12,8.6732032742942,9.624252895610184
HPTrend,test,2025-05-13,8.680425333314448,9.626551691717781
HPTrend,test,2025-05-14,8.681449224556724,9.628850487825378
HPTrend,test,2025-05-15,8.68557304199548,9.631149283932976
HPTrend,test,2025-05-16,8.69255389136358,9.633448080040573
HPTrend,test,2025-05-19,8.69342962092963,9.63574687614817
HPTrend,test,2025-05-20,8.689541843860058,9.638045672255767
HPTrend,test,2025-05-21,8.673275124592298,9.640344468363365
HPTrend,test,2025-05-22,8.672830154569876,9.642643264470962
HPTrend,test,2025-05-23,8.666099254978404,9.64494206057856
HPTrend,test,2025-05-27,8.686351835780588,9.647240856686157
HPTrend,test,2025-05-28,8.680765033204143,9.649539652793754
HPTrend,test,2025-05-29,8.684768204074775,9.651838448901351
HPTrend,test,2025-05-30,8.68468701561778,9.654137245008949
HPTrend,test,2025-06-02,8.688780667108405,9.656436041116546
HPTrend,test,2025-06-03,8.694564200643775,9.658734837224143
HPTrend,test,2025-06-04,8.694637885388493,9.66103363333174
HPTrend,test,2025-06-05,8.689346527409796,9.663332429439338
HPTrend,test,2025-06-06,8.699574723625172,9.665631225546935
HPTrend,test,2025-06-09,8.700494248811564,9.667930021654533
HPTrend,test,2025-06-10,8.70596226135321,9.67022881776213
HPTrend,test,2025-06-11,8.703214601034924,9.672527613869727
HPTrend,test,2025-06-12,8.7070297341066,9.674826409977324
HPTrend,test,2025-06-13,8.695669065516498,9.677125206084922
HPTrend,test,2025-06-16,8.705017888664687,9.679424002192519
HPTrend,test,2025-06-17,8.696630628941042,9.681722798300116
HPTrend,test,2025-06-18,8.696321340906323,9.684021594407714
HPTrend,test,2025-06-20,8.694140305690734,9.686320390515311
HPTrend,test,2025-06-23,8.703700960761994,9.688619186622908
HPTrend,test,2025-06-24,8.714761289378952,9.690917982730506
HPTrend,test,2025-06-25,8.714758003270603,9.693216778838103
HPTrend,test,2025-06-26,8.72274613430312,9.6955155749457
HPTrend,test,2025-06-27,8.72795153355927,9.697814371053298
HPTrend,test,2025-06-30,8.7331026710654,9.700113167160895
HPTrend,test,2025-07-01,8.73198351395552,9.702411963268492
HPTrend,test,2025-07-02,8.73671738826201,9.70471075937609
HPTrend,test,2025-07-03,8.745021766472675,9.707009555483687
HPTrend,test,2025-07-07,8.73712839836843,9.709308351591284
HPTrend,test,2025-07-08,8.73641225511796,9.711607147698881
HPTrend,test,2025-07-09,8.74245605789474,9.713905943806479
HPTrend,test,2025-07-10,8.745198498967666,9.716204739914076
HPTrend,test,2025-07-11,8.74189552719444,9.718503536021673
HPTrend,test,2025-07-14,8.743301951525376,9.72080233212927
HPTrend,test,2025-07-15,8.739337806459705,9.723101128236868
HPTrend,test,2025-07-16,8.742526374985088,9.725399924344465
HPTrend,test,2025-07-17,8.7478857552251,9.727698720452063
HPTrend,test,2025-07-18,8.747795264922292,9.72999751655966
HPTrend,test,2025-07-21,8.749193421927965,9.732296312667257
HPTrend,test,2025-07-22,8.749830750424632,9.734595108774855
HPTrend,test,2025-07-23,8.757612282570335,9.736893904882452
HPTrend,test,2025-07-24,8.758310262567267,9.73919270099005
HPTrend,test,2025-07-25,8.762276713568948,9.741491497097647
HPTrend,test,2025-07-28,8.762453556040215,9.743790293205244
HPTrend,test,2025-07-29,8.759489725842748,9.746089089312841
HPTrend,test,2025-07-30,8.758239511904238,9.748387885420438
HPTrend,test,2025-07-31,8.754537849857863,9.750686681528036
HPTrend,test,2025-08-01,8.738416462672294,9.752985477635633
HPTrend,test,2025-08-04,8.753046027163709,9.75528427374323
HPTrend,test,2025-08-05,8.748176323383246,9.757583069850828
HPTrend,test,2025-08-06,8.7554318456031,9.759881865958425
HPTrend,test,2025-08-07,8.754634047431272,9.762180662066022
HPTrend,test,2025-08-08,8.762403502247661,9.76447945817362
HPTrend,test,2025-08-11,8.759896233853777,9.766778254281217
HPTrend,test,2025-08-12,8.771177792928947,9.769077050388814
HPTrend,test,2025-08-13,8.774402666312993,9.771375846496412
HPTrend,test,2025-08-14,8.774705711191547,9.773674642604009
HPTrend,test,2025-08-15,8.771804371275183,9.775973438711606
HPTrend,test,2025-08-18,8.771703603017446,9.778272234819203
HPTrend,test,2025-08-19,8.765828273905239,9.7805710309268
HPTrend,test,2025-08-20,8.763393643272975,9.782869827034398
HPTrend,test,2025-08-21,8.759381423544024,9.785168623141995
HPTrend,test,2025-08-22,8.774453708702803,9.787467419249593
HPTrend,test,2025-08-25,8.770178196163156,9.78976621535719
HPTrend,test,2025-08-26,8.774303669873273,9.792065011464787
HPTrend,test,2025-08-27,8.776691800326576,9.794363807572385
HPTrend,test,2025-08-28,8.779843547768042,9.796662603679982
HPTrend,test,2025-08-29,8.77342480736525,9.79896139978758
HPTrend,test,2025-09-02,8.766478457304219,9.801260195895177
HPTrend,test,2025-09-03,8.77156556960716,9.803558992002774
HPTrend,test,2025-09-04,8.779877416710034,9.805857788110371
HPTrend,test,2025-09-05,8.776707244040098,9.808156584217969
HPTrend,test,2025-09-08,8.778811008490987,9.810455380325566
HPTrend,test,2025-09-09,8.78149555552106,9.812754176433163
HPTrend,test,2025-09-10,8.784474583750457,9.81505297254076
HPTrend,test,2025-09-11,8.792924671373552,9.817351768648358
HPTrend,test,2025-09-12,8.792441793492124,9.819650564755955
HPTrend,test,2025-09-15,8.797137371218684,9.821949360863552
HPTrend,test,2025-09-16,8.795848610785352,9.82424815697115
HPTrend,test,2025-09-17,8.794877971707107,9.826546953078747
HPTrend,test,2025-09-18,8.799655659543815,9.828845749186344
HPTrend,test,2025-09-19,8.804529183481296,9.831144545293942
HPTrend,test,2025-09-22,8.808929534196059,9.833443341401539
HPTrend,test,2025-09-23,8.80341218236732,9.835742137509136
HPTrend,test,2025-09-24,8.800561505202024,9.838040933616734
HPTrend,test,2025-09-25,8.795539856459497,9.840339729724331
HPTrend,test,2025-09-26,8.801424345589911,9.842638525831928
HPTrend,test,2025-09-29,8.804056422849824,9.844937321939526
HPTrend,test,2025-09-30,8.808138926463332,9.847236118047123
HPTrend,test,2025-10-01,8.811533080634556,9.84953491415472
HPTrend,test,2025-10-02,8.812151244255938,9.851833710262317
HPTrend,test,2025-10-03,8.812216754912805,9.854132506369915
HPTrend,test,2025-10-06,8.815856714195567,9.856431302477512
HPTrend,test,2025-10-07,8.812038026488715,9.85873009858511
HPTrend,test,2025-10-08,8.817848774982902,9.861028894692707
HPTrend,test,2025-10-09,8.815089401002624,9.863327690800304
HPTrend,test,2025-10-10,8.787603425562724,9.865626486907901
HPTrend,test,2025-10-13,8.803081688599658,9.867925283015499
HPTrend,test,2025-10-14,8.801516137102714,9.870224079123096
HPTrend,test,2025-10-15,8.805534055606143,9.872522875230693
HPTrend,test,2025-10-16,8.799219775331,9.87482167133829
HPTrend,test,2025-10-17,8.804476649275527,9.877120467445888
HPTrend,test,2025-10-20,8.815092373411671,9.879419263553485
HPTrend,test,2025-10-21,8.815125069328088,9.881718059661083
HPTrend,test,2025-10-22,8.809773234553345,9.88401685576868
HPTrend,test,2025-10-23,8.815583714415359,9.886315651876277
HPTrend,test,2025-10-24,8.823455076390603,9.888614447983874
HPTrend,test,2025-10-27,8.835670217717983,9.890913244091472
HPTrend,test,2025-10-28,8.837955548220213,9.893212040199069
HPTrend,test,2025-10-29,8.83791196901548,9.895510836306666
HPTrend,test,2025-10-30,8.827957777590944,9.897809632414264
HPTrend,test,2025-10-31,8.830572278508829,9.900108428521861
HPTrend,test,2025-11-03,8.832291512505746,9.902407224629458
HPTrend,test,2025-11-04,8.820485262113419,9.904706020737056
HPTrend,test,2025-11-05,8.824132159789107,9.907004816844653
HPTrend,test,2025-11-06,8.812891025274384,9.90930361295225
HPTrend,test,2025-11-07,8.814152071621878,9.911602409059848
HPTrend,test,2025-11-10,8.82943569832538,9.913901205167445
HPTrend,test,2025-11-11,8.831508898277772,9.916200001275042
HPTrend,test,2025-11-12,8.832138217403717,9.91849879738264
HPTrend,test,2025-11-13,8.815442765772788,9.920797593490237
HPTrend,test,2025-11-14,8.814940914301516,9.923096389597834
HPTrend,test,2025-11-17,8.805736416407212,9.925395185705431
HPTrend,test,2025-11-18,8.797445706563042,9.927693981813029
HPTrend,test,2025-11-19,8.801192514300308,9.929992777920626
HPTrend,test,2025-11-20,8.785502788183992,9.932291574028223
HPTrend,test,2025-11-21,8.795277891225584,9.93459037013582
HPTrend,test,2025-11-24,8.810626710124666,9.936889166243418
HPTrend,test,2025-11-25,8.819647596125499,9.939187962351015
HPTrend,test,2025-11-26,8.826530565561649,9.941486758458613
HPTrend,test,2025-11-28,8.831871052902786,9.94378555456621
HPTrend,test,2025-12-01,8.82653350415673,9.946084350673807
HPTrend,test,2025-12-02,8.828987725352667,9.948383146781405
HPTrend,test,2025-12-03,8.831963085873753,9.950681942889002
HPTrend,test,2025-12-04,8.833042824585727,9.9529807389966
HPTrend,test,2025-12-05,8.834977593470406,9.955279535104196
HPTrend,test,2025-12-08,8.831494278138758,9.957578331211794
HPTrend,test,2025-12-09,8.830617534977744,9.959877127319391
HPTrend,test,2025-12-10,8.837344415636885,9.962175923426988
HPTrend,test,2025-12-11,8.839421607620602,9.964474719534586
HPTrend,test,2025-12-12,8.828700694162047,9.966773515642183
HPTrend,test,2025-12-15,8.82710285527021,9.96907231174978
HPTrend,test,2025-12-16,8.82471609126177,9.971371107857378
HPTrend,test,2025-12-17,8.8130562346504,9.973669903964975
HPTrend,test,2025-12-18,8.820959186170878,9.975968700072572
HPTrend,test,2025-12-19,8.829738593592708,9.97826749618017
HPTrend,test,2025-12-22,8.836154464168269,9.980566292287767
HPTrend,test,2025-12-23,8.840694531215059,9.982865088395364
HPTrend,test,2025-12-24,8.84391083555976,9.985163884502962
HPTrend,test,2025-12-26,8.84360642568265,9.987462680610559
HPTrend,test,2025-12-29,8.840108262758713,9.989761476718156
HPTrend,test,2025-12-30,8.838731648508059,9.992060272825753
HPTrend,test,2025-12-31,8.83134678107381,9.99435906893335
HPTrend,test,2026-01-02,8.833239695099927,9.996657865040948
HPTrend,test,2026-01-05,8.839573719610978,9.998956661148545
HPTrend,test,2026-01-06,8.84575131161487,10.001255457256143
HPTrend,test,2026-01-07,8.842305458043862,10.00355425336374
HPTrend,test,2026-01-08,8.842382003373285,10.005853049471337
HPTrend,test,2026-01-09,8.848836614511605,10.008151845578935
HPTrend,test,2026-01-12,8.850413004570786,10.010450641686532
HPTrend,test,2026-01-13,8.848471998982578,10.01274943779413
HPTrend,test,2026-01-14,8.843124365398443,10.015048233901727
HPTrend,test,2026-01-15,8.845700969318887,10.017347030009324
HPTrend,test,2026-01-16,8.845058460650437,10.019645826116921
HPTrend,test,2026-01-20,8.824215999697175,10.021944622224519
HPTrend,test,2026-01-21,8.835737117330735,10.024243418332116
HPTrend,test,2026-01-22,8.841209618038638,10.026542214439713
HPTrend,test,2026-01-23,8.84153643446612,10.02884101054731
HPTrend,test,2026-01-26,8.84653002872628,10.031139806654908
HPTrend,test,2026-01-27,8.85060361656672,10.033438602762505
HPTrend,test,2026-01-28,8.85052189017502,10.035737398870102
HPTrend,test,2026-01-29,8.849228422732558,10.0380361949777
HPTrend,test,2026-01-30,8.8449172433181,10.040334991085297
HPTrend,test,2026-02-02,8.850294028595464,10.042633787192894
HPTrend,test,2026-02-03,8.8418545330048,10.044932583300492
HPTrend,test,2026-02-04,8.836769232849786,10.047231379408089
HPTrend,test,2026-02-05,8.824442554995954,10.049530175515686
HPTrend,test,2026-02-06,8.843946899278155,10.051828971623284
HPTrend,test,2026-02-09,8.848627017138277,10.054127767730881
HPTrend,test,2026-02-10,8.845317834853768,10.056426563838478
HPTrend,test,2026-02-11,8.845268877583818,10.058725359946076
HPTrend,test,2026-02-12,8.8294839361977,10.061024156053673
HPTrend,test,2026-02-13,8.829982900842147,10.06332295216127
HPTrend,test,2026-02-17,8.831013691472803,10.065621748268867
HPTrend,test,2026-02-18,8.836564328293939,10.067920544376465
HPTrend,test,2026-02-19,8.833738212902404,10.070219340484062
HPTrend,test,2026-02-20,8.840653968604578,10.07251813659166
HPTrend,test,2026-02-23,8.830214009133122,10.074816932699257
HPTrend,test,2026-02-24,8.837836498095506,10.077115728806854
HPTrend,test,2026-02-25,8.845939932065635,10.079414524914451
HPTrend,test,2026-02-26,8.840559905070068,10.081713321022049
HPTrend,test,2026-02-27,8.836211109942031,10.084012117129646
HPTrend,test,2026-03-02,8.836609385355166,10.086310913237243
HPTrend,test,2026-03-03,8.827120476623854,10.08860970934484
HPTrend,test,2026-03-04,8.834846602364003,10.090908505452438
HPTrend,test,2026-03-05,8.8291838945913,10.093207301560035
HPTrend,test,2026-03-06,8.815818174158803,10.095506097667633
HPTrend,test,2026-03-09,8.824088045824192,10.09780489377523
HPTrend,test,2026-03-10,8.821950643318305,10.100103689882827
HPTrend,test,2026-03-11,8.821112691132669,10.102402485990424
HPTrend,test,2026-03-12,8.805767882943176,10.104701282098022
HPTrend,test,2026-03-13,8.799690336544673,10.107000078205619
HPTrend,test,2026-03-16,8.809770246291492,10.109298874313216
HPTrend,test,2026-03-17,8.812261395676446,10.111597670420814
HPTrend,test,2026-03-18,8.798560396292714,10.113896466528411
HPTrend,test,2026-03-19,8.795807813668816,10.116195262636008
HPTrend,test,2026-03-20,8.780553879361046,10.118494058743606
HPTrend,test,2026-03-23,8.791941988456118,10.120792854851203
HPTrend,test,2026-03-24,8.788192392996798,10.1230916509588
HPTrend,test,2026-03-25,8.793596886756747,10.125390447066398
HPTrend,test,2026-03-26,8.776037445795538,10.127689243173995
HPTrend,test,2026-03-27,8.759174213849487,10.129988039281592
HPTrend,test,2026-03-30,8.75522066001613,10.13228683538919
HPTrend,test,2026-03-31,8.78393555332593,10.134585631496787
HPTrend,test,2026-04-01,8.79107849832969,10.136884427604384
HPTrend,test,2026-04-02,8.792198746465926,10.139183223711981
HPTrend,test,2026-04-06,8.79661575959753,10.141482019819579
HPTrend,test,2026-04-07,8.797374719630659,10.143780815927176
HPTrend,test,2026-04-08,8.822146757987843,10.146079612034773
HPTrend,test,2026-04-09,8.828297824857357,10.14837840814237
HPTrend,test,2026-04-10,8.827158655158216,10.150677204249968
HPTrend,test,2026-04-13,8.837280530651958,10.152976000357565
HPTrend,test,2026-04-14,8.848994519568102,10.155274796465163
HPTrend,test,2026-04-15,8.856938664479667,10.15757359257276
HPTrend,test,2026-04-16,8.859545220294953,10.159872388680357
HPTrend,test,2026-04-17,8.87151377422369,10.162171184787955
HPTrend,test,2026-04-20,8.869136578313439,10.164469980895552
HPTrend,test,2026-04-21,8.862768124732586,10.16676877700315
HPTrend,test,2026-04-22,8.873173880744122,10.169067573110746
HPTrend,test,2026-04-23,8.869032448573183,10.171366369218344
HPTrend,test,2026-04-24,8.876974516490815,10.173665165325941
HPTrend,test,2026-04-27,8.878206134491366,10.175963961433538
HPTrend,test,2026-04-28,8.87329994662257,10.178262757541136
HPTrend,test,2026-04-29,8.872900694879057,10.180561553648733
HPTrend,test,2026-04-30,8.883086879047163,10.18286034975633
HPTrend,test,2026-05-01,8.886010928733684,10.185159145863928
HPTrend,test,2026-05-04,8.881940466245842,10.187457941971525
HPTrend,test,2026-05-05,8.890027693626418,10.189756738079122
HPTrend,test,2026-05-06,8.904510637954164,10.19205553418672
HPTrend,test,2026-05-07,8.900700292471486,10.194354330294317
HPTrend,test,2026-05-08,8.909090697900519,10.196653126401914
HPTrend,test,2026-05-11,8.910968889641193,10.198951922509512
HPTrend,test,2026-05-12,8.909364995229785,10.201250718617109
HPTrend,test,2026-05-13,8.91519720129278,10.203549514724706
HPTrend,test,2026-05-14,8.92282365043652,10.205848310832303
HPTrend,test,2026-05-15,8.91038326864879,10.2081471069399
HPTrend,test,2026-05-18,8.909647330056224,10.210445903047498
HPTrend,test,2026-05-19,8.902946609499553,10.212744699155095
HPTrend,test,2026-05-20,8.91368081756588,10.215043495262693
HPTrend,test,2026-05-21,8.915394678497545,10.21734229137029
HPTrend,test,2026-05-22,8.919114723781886,10.219641087477887
HPTrend,test,2026-05-26,8.925204404405033,10.221939883585485
HPTrend,test,2026-05-27,8.925369269958653,10.224238679693082
HPTrend,test,2026-05-28,8.93110649717087,10.22653747580068
HPTrend,test,2026-05-29,8.933276401902356,10.228836271908277
HPTrend,test,2026-06-01,8.935898257962847,10.231135068015874
HPTrend,test,2026-06-02,8.937189512875436,10.233433864123471
WhittakerTrend,validation,2019-11-04,8.032123036194836,8.02879318614383
WhittakerTrend,validation,2019-11-05,8.030936633483016,8.031586753524829
WhittakerTrend,validation,2019-11-06,8.031638884075305,8.034380320905829
WhittakerTrend,validation,2019-11-07,8.034365259319586,8.037173888286828
WhittakerTrend,validation,2019-11-08,8.036922662464702,8.039967455667828
WhittakerTrend,validation,2019-11-11,8.034958267051364,8.042761023048827
WhittakerTrend,validation,2019-11-12,8.036521690352627,8.045554590429827
WhittakerTrend,validation,2019-11-13,8.037232971922744,8.048348157810826
WhittakerTrend,validation,2019-11-14,8.0380696645372,8.051141725191826
WhittakerTrend,validation,2019-11-15,8.045735693315173,8.053935292572826
WhittakerTrend,validation,2019-11-18,8.046238719637984,8.056728859953825
WhittakerTrend,validation,2019-11-19,8.04564594953829,8.059522427334825
WhittakerTrend,validation,2019-11-20,8.04188269311735,8.062315994715824
WhittakerTrend,validation,2019-11-21,8.04029868703116,8.065109562096824
WhittakerTrend,validation,2019-11-22,8.042471260973537,8.067903129477823
WhittakerTrend,validation,2019-11-25,8.049950512861004,8.070696696858823
WhittakerTrend,validation,2019-11-26,8.052143676505944,8.073490264239823
WhittakerTrend,validation,2019-11-27,8.056309412131244,8.076283831620822
WhittakerTrend,validation,2019-11-29,8.052290125901255,8.079077399001822
WhittakerTrend,validation,2019-12-02,8.04362164220729,8.081870966382821
WhittakerTrend,validation,2019-12-03,8.036961416949246,8.08466453376382
WhittakerTrend,validation,2019-12-04,8.043265074558017,8.08745810114482
WhittakerTrend,validation,2019-12-05,8.044764201484647,8.09025166852582
WhittakerTrend,validation,2019-12-06,8.053858447515072,8.09304523590682
WhittakerTrend,validation,2019-12-09,8.050690613830596,8.095838803287819
WhittakerTrend,validation,2019-12-10,8.049593077661614,8.098632370668819
WhittakerTrend,validation,2019-12-11,8.052497015190964,8.101425938049818
WhittakerTrend,validation,2019-12-12,8.06103568256652,8.104219505430818
WhittakerTrend,validation,2019-12-13,8.061108261716734,8.107013072811817
WhittakerTrend,validation,2019-12-16,8.068230622659277,8.109806640192817
WhittakerTrend,validation,2019-12-17,8.068565858687737,8.112600207573816
WhittakerTrend,validation,2019-12-18,8.068133465047215,8.115393774954816
WhittakerTrend,validation,2019-12-19,8.07258284386908,8.118187342335816
WhittakerTrend,validation,2019-12-20,8.077515439673414,8.120980909716815
WhittakerTrend,validation,2019-12-23,8.078381208387713,8.123774477097815
WhittakerTrend,validation,2019-12-24,8.078185741085244,8.126568044478814
WhittakerTrend,validation,2019-12-26,8.083300803495298,8.129361611859814
WhittakerTrend,validation,2019-12-27,8.083334787634955,8.132155179240813
WhittakerTrend,validation,2019-12-30,8.077537191555606,8.134948746621813
WhittakerTrend,validation,2019-12-31,8.080478882199797,8.137742314002812
WhittakerTrend,validation,2020-01-02,8.088822777562113,8.140535881383812
WhittakerTrend,validation,2020-01-03,8.081737868197159,8.143329448764812
WhittakerTrend,validation,2020-01-06,8.085265013391432,8.146123016145811
WhittakerTrend,validation,2020-01-07,8.082457838306837,8.14891658352681
WhittakerTrend,validation,2020-01-08,8.087348311792478,8.15171015090781
WhittakerTrend,validation,2020-01-09,8.093981525909385,8.15450371828881
WhittakerTrend,validation,2020-01-10,8.091122263421878,8.15729728566981
WhittakerTrend,validation,2020-01-13,8.098074257467813,8.160090853050809
WhittakerTrend,validation,2020-01-14,8.096558576630917,8.162884420431809
WhittakerTrend,validation,2020-01-15,8.098427026874605,8.165677987812808
WhittakerTrend,validation,2020-01-16,8.106758774296837,8.168471555193808
WhittakerTrend,validation,2020-01-17,8.110613497544321,8.171265122574807
WhittakerTrend,validation,2020-01-21,8.107957997174736,8.174058689955807
WhittakerTrend,validation,2020-01-22,8.108247031471418,8.176852257336806
WhittakerTrend,validation,2020-01-23,8.109387357664776,8.179645824717806
WhittakerTrend,validation,2020-01-24,8.100304068238582,8.182439392098805
WhittakerTrend,validation,2020-01-27,8.084448315881739,8.185232959479805
WhittakerTrend,validation,2020-01-28,8.094451699382091,8.188026526860805
WhittakerTrend,validation,2020-01-29,8.093584449238506,8.190820094241804
WhittakerTrend,validation,2020-01-30,8.096713906168716,8.193613661622804
WhittakerTrend,validation,2020-01-31,8.078849462597354,8.196407229003803
WhittakerTrend,validation,2020-02-03,8.086077888358586,8.199200796384803
WhittakerTrend,validation,2020-02-04,8.100947204276093,8.201994363765802
WhittakerTrend,validation,2020-02-05,8.112134982935066,8.204787931146802
WhittakerTrend,validation,2020-02-06,8.115455137992068,8.207581498527802
WhittakerTrend,validation,2020-02-07,8.110039646982608,8.210375065908801
WhittakerTrend,validation,2020-02-10,8.117339337103182,8.2131686332898
WhittakerTrend,validation,2020-02-11,8.119026385789185,8.2159622006708
WhittakerTrend,validation,2020-02-12,8.125468238894388,8.2187557680518
WhittakerTrend,validation,2020-02-13,8.123836462534399,8.2215493354328
WhittakerTrend,validation,2020-02-14,8.125678298632884,8.224342902813799
WhittakerTrend,validation,2020-02-18,8.122754084646736,8.227136470194798
WhittakerTrend,validation,2020-02-19,8.127448832931021,8.229930037575798
WhittakerTrend,validation,2020-02-20,8.123626015503024,8.232723604956798
WhittakerTrend,validation,2020-02-21,8.113052206270204,8.235517172337797
WhittakerTrend,validation,2020-02-24,8.078964126849764,8.238310739718797
WhittakerTrend,validation,2020-02-25,8.04821622247441,8.241104307099796
WhittakerTrend,validation,2020-02-26,8.044430525150881,8.243897874480796
WhittakerTrend,validation,2020-02-27,7.999262388798619,8.246691441861795
WhittakerTrend,validation,2020-02-28,7.990989925688966,8.249485009242795
WhittakerTrend,validation,2020-03-02,8.03600079445838,8.252278576623794
WhittakerTrend,validation,2020-03-03,8.007490309535465,8.255072144004794
WhittakerTrend,validation,2020-03-04,8.048826658896099,8.257865711385794
WhittakerTrend,validation,2020-03-05,8.014315876456116,8.260659278766793
WhittakerTrend,validation,2020-03-06,7.997114932803731,8.263452846147793
WhittakerTrend,validation,2020-03-09,7.918104519863359,8.266246413528792
WhittakerTrend,validation,2020-03-10,7.966319572289218,8.269039980909792
WhittakerTrend,validation,2020-03-11,7.916216679480613,8.271833548290791
WhittakerTrend,validation,2020-03-12,7.81627182707814,8.274627115671791
WhittakerTrend,validation,2020-03-13,7.905080234027375,8.27742068305279
WhittakerTrend,validation,2020-03-16,7.777428036554558,8.28021425043379
WhittakerTrend,validation,2020-03-17,7.83565434919025,8.28300781781479
WhittakerTrend,validation,2020-03-18,7.78243207685817,8.28580138519579
WhittakerTrend,validation,2020-03-19,7.787128837828571,8.288594952576789
WhittakerTrend,validation,2020-03-20,7.742801213775204,8.291388519957788
WhittakerTrend,validation,2020-03-23,7.713069712765627,8.294182087338788
WhittakerTrend,validation,2020-03-24,7.80275294528359,8.296975654719787
WhittakerTrend,validation,2020-03-25,7.8142219357044125,8.299769222100787
WhittakerTrend,validation,2020-03-26,7.874765766778659,8.302562789481787
WhittakerTrend,validation,2020-03-27,7.840497921237032,8.305356356862786
WhittakerTrend,validation,2020-03-30,7.873464511807008,8.308149924243786
WhittakerTrend,validation,2020-03-31,7.857322201018592,8.310943491624785
WhittakerTrend,validation,2020-04-01,7.812175838285805,8.313737059005785
WhittakerTrend,validation,2020-04-02,7.834748495342765,8.316530626386784
WhittakerTrend,validation,2020-04-03,7.81949563451682,8.319324193767784
WhittakerTrend,validation,2020-04-06,7.887463878661651,8.322117761148784
WhittakerTrend,validation,2020-04-07,7.885859539613288,8.324911328529783
WhittakerTrend,validation,2020-04-08,7.919348910804573,8.327704895910783
WhittakerTrend,validation,2020-04-09,7.933732381108273,8.330498463291782
WhittakerTrend,validation,2020-04-13,7.923576321663596,8.333292030672782
WhittakerTrend,validation,2020-04-14,7.953690881235903,8.336085598053781
WhittakerTrend,validation,2020-04-15,7.931414148563534,8.338879165434781
WhittakerTrend,validation,2020-04-16,7.9372139864030755,8.34167273281578
WhittakerTrend,validation,2020-04-17,7.963654918424396,8.34446630019678
WhittakerTrend,validation,2020-04-20,7.945612072809048,8.34725986757778
WhittakerTrend,validation,2020-04-21,7.914456957572717,8.35005343495878
WhittakerTrend,validation,2020-04-22,7.937128258154854,8.352847002339779
WhittakerTrend,validation,2020-04-23,7.936588690494658,8.355640569720778
WhittakerTrend,validation,2020-04-24,7.950410781061498,8.358434137101778
WhittakerTrend,validation,2020-04-27,7.965017649243234,8.361227704482777
WhittakerTrend,validation,2020-04-28,7.95976147905275,8.364021271863777
WhittakerTrend,validation,2020-04-29,7.985998183097823,8.366814839244777
WhittakerTrend,validation,2020-04-30,7.976743039778769,8.369608406625776
WhittakerTrend,validation,2020-05-01,7.948282828763992,8.372401974006776
WhittakerTrend,validation,2020-05-04,7.952523651342842,8.375195541387775
WhittakerTrend,validation,2020-05-05,7.961523586540622,8.377989108768775
WhittakerTrend,validation,2020-05-06,7.954519706141579,8.380782676149774
WhittakerTrend,validation,2020-05-07,7.96595866189647,8.383576243530774
WhittakerTrend,validation,2020-05-08,7.982689456961696,8.386369810911773
WhittakerTrend,validation,2020-05-11,7.982822526328487,8.389163378292773
WhittakerTrend,validation,2020-05-12,7.962109160556439,8.391956945673773
WhittakerTrend,validation,2020-05-13,7.944492163932159,8.394750513054772
WhittakerTrend,validation,2020-05-14,7.955951081736231,8.397544080435772
WhittakerTrend,validation,2020-05-15,7.959869756939954,8.400337647816771
WhittakerTrend,validation,2020-05-18,7.990884965710027,8.40313121519777
WhittakerTrend,validation,2020-05-19,7.980345217998428,8.40592478257877
WhittakerTrend,validation,2020-05-20,7.996859208611843,8.40871834995977
WhittakerTrend,validation,2020-05-21,7.98905524030189,8.41151191734077
WhittakerTrend,validation,2020-05-22,7.991406185988702,8.414305484721769
WhittakerTrend,validation,2020-05-26,8.003620471010162,8.417099052102769
WhittakerTrend,validation,2020-05-27,8.018338918500477,8.419892619483768
WhittakerTrend,validation,2020-05-28,8.016228779175558,8.422686186864768
WhittakerTrend,validation,2020-05-29,8.021029572727866,8.425479754245767
WhittakerTrend,validation,2020-06-01,8.024773789206229,8.428273321626767
WhittakerTrend,validation,2020-06-02,8.03295109648863,8.431066889007766
WhittakerTrend,validation,2020-06-03,8.046507767301192,8.433860456388766
WhittakerTrend,validation,2020-06-04,8.043133378217583,8.436654023769766
WhittakerTrend,validation,2020-06-05,8.06900739103922,8.439447591150765
WhittakerTrend,validation,2020-06-08,8.080977047445025,8.442241158531765
WhittakerTrend,validation,2020-06-09,8.073147304025303,8.445034725912764
WhittakerTrend,validation,2020-06-10,8.067820048290121,8.447828293293764
WhittakerTrend,validation,2020-06-11,8.007067355293833,8.450621860674763
WhittakerTrend,validation,2020-06-12,8.020043641899044,8.453415428055763
WhittakerTrend,validation,2020-06-15,8.028321502717219,8.456208995436763
WhittakerTrend,validation,2020-06-16,8.04710635558393,8.459002562817762
WhittakerTrend,validation,2020-06-17,8.0434995593513,8.461796130198762
WhittakerTrend,validation,2020-06-18,8.044093602755103,8.464589697579761
WhittakerTrend,validation,2020-06-19,8.038428089189429,8.46738326496076
WhittakerTrend,validation,2020-06-22,8.044902182486087,8.47017683234176
WhittakerTrend,validation,2020-06-23,8.049200351677571,8.47297039972276
WhittakerTrend,validation,2020-06-24,8.023005086081909,8.47576396710376
WhittakerTrend,validation,2020-06-25,8.033904913810126,8.478557534484759
WhittakerTrend,validation,2020-06-26,8.009379709535295,8.481351101865759
WhittakerTrend,validation,2020-06-29,8.023958597648829,8.484144669246758
WhittakerTrend,validation,2020-06-30,8.039250947084584,8.486938236627758
WhittakerTrend,validation,2020-07-01,8.044260511060456,8.489731804008757
WhittakerTrend,validation,2020-07-02,8.048791481537272,8.492525371389757
WhittakerTrend,validation,2020-07-06,8.064548412369435,8.495318938770756
WhittakerTrend,validation,2020-07-07,8.053670934499792,8.498112506151756
WhittakerTrend,validation,2020-07-08,8.061467920763222,8.500906073532756
WhittakerTrend,validation,2020-07-09,8.055808329287027,8.503699640913755
WhittakerTrend,validation,2020-07-10,8.066220139061471,8.506493208294755
WhittakerTrend,validation,2020-07-13,8.056813493845413,8.509286775675754
WhittakerTrend,validation,2020-07-14,8.070130794428316,8.512080343056754
WhittakerTrend,validation,2020-07-15,8.07917185136467,8.514873910437753
WhittakerTrend,validation,2020-07-16,8.075759936150556,8.517667477818753
WhittakerTrend,validation,2020-07-17,8.07860449873814,8.520461045199752
WhittakerTrend,validation,2020-07-20,8.08697629599328,8.523254612580752
WhittakerTrend,validation,2020-07-21,8.08865392532784,8.526048179961752
WhittakerTrend,validation,2020-07-22,8.094384555922312,8.528841747342751
WhittakerTrend,validation,2020-07-23,8.081988177510066,8.53163531472375
WhittakerTrend,validation,2020-07-24,8.07577853748579,8.53442888210475
WhittakerTrend,validation,2020-07-27,8.083146466307273,8.53722244948575
WhittakerTrend,validation,2020-07-28,8.076652030888626,8.54001601686675
WhittakerTrend,validation,2020-07-29,8.08900381424037,8.542809584247749
WhittakerTrend,validation,2020-07-30,8.085246512476914,8.545603151628749
WhittakerTrend,validation,2020-07-31,8.09288774871909,8.548396719009748
WhittakerTrend,validation,2020-08-03,8.10004311138345,8.551190286390748
WhittakerTrend,validation,2020-08-04,8.103648534409583,8.553983853771747
WhittakerTrend,validation,2020-08-05,8.1100576948451,8.556777421152747
WhittakerTrend,validation,2020-08-06,8.116464820865765,8.559570988533746
WhittakerTrend,validation,2020-08-07,8.117097650135722,8.562364555914746
WhittakerTrend,validation,2020-08-10,8.119836115409115,8.565158123295745
WhittakerTrend,validation,2020-08-11,8.111835060007737,8.567951690676745
WhittakerTrend,validation,2020-08-12,8.12573456230135,8.570745258057745
WhittakerTrend,validation,2020-08-13,8.123685289625193,8.573538825438744
WhittakerTrend,validation,2020-08-14,8.123513392228915,8.576332392819744
WhittakerTrend,validation,2020-08-17,8.126219569736339,8.579125960200743
WhittakerTrend,validation,2020-08-18,8.128520310156155,8.581919527581743
WhittakerTrend,validation,2020-08-19,8.124106186810973,8.584713094962742
WhittakerTrend,validation,2020-08-20,8.127259841579319,8.587506662343742
WhittakerTrend,validation,2020-08-21,8.130695041562293,8.590300229724741
WhittakerTrend,validation,2020-08-24,8.140688656927194,8.593093797105741
WhittakerTrend,validation,2020-08-25,8.144278556672734,8.59588736448674
WhittakerTrend,validation,2020-08-26,8.154422558017577,8.59868093186774
WhittakerTrend,validation,2020-08-27,8.156094204049387,8.60147449924874
WhittakerTrend,validation,2020-08-28,8.162804206898956,8.60426806662974
WhittakerTrend,validation,2020-08-31,8.160606831723447,8.607061634010739
WhittakerTrend,validation,2020-09-01,8.168103663144153,8.609855201391738
WhittakerTrend,validation,2020-09-02,8.183352713288023,8.612648768772738
WhittakerTrend,validation,2020-09-03,8.147595119145837,8.615442336153738
WhittakerTrend,validation,2020-09-04,8.139428838391563,8.618235903534737
WhittakerTrend,validation,2020-09-08,8.111280009305096,8.621029470915737
WhittakerTrend,validation,2020-09-09,8.131224769967277,8.623823038296736
WhittakerTrend,validation,2020-09-10,8.11348352404188,8.626616605677736
WhittakerTrend,validation,2020-09-11,8.114016454199968,8.629410173058735
WhittakerTrend,validation,2020-09-14,8.126677789224992,8.632203740439735
WhittakerTrend,validation,2020-09-15,8.131883575155491,8.634997307820734
WhittakerTrend,validation,2020-09-16,8.12725392826334,8.637790875201734
WhittakerTrend,validation,2020-09-17,8.118805978734787,8.640584442582734
WhittakerTrend,validation,2020-09-18,8.107560401786959,8.643378009963733
WhittakerTrend,validation,2020-09-21,8.09592183775966,8.646171577344733
WhittakerTrend,validation,2020-09-22,8.106384854158037,8.648965144725732
WhittakerTrend,validation,2020-09-23,8.082377515243662,8.651758712106732
WhittakerTrend,validation,2020-09-24,8.085360520798291,8.654552279487731
WhittakerTrend,validation,2020-09-25,8.10121096002248,8.657345846868731
WhittakerTrend,validation,2020-09-28,8.117193151876334,8.66013941424973
WhittakerTrend,validation,2020-09-29,8.11236886917189,8.66293298163073
WhittakerTrend,validation,2020-09-30,8.12058871174027,8.66572654901173
WhittakerTrend,validation,2020-10-01,8.125867661304564,8.66852011639273
WhittakerTrend,validation,2020-10-02,8.116243848438193,8.671313683773729
WhittakerTrend,validation,2020-10-05,8.134056957441095,8.674107251154728
WhittakerTrend,validation,2020-10-06,8.119984893053571,8.676900818535728
WhittakerTrend,validation,2020-10-07,8.137232056823812,8.679694385916727
WhittakerTrend,validation,2020-10-08,8.145210269718682,8.682487953297727
WhittakerTrend,validation,2020-10-09,8.153965364899435,8.685281520678727
WhittakerTrend,validation,2020-10-12,8.17024789505776,8.688075088059726
WhittakerTrend,validation,2020-10-13,8.163921003428596,8.690868655440726
WhittakerTrend,validation,2020-10-14,8.157275831344537,8.693662222821725
WhittakerTrend,validation,2020-10-15,8.155746907830324,8.696455790202725
WhittakerTrend,validation,2020-10-16,8.155881818286954,8.699249357583724
WhittakerTrend,validation,2020-10-19,8.139417154772012,8.702042924964724
WhittakerTrend,validation,2020-10-20,8.144133350092012,8.704836492345724
WhittakerTrend,validation,2020-10-21,8.141935236080442,8.707630059726723
WhittakerTrend,validation,2020-10-22,8.147140590083934,8.710423627107723
WhittakerTrend,validation,2020-10-23,8.150580428404323,8.713217194488722
WhittakerTrend,validation,2020-10-26,8.131815955419002,8.716010761869722
WhittakerTrend,validation,2020-10-27,8.128785750068555,8.718804329250721
WhittakerTrend,validation,2020-10-28,8.092860207959978,8.721597896631721
WhittakerTrend,validation,2020-10-29,8.104736732899976,8.72439146401272
WhittakerTrend,validation,2020-10-30,8.092533019454715,8.72718503139372
WhittakerTrend,validation,2020-11-02,8.104775970345306,8.72997859877472
WhittakerTrend,validation,2020-11-03,8.122418708029384,8.73277216615572
WhittakerTrend,validation,2020-11-04,8.144226233684476,8.735565733536719
WhittakerTrend,validation,2020-11-05,8.163499499461178,8.738359300917718
WhittakerTrend,validation,2020-11-06,8.163211742875804,8.741152868298718
WhittakerTrend,validation,2020-11-09,8.174843717622148,8.743946435679717
WhittakerTrend,validation,2020-11-10,8.17344294240128,8.746740003060717
WhittakerTrend,validation,2020-11-11,8.181065670764273,8.749533570441717
WhittakerTrend,validation,2020-11-12,8.171037019217202,8.752327137822716
WhittakerTrend,validation,2020-11-13,8.184555565923496,8.755120705203716
WhittakerTrend,validation,2020-11-16,8.196136300846328,8.757914272584715
WhittakerTrend,validation,2020-11-17,8.191332857061681,8.760707839965715
WhittakerTrend,validation,2020-11-18,8.1797016464142,8.763501407346714
WhittakerTrend,validation,2020-11-19,8.183640322104933,8.766294974727714
WhittakerTrend,validation,2020-11-20,8.176824584732014,8.769088542108713
WhittakerTrend,validation,2020-11-23,8.182444692913863,8.771882109489713
WhittakerTrend,validation,2020-11-24,8.198477151727896,8.774675676870713
WhittakerTrend,validation,2020-11-25,8.196891476972386,8.777469244251712
WhittakerTrend,validation,2020-11-27,8.199285587998288,8.780262811632712
WhittakerTrend,validation,2020-11-30,8.194679447361315,8.783056379013711
WhittakerTrend,validation,2020-12-01,8.20588758802291,8.78584994639471
WhittakerTrend,validation,2020-12-02,8.207677152551513,8.78864351377571
WhittakerTrend,validation,2020-12-03,8.207052800471219,8.79143708115671
WhittakerTrend,validation,2020-12-04,8.215850264186406,8.79423064853771
WhittakerTrend,validation,2020-12-07,8.213912750747442,8.797024215918709
WhittakerTrend,validation,2020-12-08,8.216696021917613,8.799817783299709
WhittakerTrend,validation,2020-12-09,8.20871505696914,8.802611350680708
WhittakerTrend,validation,2020-12-10,8.207429122441368,8.805404918061708
WhittakerTrend,validation,2020-12-11,8.206163324357137,8.808198485442707
WhittakerTrend,validation,2020-12-14,8.20179453611199,8.810992052823707
WhittakerTrend,validation,2020-12-15,8.214633018134208,8.813785620204706
WhittakerTrend,validation,2020-12-16,8.216404243754532,8.816579187585706
WhittakerTrend,validation,2020-12-17,8.222145386563515,8.819372754966706
WhittakerTrend,validation,2020-12-18,8.218628089611366,8.822166322347705
WhittakerTrend,validation,2020-12-21,8.214714161124457,8.824959889728705
WhittakerTrend,validation,2020-12-22,8.212638916432686,8.827753457109704
WhittakerTrend,validation,2020-12-23,8.213384449704504,8.830547024490704
WhittakerTrend,validation,2020-12-24,8.216914799683991,8.833340591871703
WhittakerTrend,validation,2020-12-28,8.225599507222404,8.836134159252703
WhittakerTrend,validation,2020-12-29,8.223369642395124,8.838927726633703
WhittakerTrend,validation,2020-12-30,8.224710290490204,8.841721294014702
WhittakerTrend,validation,2020-12-31,8.231128495201908,8.844514861395702
WhittakerTrend,validation,2021-01-04,8.216263732489882,8.847308428776701
WhittakerTrend,validation,2021-01-05,8.223321363873243,8.8501019961577
WhittakerTrend,validation,2021-01-06,8.229014967255718,8.8528955635387
WhittakerTrend,validation,2021-01-07,8.24375322736347,8.8556891309197
WhittakerTrend,validation,2021-01-08,8.249230064756986,8.8584826983007
WhittakerTrend,validation,2021-01-11,8.242653737140365,8.861276265681699
WhittakerTrend,validation,2021-01-12,8.243069439170934,8.864069833062699
WhittakerTrend,validation,2021-01-13,8.24534249555766,8.866863400443698
WhittakerTrend,validation,2021-01-14,8.241581982488917,8.869656967824698
WhittakerTrend,validation,2021-01-15,8.234365981690638,8.872450535205697
WhittakerTrend,validation,2021-01-19,8.2424694393264,8.875244102586697
WhittakerTrend,validation,2021-01-20,8.256308856702912,8.878037669967696
WhittakerTrend,validation,2021-01-21,8.256625529864225,8.880831237348696
WhittakerTrend,validation,2021-01-22,8.253610377201287,8.883624804729696
WhittakerTrend,validation,2021-01-25,8.257219694714305,8.886418372110695
WhittakerTrend,validation,2021-01-26,8.255729751553151,8.889211939491695
WhittakerTrend,validation,2021-01-27,8.22971643642705,8.892005506872694
WhittakerTrend,validation,2021-01-28,8.23942973520581,8.894799074253694
WhittakerTrend,validation,2021-01-29,8.219929357551019,8.897592641634693
WhittakerTrend,validation,2021-02-01,8.235853657785697,8.900386209015693
WhittakerTrend,validation,2021-02-02,8.249656186600008,8.903179776396692
WhittakerTrend,validation,2021-02-03,8.250664447215353,8.905973343777692
WhittakerTrend,validation,2021-02-04,8.261459294859275,8.908766911158692
WhittakerTrend,validation,2021-02-05,8.265349214467038,8.911560478539691
WhittakerTrend,validation,2021-02-08,8.272721321943328,8.91435404592069
WhittakerTrend,validation,2021-02-09,8.271607176521606,8.91714761330169
WhittakerTrend,validation,2021-02-10,8.271261931999215,8.91994118068269
WhittakerTrend,validation,2021-02-11,8.272923006813803,8.92273474806369
WhittakerTrend,validation,2021-02-12,8.277622977739965,8.925528315444689
WhittakerTrend,validation,2021-02-16,8.27705354322455,8.928321882825689
WhittakerTrend,validation,2021-02-17,8.276733089875632,8.931115450206688
WhittakerTrend,validation,2021-02-18,8.27230747564839,8.933909017587688
WhittakerTrend,validation,2021-02-19,8.270450856552724,8.936702584968687
WhittakerTrend,validation,2021-02-22,8.262687963659014,8.939496152349687
WhittakerTrend,validation,2021-02-23,8.26394349327054,8.942289719730686
WhittakerTrend,validation,2021-02-24,8.275231160941527,8.945083287111686
WhittakerTrend,validation,2021-02-25,8.250447766517354,8.947876854492685
WhittakerTrend,validation,2021-02-26,8.245686234223555,8.950670421873685
WhittakerTrend,validation,2021-03-01,8.269198407449249,8.953463989254685
WhittakerTrend,validation,2021-03-02,8.26108472870974,8.956257556635684
WhittakerTrend,validation,2021-03-03,8.247932392814938,8.959051124016684
WhittakerTrend,validation,2021-03-04,8.234424354750548,8.961844691397683
WhittakerTrend,validation,2021-03-05,8.253732711089258,8.964638258778683
WhittakerTrend,validation,2021-03-08,8.248359067865232,8.967431826159682
WhittakerTrend,validation,2021-03-09,8.262414468609164,8.970225393540682
WhittakerTrend,validation,2021-03-10,8.268426672380151,8.973018960921681
WhittakerTrend,validation,2021-03-11,8.278768497880808,8.975812528302681
WhittakerTrend,validation,2021-03-12,8.27978338120834,8.97860609568368
WhittakerTrend,validation,2021-03-15,8.286254320747753,8.98139966306468
WhittakerTrend,validation,2021-03-16,8.284683403769156,8.98419323044568
WhittakerTrend,validation,2021-03-17,8.287558648419315,8.98698679782668
WhittakerTrend,validation,2021-03-18,8.272688088353368,8.989780365207679
WhittakerTrend,validation,2021-03-19,8.272085202679614,8.992573932588678
WhittakerTrend,validation,2021-03-22,8.279085759577956,8.995367499969678
WhittakerTrend,validation,2021-03-23,8.271425641458622,8.998161067350678
WhittakerTrend,validation,2021-03-24,8.265943304858274,9.000954634731677
WhittakerTrend,validation,2021-03-25,8.271169888291002,9.003748202112677
WhittakerTrend,validation,2021-03-26,8.287664306949718,9.006541769493676
WhittakerTrend,validation,2021-03-29,8.286795917323332,9.009335336874676
WhittakerTrend,validation,2021-03-30,8.283633087913682,9.012128904255675
WhittakerTrend,validation,2021-03-31,8.287249041506103,9.014922471636675
WhittakerTrend,validation,2021-04-01,8.299004871933777,9.017716039017674
WhittakerTrend,validation,2021-04-05,8.31333985969602,9.020509606398674
WhittakerTrend,validation,2021-04-06,8.312365854755223,9.023303173779674
WhittakerTrend,validation,2021-04-07,8.31384000045333,9.026096741160673
WhittakerTrend,validation,2021-04-08,8.318051751393922,9.028890308541673
WhittakerTrend,validation,2021-04-09,8.32574203952961,9.031683875922672
WhittakerTrend,validation,2021-04-12,8.32554594145487,9.034477443303672
WhittakerTrend,validation,2021-04-13,8.328835013331933,9.037271010684671
WhittakerTrend,validation,2021-04-14,8.324738909011202,9.040064578065671
WhittakerTrend,validation,2021-04-15,8.335772010412322,9.04285814544667
WhittakerTrend,validation,2021-04-16,8.339374333802839,9.04565171282767
WhittakerTrend,validation,2021-04-19,8.334053643909082,9.04844528020867
WhittakerTrend,validation,2021-04-20,8.327228082904004,9.05123884758967
WhittakerTrend,validation,2021-04-21,8.336491103823857,9.054032414970669
WhittakerTrend,validation,2021-04-22,8.327237765963302,9.056825982351668
WhittakerTrend,validation,2021-04-23,8.338107175858834,9.059619549732668
WhittakerTrend,validation,2021-04-26,8.339887860423417,9.062413117113667
WhittakerTrend,validation,2021-04-27,8.339672941441972,9.065206684494667
WhittakerTrend,validation,2021-04-28,8.338827043854575,9.068000251875667
WhittakerTrend,validation,2021-04-29,8.345567085391279,9.070793819256666
WhittakerTrend,validation,2021-04-30,8.338346371974158,9.073587386637666
WhittakerTrend,validation,2021-05-03,8.34109069362367,9.076380954018665
WhittakerTrend,validation,2021-05-04,8.334389956133823,9.079174521399665
WhittakerTrend,validation,2021-05-05,8.335093172580937,9.081968088780664
WhittakerTrend,validation,2021-05-06,8.343225472079569,9.084761656161664
WhittakerTrend,validation,2021-05-07,8.350571763498756,9.087555223542664
WhittakerTrend,validation,2021-05-10,8.340081282995618,9.090348790923663
WhittakerTrend,validation,2021-05-11,8.331369532853836,9.093142358304663
WhittakerTrend,validation,2021-05-12,8.309686750495533,9.095935925685662
WhittakerTrend,validation,2021-05-13,8.321786395073627,9.098729493066662
WhittakerTrend,validation,2021-05-14,8.33659417363725,9.101523060447661
WhittakerTrend,validation,2021-05-17,8.33406091545329,9.104316627828661
WhittakerTrend,validation,2021-05-18,8.325507143069256,9.10711019520966
WhittakerTrend,validation,2021-05-19,8.322559391257878,9.10990376259066
WhittakerTrend,validation,2021-05-20,8.333058820592386,9.11269732997166
WhittakerTrend,validation,2021-05-21,8.332274632517134,9.11549089735266
WhittakerTrend,validation,2021-05-24,8.342137129998349,9.118284464733659
WhittakerTrend,validation,2021-05-25,8.34000958459752,9.121078032114658
WhittakerTrend,validation,2021-05-26,8.341884642148132,9.123871599495658
WhittakerTrend,validation,2021-05-27,8.343049278237995,9.126665166876657
WhittakerTrend,validation,2021-05-28,8.343817864690882,9.129458734257657
WhittakerTrend,validation,2021-06-01,8.343325409932252,9.132252301638657
WhittakerTrend,validation,2021-06-02,8.344771298969153,9.135045869019656
WhittakerTrend,validation,2021-06-03,8.341135995913104,9.137839436400656
WhittakerTrend,validation,2021-06-04,8.34993129929612,9.140633003781655
WhittakerTrend,validation,2021-06-07,8.349134243026699,9.143426571162655
WhittakerTrend,validation,2021-06-08,8.34930925257614,9.146220138543654
WhittakerTrend,validation,2021-06-09,8.347483719985524,9.149013705924654
WhittakerTrend,validation,2021-06-10,8.352125174761987,9.151807273305653
WhittakerTrend,validation,2021-06-11,8.354071713694795,9.154600840686653
WhittakerTrend,validation,2021-06-14,8.355885270079932,9.157394408067653
WhittakerTrend,validation,2021-06-15,8.353871550125655,9.160187975448652
WhittakerTrend,validation,2021-06-16,8.34846684637863,9.162981542829652
WhittakerTrend,validation,2021-06-17,8.348031035834957,9.165775110210651
WhittakerTrend,validation,2021-06-18,8.334819680147673,9.16856867759165
WhittakerTrend,validation,2021-06-21,8.348724843659992,9.17136224497265
WhittakerTrend,validation,2021-06-22,8.353836250038983,9.17415581235365
WhittakerTrend,validation,2021-06-23,8.352752379520334,9.17694937973465
WhittakerTrend,validation,2021-06-24,8.358546809066251,9.179742947115649
WhittakerTrend,validation,2021-06-25,8.361871872230937,9.182536514496649
WhittakerTrend,validation,2021-06-28,8.36418416109141,9.185330081877648
WhittakerTrend,validation,2021-06-29,8.364461458834096,9.188123649258648
WhittakerTrend,validation,2021-06-30,8.365788737257004,9.190917216639647
WhittakerTrend,validation,2021-07-01,8.370996778689259,9.193710784020647
WhittakerTrend,validation,2021-07-02,8.37846887458395,9.196504351401646
WhittakerTrend,validation,2021-07-06,8.376444971813928,9.199297918782646
WhittakerTrend,validation,2021-07-07,8.379798318367591,9.202091486163646
WhittakerTrend,validation,2021-07-08,8.371200437358036,9.204885053544645
WhittakerTrend,validation,2021-07-09,8.38241526326045,9.207678620925645
WhittakerTrend,validation,2021-07-12,8.385860495956043,9.210472188306644
WhittakerTrend,validation,2021-07-13,8.382337484774878,9.213265755687644
WhittakerTrend,validation,2021-07-14,8.383501741340346,9.216059323068643
WhittakerTrend,validation,2021-07-15,8.380234167777601,9.218852890449643
WhittakerTrend,validation,2021-07-16,8.372666752770789,9.221646457830643
WhittakerTrend,validation,2021-07-19,8.356669971370804,9.224440025211642
WhittakerTrend,validation,2021-07-20,8.371718777375603,9.227233592592642
WhittakerTrend,validation,2021-07-21,8.379926819037747,9.230027159973641
WhittakerTrend,validation,2021-07-22,8.38194145824699,9.23282072735464
WhittakerTrend,validation,2021-07-23,8.392035790633246,9.23561429473564
WhittakerTrend,validation,2021-07-26,8.394415157555974,9.23840786211664
WhittakerTrend,validation,2021-07-27,8.389691574173797,9.24120142949764
WhittakerTrend,validation,2021-07-28,8.389505294942245,9.243994996878639
WhittakerTrend,validation,2021-07-29,8.393702626787517,9.246788564259639
WhittakerTrend,validation,2021-07-30,8.388281913179256,9.249582131640638
WhittakerTrend,validation,2021-08-02,8.386437407509195,9.252375699021638
WhittakerTrend,validation,2021-08-03,8.394607368848114,9.255169266402637
WhittakerTrend,validation,2021-08-04,8.389964218186817,9.257962833783637
WhittakerTrend,validation,2021-08-05,8.395951704177238,9.260756401164636
WhittakerTrend,validation,2021-08-06,8.397625568725767,9.263549968545636
WhittakerTrend,validation,2021-08-09,8.39668521846081,9.266343535926636
WhittakerTrend,validation,2021-08-10,8.397677405414674,9.269137103307635
WhittakerTrend,validation,2021-08-11,8.39895233613269,9.271930670688635
WhittakerTrend,validation,2021-08-12,8.403090143868168,9.274724238069634
WhittakerTrend,validation,2021-08-13,8.404696160189092,9.277517805450634
WhittakerTrend,validation,2021-08-16,8.407313582451085,9.280311372831633
WhittakerTrend,validation,2021-08-17,8.400227838943948,9.283104940212633
WhittakerTrend,validation,2021-08-18,8.389421186098692,9.285898507593632
WhittakerTrend,validation,2021-08-19,8.39067708935485,9.288692074974632
WhittakerTrend,validation,2021-08-20,8.398785693245593,9.291485642355632
WhittakerTrend,validation,2021-08-23,8.407273361230004,9.294279209736631
WhittakerTrend,validation,2021-08-24,8.408767980031966,9.29707277711763
WhittakerTrend,validation,2021-08-25,8.410985637435218,9.29986634449863
WhittakerTrend,validation,2021-08-26,8.405143687607614,9.30265991187963
WhittakerTrend,validation,2021-08-27,8.413912759148067,9.30545347926063
WhittakerTrend,validation,2021-08-30,8.418210083254941,9.308247046641629
WhittakerTrend,validation,2021-08-31,8.416860056339049,9.311040614022629
WhittakerTrend,validation,2021-09-01,8.4171716964,9.313834181403628
WhittakerTrend,validation,2021-09-02,8.420010302154406,9.316627748784628
WhittakerTrend,validation,2021-09-03,8.419675214893225,9.319421316165627
WhittakerTrend,validation,2021-09-07,8.416273862440903,9.322214883546627
WhittakerTrend,validation,2021-09-08,8.414954425627087,9.325008450927626
WhittakerTrend,validation,2021-09-09,8.410338178477085,9.327802018308626
WhittakerTrend,validation,2021-09-10,8.402585626190808,9.330595585689625
WhittakerTrend,validation,2021-09-13,8.404859526537178,9.333389153070625
WhittakerTrend,validation,2021-09-14,8.39909631257092,9.336182720451625
WhittakerTrend,validation,2021-09-15,8.407534606793,9.338976287832624
WhittakerTrend,validation,2021-09-16,8.405982262080235,9.341769855213624
WhittakerTrend,validation,2021-09-17,8.396829631804437,9.344563422594623
WhittakerTrend,validation,2021-09-20,8.379706554078055,9.347356989975623
WhittakerTrend,validation,2021-09-21,8.378893865419508,9.350150557356622
WhittakerTrend,validation,2021-09-22,8.388368450643727,9.352944124737622
WhittakerTrend,validation,2021-09-23,8.400430131013664,9.355737692118621
WhittakerTrend,validation,2021-09-24,8.401890073825028,9.358531259499621
WhittakerTrend,validation,2021-09-27,8.39910982990484,9.36132482688062
WhittakerTrend,validation,2021-09-28,8.378535512164946,9.36411839426162
WhittakerTrend,validation,2021-09-29,8.38010346650123,9.36691196164262
WhittakerTrend,validation,2021-09-30,8.368122263556215,9.36970552902362
WhittakerTrend,validation,2021-10-01,8.37954821566955,9.372499096404619
WhittakerTrend,validation,2021-10-04,8.366477263620906,9.375292663785618
WhittakerTrend,validation,2021-10-05,8.376946781119507,9.378086231166618
WhittakerTrend,validation,2021-10-06,8.381041180469131,9.380879798547618
WhittakerTrend,validation,2021-10-07,8.389305219694197,9.383673365928617
WhittakerTrend,validation,2021-10-08,8.387389663091776,9.386466933309617
WhittakerTrend,validation,2021-10-11,8.380500221447436,9.389260500690616
WhittakerTrend,validation,2021-10-12,8.378080515760882,9.392054068071616
WhittakerTrend,validation,2021-10-13,8.381098471631113,9.394847635452615
WhittakerTrend,validation,2021-10-14,8.398017633916824,9.397641202833615
WhittakerTrend,validation,2021-10-15,8.405450154554014,9.400434770214614
WhittakerTrend,validation,2021-10-18,8.408819242355818,9.403228337595614
WhittakerTrend,validation,2021-10-19,8.416185385140054,9.406021904976614
WhittakerTrend,validation,2021-10-20,8.419842718738614,9.408815472357613
WhittakerTrend,validation,2021-10-21,8.422834111906974,9.411609039738613
WhittakerTrend,validation,2021-10-22,8.421760982682311,9.414402607119612
WhittakerTrend,validation,2021-10-25,8.426497942123165,9.417196174500612
WhittakerTrend,validation,2021-10-26,8.428316083555409,9.419989741881611
WhittakerTrend,validation,2021-10-27,8.423251713184303,9.422783309262611
WhittakerTrend,validation,2021-10-28,8.433033001608488,9.42557687664361
WhittakerTrend,validation,2021-10-29,8.434980438840205,9.42837044402461
WhittakerTrend,validation,2021-11-01,8.436778897786107,9.43116401140561
WhittakerTrend,validation,2021-11-02,8.440452504906496,9.43395757878661
WhittakerTrend,validation,2021-11-03,8.446892999519385,9.436751146167609
WhittakerTrend,validation,2021-11-04,8.451066221862202,9.439544713548608
WhittakerTrend,validation,2021-11-05,8.454792071907487,9.442338280929608
WhittakerTrend,validation,2021-11-08,8.455679465968188,9.445131848310607
WhittakerTrend,validation,2021-11-09,8.45217455504179,9.447925415691607
WhittakerTrend,validation,2021-11-10,8.443914712877929,9.450718983072607
WhittakerTrend,validation,2021-11-11,8.444465501210917,9.453512550453606
WhittakerTrend,validation,2021-11-12,8.451662198775047,9.456306117834606
WhittakerTrend,validation,2021-11-15,8.45165145889703,9.459099685215605
WhittakerTrend,validation,2021-11-16,8.455509237954157,9.461893252596605
WhittakerTrend,validation,2021-11-17,8.452904222471261,9.464686819977604
WhittakerTrend,validation,2021-11-18,8.456283287211432,9.467480387358604
WhittakerTrend,validation,2021-11-19,8.454883642606445,9.470273954739604
WhittakerTrend,validation,2021-11-22,8.451681384289484,9.473067522120603
WhittakerTrend,validation,2021-11-23,8.453337145672679,9.475861089501603
WhittakerTrend,validation,2021-11-24,8.455628369449347,9.478654656882602
WhittakerTrend,validation,2021-11-26,8.432641358290025,9.481448224263602
WhittakerTrend,validation,2021-11-29,8.445755194372849,9.484241791644601
WhittakerTrend,validation,2021-11-30,8.426611813185,9.487035359025601
WhittakerTrend,validation,2021-12-01,8.414726271727043,9.4898289264066
WhittakerTrend,validation,2021-12-02,8.4288209101231,9.4926224937876
WhittakerTrend,validation,2021-12-03,8.420336454981362,9.4954160611686
WhittakerTrend,validation,2021-12-06,8.431999054291047,9.4982096285496
WhittakerTrend,validation,2021-12-07,8.4524946574773,9.501003195930599
WhittakerTrend,validation,2021-12-08,8.455575193063886,9.503796763311598
WhittakerTrend,validation,2021-12-09,8.448368204831363,9.506590330692598
WhittakerTrend,validation,2021-12-10,8.457871973949572,9.509383898073597
WhittakerTrend,validation,2021-12-13,8.448693815606779,9.512177465454597
WhittakerTrend,validation,2021-12-14,8.441195092752155,9.514971032835597
WhittakerTrend,validation,2021-12-15,8.457411360104047,9.517764600216596
WhittakerTrend,validation,2021-12-16,8.448629496792934,9.520558167597596
WhittakerTrend,validation,2021-12-17,8.43828853220888,9.523351734978595
WhittakerTrend,validation,2021-12-20,8.426835133885623,9.526145302359595
WhittakerTrend,validation,2021-12-21,8.44445688927082,9.528938869740594
WhittakerTrend,validation,2021-12-22,8.454585617299946,9.531732437121594
WhittakerTrend,validation,2021-12-23,8.460790029985198,9.534526004502593
WhittakerTrend,validation,2021-12-27,8.474534081558804,9.537319571883593
WhittakerTrend,validation,2021-12-28,8.473523416159917,9.540113139264593
WhittakerTrend,validation,2021-12-29,8.474924329561775,9.542906706645592
WhittakerTrend,validation,2021-12-30,8.47193009571987,9.545700274026592
WhittakerTrend,validation,2021-12-31,8.469300461346396,9.548493841407591
WhittakerTrend,validation,2022-01-03,8.475654285516784,9.55128740878859
WhittakerTrend,validation,2022-01-04,8.47502446526458,9.55408097616959
WhittakerTrend,validation,2022-01-05,8.45544120096008,9.55687454355059
WhittakerTrend,validation,2022-01-06,8.454476967219898,9.55966811093159
WhittakerTrend,validation,2022-01-07,8.450418526137563,9.562461678312589
WhittakerTrend,validation,2022-01-10,8.448976455600024,9.565255245693589
WhittakerTrend,validation,2022-01-11,8.458094742052422,9.568048813074588
WhittakerTrend,validation,2022-01-12,8.460908534067089,9.570842380455588
WhittakerTrend,validation,2022-01-13,8.44656250483269,9.573635947836587
WhittakerTrend,validation,2022-01-14,8.44738214910228,9.576429515217587
WhittakerTrend,validation,2022-01-18,8.428823043704272,9.579223082598586
WhittakerTrend,validation,2022-01-19,8.419086252762812,9.582016649979586
WhittakerTrend,validation,2022-01-20,8.40798751045848,9.584810217360586
WhittakerTrend,validation,2022-01-21,8.388891515133844,9.587603784741585
WhittakerTrend,validation,2022-01-24,8.391659419892115,9.590397352122585
WhittakerTrend,validation,2022-01-25,8.379412829335248,9.593190919503584
WhittakerTrend,validation,2022-01-26,8.377915072409362,9.595984486884584
WhittakerTrend,validation,2022-01-27,8.372516437209391,9.598778054265583
WhittakerTrend,validation,2022-01-28,8.396572405124127,9.601571621646583
WhittakerTrend,validation,2022-01-31,8.415282231347112,9.604365189027583
WhittakerTrend,validation,2022-02-01,8.42212179169543,9.607158756408582
WhittakerTrend,validation,2022-02-02,8.431500192143753,9.609952323789582
WhittakerTrend,validation,2022-02-03,8.406806720423633,9.612745891170581
WhittakerTrend,validation,2022-02-04,8.411950398863496,9.61553945855158
WhittakerTrend,validation,2022-02-07,8.408241817935668,9.61833302593258
WhittakerTrend,validation,2022-02-08,8.416607931402302,9.62112659331358
WhittakerTrend,validation,2022-02-09,8.431020773481567,9.62392016069458
WhittakerTrend,validation,2022-02-10,8.41273894899651,9.626713728075579
WhittakerTrend,validation,2022-02-11,8.393587266358425,9.629507295456579
WhittakerTrend,validation,2022-02-14,8.389739275602796,9.632300862837578
WhittakerTrend,validation,2022-02-15,8.40538299324886,9.635094430218578
WhittakerTrend,validation,2022-02-16,8.406263812969144,9.637887997599577
WhittakerTrend,validation,2022-02-17,8.384863308832207,9.640681564980577
WhittakerTrend,validation,2022-02-18,8.377671347168341,9.643475132361576
WhittakerTrend,validation,2022-02-22,8.367476611733325,9.646268699742576
WhittakerTrend,validation,2022-02-23,8.348892875984538,9.649062267123576
WhittakerTrend,validation,2022-02-24,8.363738981237262,9.651855834504575
WhittakerTrend,validation,2022-02-25,8.385865061788527,9.654649401885575
WhittakerTrend,validation,2022-02-28,8.3834194703254,9.657442969266574
WhittakerTrend,validation,2022-03-01,8.367825002538789,9.660236536647574
WhittakerTrend,validation,2022-03-02,8.386296049319439,9.663030104028573
WhittakerTrend,validation,2022-03-03,8.381027528575194,9.665823671409573
WhittakerTrend,validation,2022-03-04,8.373061844032192,9.668617238790572
WhittakerTrend,validation,2022-03-07,8.343099257217776,9.671410806171572
WhittakerTrend,validation,2022-03-08,8.335839213242078,9.674204373552572
WhittakerTrend,validation,2022-03-09,8.361212811364219,9.676997940933571
WhittakerTrend,validation,2022-03-10,8.356911761443971,9.67979150831457
WhittakerTrend,validation,2022-03-11,8.343865482510733,9.68258507569557
WhittakerTrend,validation,2022-03-14,8.3364168074152,9.68537864307657
WhittakerTrend,validation,2022-03-15,8.357599437139346,9.68817221045757
WhittakerTrend,validation,2022-03-16,8.379736358787738,9.690965777838569
WhittakerTrend,validation,2022-03-17,8.39200856385644,9.693759345219569
WhittakerTrend,validation,2022-03-18,8.403603378268327,9.696552912600568
WhittakerTrend,validation,2022-03-21,8.403168623414025,9.699346479981568
WhittakerTrend,validation,2022-03-22,8.4144093229681,9.702140047362567
WhittakerTrend,validation,2022-03-23,8.402060692715605,9.704933614743567
WhittakerTrend,validation,2022-03-24,8.416302704997223,9.707727182124566
WhittakerTrend,validation,2022-03-25,8.42135608570146,9.710520749505566
WhittakerTrend,validation,2022-03-28,8.428475636721503,9.713314316886565
WhittakerTrend,validation,2022-03-29,8.440657680822895,9.716107884267565
WhittakerTrend,validation,2022-03-30,8.434344091823805,9.718901451648565
WhittakerTrend,validation,2022-03-31,8.418567756596923,9.721695019029564
WhittakerTrend,validation,2022-04-01,8.421972177558386,9.724488586410564
WhittakerTrend,validation,2022-04-04,8.43003056009052,9.727282153791563
WhittakerTrend,validation,2022-04-05,8.417399401016514,9.730075721172563
WhittakerTrend,validation,2022-04-06,8.407634967104036,9.732869288553562
WhittakerTrend,validation,2022-04-07,8.411879332656072,9.735662855934562
WhittakerTrend,validation,2022-04-08,8.40922478598052,9.738456423315561
WhittakerTrend,validation,2022-04-11,8.392203451395824,9.741249990696561
WhittakerTrend,validation,2022-04-12,8.38878015086537,9.74404355807756
WhittakerTrend,validation,2022-04-13,8.399892754134273,9.74683712545856
WhittakerTrend,validation,2022-04-14,8.387674273750765,9.74963069283956
WhittakerTrend,validation,2022-04-18,8.387469384478358,9.75242426022056
WhittakerTrend,validation,2022-04-19,8.403399429227745,9.755217827601559
WhittakerTrend,validation,2022-04-20,8.402780762821562,9.758011394982558
WhittakerTrend,validation,2022-04-21,8.387917907270252,9.760804962363558
WhittakerTrend,validation,2022-04-22,8.359785830892884,9.763598529744558
WhittakerTrend,validation,2022-04-25,8.365467596036996,9.766392097125557
WhittakerTrend,validation,2022-04-26,8.336917587108399,9.769185664506557
WhittakerTrend,validation,2022-04-27,8.339013436133364,9.771979231887556
WhittakerTrend,validation,2022-04-28,8.363459091474196,9.774772799268556
WhittakerTrend,validation,2022-04-29,8.3264999316895,9.777566366649555
WhittakerTrend,validation,2022-05-02,8.33215913098332,9.780359934030555
WhittakerTrend,validation,2022-05-03,8.336984596058679,9.783153501411554
WhittakerTrend,validation,2022-05-04,8.366409817616006,9.785947068792554
WhittakerTrend,validation,2022-05-05,8.330109140051906,9.788740636173554
WhittakerTrend,validation,2022-05-06,8.324418755637954,9.791534203554553
WhittakerTrend,validation,2022-05-09,8.29185723609835,9.794327770935553
WhittakerTrend,validation,2022-05-10,8.294312117858759,9.797121338316552
WhittakerTrend,validation,2022-05-11,8.277711885763061,9.799914905697552
WhittakerTrend,validation,2022-05-12,8.276415080768949,9.802708473078551
WhittakerTrend,validation,2022-05-13,8.300004348725817,9.805502040459551
WhittakerTrend,validation,2022-05-16,8.296050140208095,9.80829560784055
WhittakerTrend,validation,2022-05-17,8.316019059789557,9.81108917522155
WhittakerTrend,validation,2022-05-18,8.27478525049831,9.81388274260255
WhittakerTrend,validation,2022-05-19,8.26893438572096,9.81667630998355
WhittakerTrend,validation,2022-05-20,8.269080516812952,9.819469877364549
WhittakerTrend,validation,2022-05-23,8.287465512225012,9.822263444745548
WhittakerTrend,validation,2022-05-24,8.279311561321455,9.825057012126548
WhittakerTrend,validation,2022-05-25,8.288717946970387,9.827850579507547
WhittakerTrend,validation,2022-05-26,8.308406112978107,9.830644146888547
WhittakerTrend,validation,2022-05-27,8.332847243173928,9.833437714269547
WhittakerTrend,validation,2022-05-31,8.326553107980262,9.836231281650546
WhittakerTrend,validation,2022-06-01,8.319042202939107,9.839024849031546
WhittakerTrend,validation,2022-06-02,8.337305428354652,9.841818416412545
WhittakerTrend,validation,2022-06-03,8.320823022744834,9.844611983793545
WhittakerTrend,validation,2022-06-06,8.323955512151871,9.847405551174544
WhittakerTrend,validation,2022-06-07,8.33343384368359,9.850199118555544
WhittakerTrend,validation,2022-06-08,8.322581220643436,9.852992685936544
WhittakerTrend,validation,2022-06-09,8.29849476297828,9.855786253317543
WhittakerTrend,validation,2022-06-10,8.26895234816687,9.858579820698543
WhittakerTrend,validation,2022-06-13,8.22941241617683,9.861373388079542
WhittakerTrend,validation,2022-06-14,8.22563159813734,9.864166955460542
WhittakerTrend,validation,2022-06-15,8.240118656973875,9.866960522841541
WhittakerTrend,validation,2022-06-16,8.207066449860035,9.869754090222541
WhittakerTrend,validation,2022-06-17,8.209264897201047,9.87254765760354
WhittakerTrend,validation,2022-06-21,8.23344737216172,9.87534122498454
WhittakerTrend,validation,2022-06-22,8.232144952066362,9.87813479236554
WhittakerTrend,validation,2022-06-23,8.241632024551919,9.88092835974654
WhittakerTrend,validation,2022-06-24,8.27173756428182,9.883721927127539
WhittakerTrend,validation,2022-06-27,8.26876006439148,9.886515494508538
WhittakerTrend,validation,2022-06-28,8.248411391241984,9.889309061889538
WhittakerTrend,validation,2022-06-29,8.247699392421811,9.892102629270537
WhittakerTrend,validation,2022-06-30,8.238901526175443,9.894896196651537
WhittakerTrend,validation,2022-07-01,8.249400037472084,9.897689764032537
WhittakerTrend,validation,2022-07-05,8.250982912578277,9.900483331413536
WhittakerTrend,validation,2022-07-06,8.254549708283342,9.903276898794536
WhittakerTrend,validation,2022-07-07,8.269403431464273,9.906070466175535
WhittakerTrend,validation,2022-07-08,8.268572815068145,9.908864033556535
WhittakerTrend,validation,2022-07-11,8.25697839740762,9.911657600937534
WhittakerTrend,validation,2022-07-12,8.247691528910126,9.914451168318534
WhittakerTrend,validation,2022-07-13,8.24322466479831,9.917244735699533
WhittakerTrend,validation,2022-07-14,8.240221525985545,9.920038303080533
WhittakerTrend,validation,2022-07-15,8.259240757644179,9.922831870461533
WhittakerTrend,validation,2022-07-18,8.250842015158343,9.925625437842532
WhittakerTrend,validation,2022-07-19,8.278095532802073,9.928419005223532
WhittakerTrend,validation,2022-07-20,8.283974026743131,9.931212572604531
WhittakerTrend,validation,2022-07-21,8.293787093432636,9.93400613998553
WhittakerTrend,validation,2022-07-22,8.284410806138823,9.93679970736653
WhittakerTrend,validation,2022-07-25,8.285725109112128,9.93959327474753
WhittakerTrend,validation,2022-07-26,8.274114766512865,9.94238684212853
WhittakerTrend,validation,2022-07-27,8.299934815291493,9.945180409509529
WhittakerTrend,validation,2022-07-28,8.311995135083405,9.947973976890529
WhittakerTrend,validation,2022-07-29,8.32610291086516,9.950767544271528
WhittakerTrend,validation,2022-08-01,8.323275834320244,9.953561111652528
WhittakerTrend,validation,2022-08-02,8.316591145941372,9.956354679033527
WhittakerTrend,validation,2022-08-03,8.332108602211463,9.959148246414527
WhittakerTrend,validation,2022-08-04,8.331330959761878,9.961941813795526
WhittakerTrend,validation,2022-08-05,8.32970389074296,9.964735381176526
WhittakerTrend,validation,2022-08-08,8.32846557362084,9.967528948557526
WhittakerTrend,validation,2022-08-09,8.324207829384912,9.970322515938525
WhittakerTrend,validation,2022-08-10,8.34527498784532,9.973116083319525
WhittakerTrend,validation,2022-08-11,8.344569264923118,9.975909650700524
WhittakerTrend,validation,2022-08-12,8.36174331187461,9.978703218081524
WhittakerTrend,validation,2022-08-15,8.365704995930844,9.981496785462523
WhittakerTrend,validation,2022-08-16,8.367578918756791,9.984290352843523
WhittakerTrend,validation,2022-08-17,8.360314803889144,9.987083920224523
WhittakerTrend,validation,2022-08-18,8.36258179349553,9.989877487605522
WhittakerTrend,validation,2022-08-19,8.34959786478249,9.992671054986522
WhittakerTrend,validation,2022-08-22,8.327965498315995,9.995464622367521
WhittakerTrend,validation,2022-08-23,8.325725127881558,9.99825818974852
WhittakerTrend,validation,2022-08-24,8.328637044580281,10.00105175712952
WhittakerTrend,validation,2022-08-25,8.342630286416389,10.00384532451052
WhittakerTrend,validation,2022-08-26,8.30836171009935,10.00663889189152
WhittakerTrend,validation,2022-08-29,8.301673034902024,10.009432459272519
WhittakerTrend,validation,2022-08-30,8.290583618409908,10.012226026653519
WhittakerTrend,validation,2022-08-31,8.282735880201754,10.015019594034518
WhittakerTrend,validation,2022-09-01,8.28572763246895,10.017813161415518
WhittakerTrend,validation,2022-09-02,8.274933079898226,10.020606728796517
WhittakerTrend,validation,2022-09-06,8.27082961520733,10.023400296177517
WhittakerTrend,validation,2022-09-07,8.2890044638735,10.026193863558516
WhittakerTrend,validation,2022-09-08,8.295593430753941,10.028987430939516
WhittakerTrend,validation,2022-09-09,8.310749445735153,10.031780998320516
WhittakerTrend,validation,2022-09-12,8.32127809721915,10.034574565701515
WhittakerTrend,validation,2022-09-13,8.277078934187175,10.037368133082515
WhittakerTrend,validation,2022-09-14,8.28046022326602,10.040161700463514
WhittakerTrend,validation,2022-09-15,8.26907795109787,10.042955267844514
WhittakerTrend,validation,2022-09-16,8.261869901322207,10.045748835225513
WhittakerTrend,validation,2022-09-19,8.268703599046912,10.048542402606513
WhittakerTrend,validation,2022-09-20,8.257367484310313,10.051335969987512
WhittakerTrend,validation,2022-09-21,8.240102810211805,10.054129537368512
WhittakerTrend,validation,2022-09-22,8.231639516381351,10.056923104749512
WhittakerTrend,validation,2022-09-23,8.214256687614022,10.059716672130511
WhittakerTrend,validation,2022-09-26,8.20386232672374,10.06251023951151
WhittakerTrend,validation,2022-09-27,8.201739715768916,10.06530380689251
WhittakerTrend,validation,2022-09-28,8.22122085995007,10.06809737427351
WhittakerTrend,validation,2022-09-29,8.19986806512697,10.07089094165451
WhittakerTrend,validation,2022-09-30,8.184686713580762,10.073684509035509
WhittakerTrend,validation,2022-10-03,8.210241291111691,10.076478076416509
WhittakerTrend,validation,2022-10-04,8.240366632528492,10.079271643797508
WhittakerTrend,validation,2022-10-05,8.238346644969553,10.082065211178508
WhittakerTrend,validation,2022-10-06,8.228048722058158,10.084858778559507
WhittakerTrend,validation,2022-10-07,8.19964552552668,10.087652345940507
WhittakerTrend,validation,2022-10-10,8.192124852393027,10.090445913321506
WhittakerTrend,validation,2022-10-11,8.185584333980703,10.093239480702506
WhittakerTrend,validation,2022-10-12,8.182288134330538,10.096033048083505
WhittakerTrend,validation,2022-10-13,8.207922393638169,10.098826615464505
WhittakerTrend,validation,2022-10-14,8.18397527289364,10.101620182845505
WhittakerTrend,validation,2022-10-17,8.210110797451202,10.104413750226504
WhittakerTrend,validation,2022-10-18,8.22147356565829,10.107207317607504
WhittakerTrend,validation,2022-10-19,8.214779110418604,10.110000884988503
WhittakerTrend,validation,2022-10-20,8.206796423679839,10.112794452369503
WhittakerTrend,validation,2022-10-21,8.230244183540286,10.115588019750502
WhittakerTrend,validation,2022-10-24,8.242056123745398,10.118381587131502
WhittakerTrend,validation,2022-10-25,8.258191893761271,10.121175154512501
WhittakerTrend,validation,2022-10-26,8.250776753362283,10.123968721893501
WhittakerTrend,validation,2022-10-27,8.244675568309098,10.1267622892745
WhittakerTrend,validation,2022-10-28,8.269003605079954,10.1295558566555
WhittakerTrend,validation,2022-10-31,8.261521278049617,10.1323494240365
WhittakerTrend,validation,2022-11-01,8.257411614329259,10.1351429914175
WhittakerTrend,validation,2022-11-02,8.232091770591776,10.137936558798499
WhittakerTrend,validation,2022-11-03,8.221449348059819,10.140730126179498
WhittakerTrend,validation,2022-11-04,8.234976171345382,10.143523693560498
WhittakerTrend,validation,2022-11-07,8.244544233024742,10.146317260941498
WhittakerTrend,validation,2022-11-08,8.250126515853502,10.149110828322497
WhittakerTrend,validation,2022-11-09,8.2291297311412,10.151904395703497
WhittakerTrend,validation,2022-11-10,8.283082246805996,10.154697963084496
WhittakerTrend,validation,2022-11-11,8.292280559110766,10.157491530465496
WhittakerTrend,validation,2022-11-14,8.283304618565849,10.160285097846495
WhittakerTrend,validation,2022-11-15,8.291979994980517,10.163078665227495
WhittakerTrend,validation,2022-11-16,8.283693711868644,10.165872232608494
WhittakerTrend,validation,2022-11-17,8.280599607224413,10.168665799989494
WhittakerTrend,validation,2022-11-18,8.285346902872572,10.171459367370494
WhittakerTrend,validation,2022-11-21,8.281455653072296,10.174252934751493
WhittakerTrend,validation,2022-11-22,8.294944259342126,10.177046502132493
WhittakerTrend,validation,2022-11-23,8.300841525383863,10.179840069513492
WhittakerTrend,validation,2022-11-25,8.30055844112166,10.182633636894492
WhittakerTrend,validation,2022-11-28,8.284993744327595,10.185427204275491
WhittakerTrend,validation,2022-11-29,8.283400610625971,10.188220771656491
WhittakerTrend,validation,2022-11-30,8.313879254147267,10.19101433903749
WhittakerTrend,validation,2022-12-01,8.31301124431766,10.19380790641849
WhittakerTrend,validation,2022-12-02,8.311815869653898,10.19660147379949
WhittakerTrend,validation,2022-12-05,8.293759620022927,10.19939504118049
WhittakerTrend,validation,2022-12-06,8.27925575059994,10.202188608561489
WhittakerTrend,validation,2022-12-07,8.277391643346558,10.204982175942488
WhittakerTrend,validation,2022-12-08,8.284885277760491,10.207775743323488
WhittakerTrend,validation,2022-12-09,8.27750855829628,10.210569310704487
WhittakerTrend,validation,2022-12-12,8.29168686559593,10.213362878085487
WhittakerTrend,validation,2022-12-13,8.298950088851386,10.216156445466487
WhittakerTrend,validation,2022-12-14,8.29287897222755,10.218950012847486
WhittakerTrend,validation,2022-12-15,8.267641494325725,10.221743580228486
WhittakerTrend,validation,2022-12-16,8.256441254379713,10.224537147609485
WhittakerTrend,validation,2022-12-19,8.247392925438609,10.227330714990485
WhittakerTrend,validation,2022-12-20,8.248429726136498,10.230124282371484
WhittakerTrend,validation,2022-12-21,8.263188274805554,10.232917849752484
WhittakerTrend,validation,2022-12-22,8.248631132307407,10.235711417133484
WhittakerTrend,validation,2022-12-23,8.254482084579323,10.238504984514483
WhittakerTrend,validation,2022-12-27,8.250424240544664,10.241298551895483
WhittakerTrend,validation,2022-12-28,8.238330770101715,10.244092119276482
WhittakerTrend,validation,2022-12-29,8.255641404416709,10.246885686657482
WhittakerTrend,validation,2022-12-30,8.253097428770598,10.249679254038481
WhittakerTrend,validation,2023-01-03,8.249088856289324,10.252472821419481
WhittakerTrend,validation,2023-01-04,8.256599550851464,10.25526638880048
WhittakerTrend,validation,2023-01-05,8.244885681715006,10.25805995618148
WhittakerTrend,validation,2023-01-06,8.267469517304038,10.26085352356248
WhittakerTrend,validation,2023-01-09,8.266701589978046,10.26364709094348
WhittakerTrend,validation,2023-01-10,8.27365558794864,10.266440658324479
WhittakerTrend,validation,2023-01-11,8.286423159140934,10.269234225705478
WhittakerTrend,validation,2023-01-12,8.289833244052977,10.272027793086478
WhittakerTrend,validation,2023-01-13,8.293822136197633,10.274821360467477
WhittakerTrend,validation,2023-01-17,8.291789580766636,10.277614927848477
WhittakerTrend,validation,2023-01-18,8.276104613788892,10.280408495229477
WhittakerTrend,validation,2023-01-19,8.26843694188708,10.283202062610476
WhittakerTrend,validation,2023-01-20,8.287178615439432,10.285995629991476
WhittakerTrend,validation,2023-01-23,8.29898993139076,10.288789197372475
WhittakerTrend,validation,2023-01-24,8.298278175026468,10.291582764753475
WhittakerTrend,validation,2023-01-25,8.298096433453003,10.294376332134474
WhittakerTrend,validation,2023-01-26,8.309044141482117,10.297169899515474
WhittakerTrend,validation,2023-01-27,8.311535875503822,10.299963466896473
WhittakerTrend,validation,2023-01-30,8.298482306188529,10.302757034277473
WhittakerTrend,validation,2023-01-31,8.313018610604948,10.305550601658473
WhittakerTrend,validation,2023-02-01,8.323416666901833,10.308344169039472
WhittakerTrend,validation,2023-02-02,8.338009051528687,10.311137736420472
WhittakerTrend,validation,2023-02-03,8.327600458891402,10.313931303801471
WhittakerTrend,validation,2023-02-06,8.321441065697462,10.31672487118247
WhittakerTrend,validation,2023-02-07,8.33423142973486,10.31951843856347
WhittakerTrend,validation,2023-02-08,8.323088856722448,10.32231200594447
WhittakerTrend,validation,2023-02-09,8.31421984689141,10.32510557332547
WhittakerTrend,validation,2023-02-10,8.316412702600628,10.327899140706469
WhittakerTrend,validation,2023-02-13,8.327796272551783,10.330692708087469
WhittakerTrend,test,2023-02-14,8.32751581869629,8.322420151989519
WhittakerTrend,test,2023-02-15,8.330285156229365,8.323076918068917
WhittakerTrend,test,2023-02-16,8.316400467024485,8.323733684148316
WhittakerTrend,test,2023-02-17,8.313629224852201,8.324390450227714
WhittakerTrend,test,2023-02-21,8.29338444087873,8.325047216307112
WhittakerTrend,test,2023-02-22,8.291809645393087,8.32570398238651
WhittakerTrend,test,2023-02-23,8.297124923656325,8.326360748465909
WhittakerTrend,test,2023-02-24,8.28653145903655,8.327017514545307
WhittakerTrend,test,2023-02-27,8.289599751576102,8.327674280624706
WhittakerTrend,test,2023-02-28,8.286559131745154,8.328331046704104
WhittakerTrend,test,2023-03-01,8.281822667541661,8.328987812783502
WhittakerTrend,test,2023-03-02,8.289376261272858,8.3296445788629
WhittakerTrend,test,2023-03-03,8.305395010449342,8.3303013449423
WhittakerTrend,test,2023-03-06,8.30608194122819,8.330958111021697
WhittakerTrend,test,2023-03-07,8.290636350748926,8.331614877101096
WhittakerTrend,test,2023-03-08,8.292050144884529,8.332271643180494
WhittakerTrend,test,2023-03-09,8.273418286939048,8.332928409259893
WhittakerTrend,test,2023-03-10,8.25883431750298,8.33358517533929
WhittakerTrend,test,2023-03-13,8.257323415662242,8.33424194141869
WhittakerTrend,test,2023-03-14,8.273665803897606,8.334898707498088
WhittakerTrend,test,2023-03-15,8.266660439968252,8.335555473577486
WhittakerTrend,test,2023-03-16,8.284070016217283,8.336212239656884
WhittakerTrend,test,2023-03-17,8.27298939494333,8.336869005736283
WhittakerTrend,test,2023-03-20,8.281868264579272,8.337525771815681
WhittakerTrend,test,2023-03-21,8.29476691209783,8.33818253789508
WhittakerTrend,test,2023-03-22,8.278166663457988,8.338839303974478
WhittakerTrend,test,2023-03-23,8.28114674732717,8.339496070053876
WhittakerTrend,test,2023-03-24,8.286770710411473,8.340152836133274
WhittakerTrend,test,2023-03-27,8.28841630997524,8.340809602212673
WhittakerTrend,test,2023-03-28,8.286841226686851,8.341466368292071
WhittakerTrend,test,2023-03-29,8.300978097461899,8.34212313437147
WhittakerTrend,test,2023-03-30,8.306677096661382,8.342779900450868
WhittakerTrend,test,2023-03-31,8.321010424443418,8.343436666530266
WhittakerTrend,test,2023-04-03,8.324702447009221,8.344093432609665
WhittakerTrend,test,2023-04-04,8.318888607264059,8.344750198689063
WhittakerTrend,test,2023-04-05,8.316393125606938,8.345406964768461
WhittakerTrend,test,2023-04-06,8.31996589873974,8.34606373084786
WhittakerTrend,test,2023-04-10,8.32096170575675,8.346720496927258
WhittakerTrend,test,2023-04-11,8.320920352423768,8.347377263006656
WhittakerTrend,test,2023-04-12,8.316776896100306,8.348034029086055
WhittakerTrend,test,2023-04-13,8.329952406598137,8.348690795165453
WhittakerTrend,test,2023-04-14,8.327880889013558,8.349347561244851
WhittakerTrend,test,2023-04-17,8.331181592596174,8.35000432732425
WhittakerTrend,test,2023-04-18,8.33203644739964,8.350661093403648
WhittakerTrend,test,2023-04-19,8.3319521818517,8.351317859483046
WhittakerTrend,test,2023-04-20,8.325981846663389,8.351974625562445
WhittakerTrend,test,2023-04-21,8.32688462792069,8.352631391641843
WhittakerTrend,test,2023-04-24,8.327735844698962,8.353288157721241
WhittakerTrend,test,2023-04-25,8.311798660880385,8.35394492380064
WhittakerTrend,test,2023-04-26,8.30795007737704,8.354601689880038
WhittakerTrend,test,2023-04-27,8.327327270779737,8.355258455959437
WhittakerTrend,test,2023-04-28,8.33554660209298,8.355915222038835
WhittakerTrend,test,2023-05-01,8.33516042104447,8.356571988118233
WhittakerTrend,test,2023-05-02,8.323506514363897,8.357228754197632
WhittakerTrend,test,2023-05-03,8.316483606309005,8.35788552027703
WhittakerTrend,test,2023-05-04,8.309238692853942,8.358542286356428
WhittakerTrend,test,2023-05-05,8.327544859235822,8.359199052435827
WhittakerTrend,test,2023-05-08,8.327996885720705,8.359855818515225
WhittakerTrend,test,2023-05-09,8.323406946771644,8.360512584594623
WhittakerTrend,test,2023-05-10,8.327880889013558,8.361169350674022
WhittakerTrend,test,2023-05-11,8.326182824123853,8.36182611675342
WhittakerTrend,test,2023-05-12,8.324598262534414,8.362482882832818
WhittakerTrend,test,2023-05-15,8.32755206021473,8.363139648912217
WhittakerTrend,test,2023-05-16,8.321153952532812,8.363796414991615
WhittakerTrend,test,2023-05-17,8.332974641154884,8.364453181071013
WhittakerTrend,test,2023-05-18,8.342375364218611,8.365109947150412
WhittakerTrend,test,2023-05-19,8.340928450337936,8.36576671322981
WhittakerTrend,test,2023-05-22,8.341083473017738,8.366423479309208
WhittakerTrend,test,2023-05-23,8.329798004249454,8.367080245388607
WhittakerTrend,test,2023-05-24,8.322452491571148,8.367737011468005
WhittakerTrend,test,2023-05-25,8.33117194765016,8.368393777547404
WhittakerTrend,test,2023-05-26,8.3441366285818,8.369050543626802
WhittakerTrend,test,2023-05-30,8.344153231712466,8.3697073097062
WhittakerTrend,test,2023-05-31,8.338025873526252,8.370364075785599
WhittakerTrend,test,2023-06-01,8.347832088612106,8.371020841864997
WhittakerTrend,test,2023-06-02,8.362261901002213,8.371677607944395
WhittakerTrend,test,2023-06-05,8.360256309511556,8.372334374023794
WhittakerTrend,test,2023-06-06,8.362607439745407,8.372991140103192
WhittakerTrend,test,2023-06-07,8.358788145818986,8.37364790618259
WhittakerTrend,test,2023-06-08,8.36495771742651,8.374304672261989
WhittakerTrend,test,2023-06-09,8.36610511844956,8.374961438341387
WhittakerTrend,test,2023-06-12,8.375383093431315,8.375618204420785
WhittakerTrend,test,2023-06-13,8.382291664157224,8.376274970500184
WhittakerTrend,test,2023-06-14,8.38311075413735,8.376931736579582
WhittakerTrend,test,2023-06-15,8.39521533463094,8.37758850265898
WhittakerTrend,test,2023-06-16,8.391536958163188,8.378245268738379
WhittakerTrend,test,2023-06-20,8.386790604327953,8.378902034817777
WhittakerTrend,test,2023-06-21,8.381531517961028,8.379558800897176
WhittakerTrend,test,2023-06-22,8.385235448348363,8.380215566976574
WhittakerTrend,test,2023-06-23,8.37754716029186,8.380872333055972
WhittakerTrend,test,2023-06-26,8.373050225928727,8.38152909913537
WhittakerTrend,test,2023-06-27,8.38444095945291,8.382185865214769
WhittakerTrend,test,2023-06-28,8.38408682006452,8.382842631294167
WhittakerTrend,test,2023-06-29,8.38855038817901,8.383499397373566
WhittakerTrend,test,2023-06-30,8.400744738440896,8.384156163452964
WhittakerTrend,test,2023-07-03,8.401914731533568,8.384812929532362
WhittakerTrend,test,2023-07-05,8.399944473435955,8.38546969561176
WhittakerTrend,test,2023-07-06,8.39199041226006,8.386126461691159
WhittakerTrend,test,2023-07-07,8.389121199464327,8.386783227770557
WhittakerTrend,test,2023-07-10,8.391523338074954,8.387439993849956
WhittakerTrend,test,2023-07-11,8.398242922073209,8.388096759929354
WhittakerTrend,test,2023-07-12,8.405626827308598,8.388753526008752
WhittakerTrend,test,2023-07-13,8.414061310298225,8.38941029208815
WhittakerTrend,test,2023-07-14,8.413036378101317,8.39006705816755
WhittakerTrend,test,2023-07-17,8.416884347675738,8.390723824246948
WhittakerTrend,test,2023-07-18,8.423976414617167,8.391380590326346
WhittakerTrend,test,2023-07-19,8.4263315494444,8.392037356405744
WhittakerTrend,test,2023-07-20,8.419551722048142,8.392694122485143
WhittakerTrend,test,2023-07-21,8.419875764062756,8.393350888564541
WhittakerTrend,test,2023-07-24,8.42390180255963,8.39400765464394
WhittakerTrend,test,2023-07-25,8.42671252213547,8.394664420723338
WhittakerTrend,test,2023-07-26,8.426557071156793,8.395321186802736
WhittakerTrend,test,2023-07-27,8.420111678101597,8.395977952882134
WhittakerTrend,test,2023-07-28,8.42994105391203,8.396634718961533
WhittakerTrend,test,2023-07-31,8.431408689348599,8.397291485040931
WhittakerTrend,test,2023-08-01,8.428740044040916,8.39794825112033
WhittakerTrend,test,2023-08-02,8.41480384340258,8.398605017199728
WhittakerTrend,test,2023-08-03,8.412252617952289,8.399261783279126
WhittakerTrend,test,2023-08-04,8.40693844857835,8.399918549358524
WhittakerTrend,test,2023-08-07,8.415922067543207,8.400575315437923
WhittakerTrend,test,2023-08-08,8.411694862443149,8.401232081517321
WhittakerTrend,test,2023-08-09,8.404631243341102,8.40188884759672
WhittakerTrend,test,2023-08-10,8.404881925862183,8.402545613676118
WhittakerTrend,test,2023-08-11,8.403811660962955,8.403202379755516
WhittakerTrend,test,2023-08-14,8.409545665842373,8.403859145834915
WhittakerTrend,test,2023-08-15,8.397927526446276,8.404515911914313
WhittakerTrend,test,2023-08-16,8.390343444653652,8.405172677993711
WhittakerTrend,test,2023-08-17,8.382600633276123,8.40582944407311
WhittakerTrend,test,2023-08-18,8.382451915392165,8.406486210152508
WhittakerTrend,test,2023-08-21,8.389307550251965,8.407142976231906
WhittakerTrend,test,2023-08-22,8.38652621920542,8.407799742311305
WhittakerTrend,test,2023-08-23,8.39751054991621,8.408456508390703
WhittakerTrend,test,2023-08-24,8.383961195932203,8.409113274470101
WhittakerTrend,test,2023-08-25,8.3906566969925,8.4097700405495
WhittakerTrend,test,2023-08-28,8.396901775586695,8.410426806628898
WhittakerTrend,test,2023-08-29,8.411305844298752,8.411083572708296
WhittakerTrend,test,2023-08-30,8.415131698479945,8.411740338787695
WhittakerTrend,test,2023-08-31,8.413533485505605,8.412397104867093
WhittakerTrend,test,2023-09-01,8.415330998271124,8.413053870946491
WhittakerTrend,test,2023-09-05,8.411128000449741,8.41371063702589
WhittakerTrend,test,2023-09-06,8.40413198595831,8.414367403105288
WhittakerTrend,test,2023-09-07,8.400915552842577,8.415024169184687
WhittakerTrend,test,2023-09-08,8.402341158904834,8.415680935264085
WhittakerTrend,test,2023-09-11,8.40904211040297,8.416337701343483
WhittakerTrend,test,2023-09-12,8.403329941379965,8.416994467422882
WhittakerTrend,test,2023-09-13,8.4045708034975,8.41765123350228
WhittakerTrend,test,2023-09-14,8.412965389031166,8.418307999581678
WhittakerTrend,test,2023-09-15,8.400731243188673,8.418964765661077
WhittakerTrend,test,2023-09-18,8.401452270882848,8.419621531740475
WhittakerTrend,test,2023-09-19,8.399298943521314,8.420278297819873
WhittakerTrend,test,2023-09-20,8.389859739315023,8.420935063899272
WhittakerTrend,test,2023-09-21,8.373322820996535,8.42159182997867
WhittakerTrend,test,2023-09-22,8.371024583593774,8.422248596058068
WhittakerTrend,test,2023-09-25,8.375039577797581,8.422905362137467
WhittakerTrend,test,2023-09-26,8.360195412315317,8.423562128216865
WhittakerTrend,test,2023-09-27,8.360424700087611,8.424218894296263
WhittakerTrend,test,2023-09-28,8.366300577230612,8.424875660375662
WhittakerTrend,test,2023-09-29,8.363587317582322,8.42553242645506
WhittakerTrend,test,2023-10-02,8.363666681988475,8.426189192534459
WhittakerTrend,test,2023-10-03,8.349827286125027,8.426845958613857
WhittakerTrend,test,2023-10-04,8.357904333732856,8.427502724693255
WhittakerTrend,test,2023-10-05,8.35659945258586,8.428159490772654
WhittakerTrend,test,2023-10-06,8.368345094679821,8.428816256852052
WhittakerTrend,test,2023-10-09,8.37462916279921,8.42947302293145
WhittakerTrend,test,2023-10-10,8.379823638899195,8.430129789010849
WhittakerTrend,test,2023-10-11,8.38410745839929,8.430786555090247
WhittakerTrend,test,2023-10-12,8.377841433458634,8.431443321169645
WhittakerTrend,test,2023-10-13,8.372809937798415,8.432100087249044
WhittakerTrend,test,2023-10-16,8.383348580101005,8.432756853328442
WhittakerTrend,test,2023-10-17,8.38325033022156,8.43341361940784
WhittakerTrend,test,2023-10-18,8.36975992197041,8.434070385487239
WhittakerTrend,test,2023-10-19,8.361240889642351,8.434727151566637
WhittakerTrend,test,2023-10-20,8.348575740446195,8.435383917646035
WhittakerTrend,test,2023-10-23,8.34688874838076,8.436040683725434
WhittakerTrend,test,2023-10-24,8.35412827190039,8.436697449804832
WhittakerTrend,test,2023-10-25,8.339684837243151,8.43735421588423
WhittakerTrend,test,2023-10-26,8.327781756037567,8.438010981963629
WhittakerTrend,test,2023-10-27,8.322969917458945,8.438667748043027
WhittakerTrend,test,2023-10-30,8.334908391759232,8.439324514122426
WhittakerTrend,test,2023-10-31,8.341362476580919,8.439981280201824
WhittakerTrend,test,2023-11-01,8.351813671571112,8.440638046281222
WhittakerTrend,test,2023-11-02,8.370496610505198,8.44129481236062
WhittakerTrend,test,2023-11-03,8.37984649404975,8.441951578440019
WhittakerTrend,test,2023-11-06,8.38159795177385,8.442608344519417
WhittakerTrend,test,2023-11-07,8.384434045175562,8.443265110598816
WhittakerTrend,test,2023-11-08,8.385438456207982,8.443921876678214
WhittakerTrend,test,2023-11-09,8.377321765508913,8.444578642757612
WhittakerTrend,test,2023-11-10,8.392817524779685,8.44523540883701
WhittakerTrend,test,2023-11-13,8.391981336338315,8.445892174916409
WhittakerTrend,test,2023-11-14,8.410876706812893,8.446548940995807
WhittakerTrend,test,2023-11-15,8.41247244502074,8.447205707075206
WhittakerTrend,test,2023-11-16,8.413662164417453,8.447862473154604
WhittakerTrend,test,2023-11-17,8.414943392354632,8.448519239234002
WhittakerTrend,test,2023-11-20,8.422306496148426,8.4491760053134
WhittakerTrend,test,2023-11-21,8.42028352021667,8.4498327713928
WhittakerTrend,test,2023-11-22,8.424336425310983,8.450489537472198
WhittakerTrend,test,2023-11-24,8.424933120920628,8.451146303551596
WhittakerTrend,test,2023-11-27,8.422977051603729,8.451803069630994
WhittakerTrend,test,2023-11-28,8.42395669013178,8.452459835710393
WhittakerTrend,test,2023-11-29,8.423009993516677,8.453116601789791
WhittakerTrend,test,2023-11-30,8.426786924781672,8.45377336786919
WhittakerTrend,test,2023-12-01,8.432643483735518,8.454430133948588
WhittakerTrend,test,2023-12-04,8.427220295671692,8.455086900027986
WhittakerTrend,test,2023-12-05,8.426651264077757,8.455743666107384
WhittakerTrend,test,2023-12-06,8.422737412132813,8.456400432186783
WhittakerTrend,test,2023-12-07,8.430674022817636,8.457057198266181
WhittakerTrend,test,2023-12-08,8.43476115696414,8.45771396434558
WhittakerTrend,test,2023-12-11,8.43867797051192,8.458370730424978
WhittakerTrend,test,2023-12-12,8.443266783307612,8.459027496504376
WhittakerTrend,test,2023-12-13,8.456825128482633,8.459684262583774
WhittakerTrend,test,2023-12-14,8.459468693667787,8.460341028663173
WhittakerTrend,test,2023-12-15,8.459392441267338,8.460997794742571
WhittakerTrend,test,2023-12-18,8.463910563530739,8.46165456082197
WhittakerTrend,test,2023-12-19,8.469759830981559,8.462311326901368
WhittakerTrend,test,2023-12-20,8.454966683016252,8.462968092980766
WhittakerTrend,test,2023-12-21,8.465215452323525,8.463624859060165
WhittakerTrend,test,2023-12-22,8.466874134476285,8.464281625139563
WhittakerTrend,test,2023-12-26,8.471096895523264,8.464938391218961
WhittakerTrend,test,2023-12-27,8.472526331139687,8.46559515729836
WhittakerTrend,test,2023-12-28,8.472896437250014,8.466251923377758
WhittakerTrend,test,2023-12-29,8.47006596021328,8.466908689457156
WhittakerTrend,test,2024-01-02,8.464389299413558,8.467565455536555
WhittakerTrend,test,2024-01-03,8.45634068108636,8.468222221615953
WhittakerTrend,test,2024-01-04,8.452906409423042,8.468878987695351
WhittakerTrend,test,2024-01-05,8.454730431062476,8.46953575377475
WhittakerTrend,test,2024-01-08,8.46874637649883,8.470192519854148
WhittakerTrend,test,2024-01-09,8.467267382646511,8.470849285933546
WhittakerTrend,test,2024-01-10,8.472917363297007,8.471506052012945
WhittakerTrend,test,2024-01-11,8.472246082460046,8.472162818092343
WhittakerTrend,test,2024-01-12,8.47299677621308,8.472819584171742
WhittakerTrend,test,2024-01-16,8.469258457160723,8.47347635025114
WhittakerTrend,test,2024-01-17,8.463625725889615,8.474133116330538
WhittakerTrend,test,2024-01-18,8.472392446615858,8.474789882409937
WhittakerTrend,test,2024-01-19,8.484630754848407,8.475446648489335
WhittakerTrend,test,2024-01-22,8.486822676035638,8.476103414568733
WhittakerTrend,test,2024-01-23,8.489739791376403,8.476760180648132
WhittakerTrend,test,2024-01-24,8.49055139035262,8.47741694672753
WhittakerTrend,test,2024-01-25,8.495797968487599,8.478073712806928
WhittakerTrend,test,2024-01-26,8.495145970732173,8.478730478886327
WhittakerTrend,test,2024-01-29,8.502674336237419,8.479387244965725
WhittakerTrend,test,2024-01-30,8.502073505840439,8.480044011045123
WhittakerTrend,test,2024-01-31,8.485836654099707,8.480700777124522
WhittakerTrend,test,2024-02-01,8.498252940213757,8.48135754320392
WhittakerTrend,test,2024-02-02,8.508880710936388,8.482014309283318
WhittakerTrend,test,2024-02-05,8.505689286227105,8.482671075362717
WhittakerTrend,test,2024-02-06,8.507997032158853,8.483327841442115
WhittakerTrend,test,2024-02-07,8.516204714752861,8.483984607521514
WhittakerTrend,test,2024-02-08,8.516775135292953,8.484641373600912
WhittakerTrend,test,2024-02-09,8.522501052421747,8.48529813968031
WhittakerTrend,test,2024-02-12,8.521551648279095,8.485954905759709
WhittakerTrend,test,2024-02-13,8.50778303885925,8.486611671839107
WhittakerTrend,test,2024-02-14,8.517317207163467,8.487268437918505
WhittakerTrend,test,2024-02-15,8.523121579837508,8.487925203997904
WhittakerTrend,test,2024-02-16,8.518306536261546,8.488581970077302
WhittakerTrend,test,2024-02-20,8.512283109795728,8.4892387361567
WhittakerTrend,test,2024-02-21,8.513546511290832,8.489895502236099
WhittakerTrend,test,2024-02-22,8.534449399957236,8.490552268315497
WhittakerTrend,test,2024-02-23,8.534797286983737,8.491209034394895
WhittakerTrend,test,2024-02-26,8.53100334773907,8.491865800474294
WhittakerTrend,test,2024-02-27,8.53270824327779,8.492522566553692
WhittakerTrend,test,2024-02-28,8.531048711956679,8.49317933263309
WhittakerTrend,test,2024-02-29,8.536264182412477,8.493836098712489
WhittakerTrend,test,2024-03-01,8.544240118845865,8.494492864791887
WhittakerTrend,test,2024-03-04,8.543046144270903,8.495149630871285
WhittakerTrend,test,2024-03-05,8.532800737994984,8.495806396950684
WhittakerTrend,test,2024-03-06,8.537928670847986,8.496463163030082
WhittakerTrend,test,2024-03-07,8.54818007313297,8.49711992910948
WhittakerTrend,test,2024-03-08,8.54163015014092,8.497776695188879
WhittakerTrend,test,2024-03-11,8.540507281872891,8.498433461268277
WhittakerTrend,test,2024-03-12,8.55164679445956,8.499090227347676
WhittakerTrend,test,2024-03-13,8.549720410457438,8.499746993427074
WhittakerTrend,test,2024-03-14,8.546845189405943,8.500403759506472
WhittakerTrend,test,2024-03-15,8.540341166546204,8.50106052558587
WhittakerTrend,test,2024-03-18,8.546639350784686,8.501717291665269
WhittakerTrend,test,2024-03-19,8.552272603829028,8.502374057744667
WhittakerTrend,test,2024-03-20,8.561137369345388,8.503030823824066
WhittakerTrend,test,2024-03-21,8.564368678439918,8.503687589903464
WhittakerTrend,test,2024-03-22,8.562965506605591,8.504344355982862
WhittakerTrend,test,2024-03-25,8.55990586622356,8.50500112206226
WhittakerTrend,test,2024-03-26,8.557102144240753,8.50565788814166
WhittakerTrend,test,2024-03-27,8.56569573982346,8.506314654221057
WhittakerTrend,test,2024-03-28,8.56681160252422,8.506971420300456
WhittakerTrend,test,2024-04-01,8.564795987997263,8.507628186379854
WhittakerTrend,test,2024-04-02,8.55753059979359,8.508284952459253
WhittakerTrend,test,2024-04-03,8.558621127316929,8.508941718538651
WhittakerTrend,test,2024-04-04,8.546210091697667,8.50959848461805
WhittakerTrend,test,2024-04-05,8.557248141833366,8.510255250697448
WhittakerTrend,test,2024-04-08,8.556873440643324,8.510912016776846
WhittakerTrend,test,2024-04-09,8.558317890116959,8.511568782856244
WhittakerTrend,test,2024-04-10,8.548815908284746,8.512225548935643
WhittakerTrend,test,2024-04-11,8.556233130268089,8.512882315015041
WhittakerTrend,test,2024-04-12,8.541575542465841,8.51353908109444
WhittakerTrend,test,2024-04-15,8.52948134667838,8.514195847173838
WhittakerTrend,test,2024-04-16,8.527422722150877,8.514852613253236
WhittakerTrend,test,2024-04-17,8.521625347074872,8.515509379332634
WhittakerTrend,test,2024-04-18,8.519414745374387,8.516166145412033
WhittakerTrend,test,2024-04-19,8.510617615720331,8.516822911491431
WhittakerTrend,test,2024-04-22,8.51931096687717,8.51747967757083
WhittakerTrend,test,2024-04-23,8.531204533444892,8.518136443650228
WhittakerTrend,test,2024-04-24,8.531417520822824,8.518793209729626
WhittakerTrend,test,2024-04-25,8.526830586552705,8.519449975809025
WhittakerTrend,test,2024-04-26,8.53698796788503,8.520106741888423
WhittakerTrend,test,2024-04-29,8.54016137596167,8.520763507967821
WhittakerTrend,test,2024-04-30,8.524305824842742,8.52142027404722
WhittakerTrend,test,2024-05-01,8.520864471357111,8.522077040126618
WhittakerTrend,test,2024-05-02,8.529951496082194,8.522733806206016
WhittakerTrend,test,2024-05-03,8.542430053741704,8.523390572285415
WhittakerTrend,test,2024-05-06,8.552703227432952,8.524047338364813
WhittakerTrend,test,2024-05-07,8.554045755661777,8.524704104444211
WhittakerTrend,test,2024-05-08,8.554039920026582,8.52536087052361
WhittakerTrend,test,2024-05-09,8.55911795266569,8.526017636603008
WhittakerTrend,test,2024-05-10,8.560765992745857,8.526674402682406
WhittakerTrend,test,2024-05-13,8.56052465957199,8.527331168761805
WhittakerTrend,test,2024-05-14,8.565350808099446,8.527987934841203
WhittakerTrend,test,2024-05-15,8.576998635886746,8.528644700920601
WhittakerTrend,test,2024-05-16,8.574914798412657,8.529301467
WhittakerTrend,test,2024-05-17,8.57607889410055,8.529958233079398
WhittakerTrend,test,2024-05-20,8.576994864409041,8.530614999158797
WhittakerTrend,test,2024-05-21,8.579493614175934,8.531271765238195
WhittakerTrend,test,2024-05-22,8.576783822966583,8.531928531317593
WhittakerTrend,test,2024-05-23,8.56937566068311,8.532585297396992
WhittakerTrend,test,2024-05-24,8.576352309759784,8.53324206347639
WhittakerTrend,test,2024-05-28,8.57660108066667,8.533898829555788
WhittakerTrend,test,2024-05-29,8.569206763450927,8.534555595635187
WhittakerTrend,test,2024-05-30,8.563213805915174,8.535212361714585
WhittakerTrend,test,2024-05-31,8.571209630147102,8.535869127793983
WhittakerTrend,test,2024-06-03,8.572325090370637,8.536525893873382
WhittakerTrend,test,2024-06-04,8.57382677137442,8.53718265995278
WhittakerTrend,test,2024-06-05,8.585604787224376,8.537839426032178
WhittakerTrend,test,2024-06-06,8.58540495062274,8.538496192111577
WhittakerTrend,test,2024-06-07,8.584289108572461,8.539152958190975
WhittakerTrend,test,2024-06-10,8.586866638550703,8.539809724270373
WhittakerTrend,test,2024-06-11,8.589573353405912,8.540466490349772
WhittakerTrend,test,2024-06-12,8.5980410736478,8.54112325642917
WhittakerTrend,test,2024-06-13,8.600382985084916,8.541780022508568
WhittakerTrend,test,2024-06-14,8.599989046803918,8.542436788587967
WhittakerTrend,test,2024-06-17,8.607624211176239,8.543093554667365
WhittakerTrend,test,2024-06-18,8.610142365357756,8.543750320746764
WhittakerTrend,test,2024-06-20,8.607613237962344,8.544407086826162
WhittakerTrend,test,2024-06-21,8.60604988624352,8.54506385290556
WhittakerTrend,test,2024-06-24,8.602980007087652,8.545720618984959
WhittakerTrend,test,2024-06-25,8.606905880766835,8.546377385064357
WhittakerTrend,test,2024-06-26,8.608477076991555,8.547034151143755
WhittakerTrend,test,2024-06-27,8.609383986848353,8.547690917223154
WhittakerTrend,test,2024-06-28,8.605291973385985,8.548347683302552
WhittakerTrend,test,2024-07-01,8.607963964367414,8.54900444938195
WhittakerTrend,test,2024-07-02,8.6141401701386,8.549661215461349
WhittakerTrend,test,2024-07-03,8.619211732408132,8.550317981540747
WhittakerTrend,test,2024-07-05,8.624645706769101,8.550974747620145
WhittakerTrend,test,2024-07-08,8.625661889245507,8.551631513699544
WhittakerTrend,test,2024-07-09,8.626402686723571,8.552288279778942
WhittakerTrend,test,2024-07-10,8.636559001601677,8.55294504585834
WhittakerTrend,test,2024-07-11,8.627757351632411,8.553601811937739
WhittakerTrend,test,2024-07-12,8.633259215657375,8.554258578017137
WhittakerTrend,test,2024-07-15,8.63608143208073,8.554915344096536
WhittakerTrend,test,2024-07-16,8.642450482052181,8.555572110175934
WhittakerTrend,test,2024-07-17,8.628425040528537,8.556228876255332
WhittakerTrend,test,2024-07-18,8.620577928383186,8.55688564233473
WhittakerTrend,test,2024-07-19,8.61341204915678,8.557542408414129
WhittakerTrend,test,2024-07-22,8.624146266403,8.558199174493527
WhittakerTrend,test,2024-07-23,8.622586948709055,8.558855940572926
WhittakerTrend,test,2024-07-24,8.599165706486161,8.559512706652324
WhittakerTrend,test,2024-07-25,8.594009817466445,8.560169472731722
WhittakerTrend,test,2024-07-26,8.605039237876015,8.56082623881112
WhittakerTrend,test,2024-07-29,8.605852217447843,8.561483004890519
WhittakerTrend,test,2024-07-30,8.600879703086477,8.562139770969917
WhittakerTrend,test,2024-07-31,8.616549683788394,8.562796537049316
WhittakerTrend,test,2024-08-01,8.602761559996404,8.563453303128714
WhittakerTrend,test,2024-08-02,8.58420865338785,8.564110069208112
WhittakerTrend,test,2024-08-05,8.553781611995458,8.56476683528751
WhittakerTrend,test,2024-08-06,8.564082461489058,8.56542360136691
WhittakerTrend,test,2024-08-07,8.556317746100287,8.566080367446308
WhittakerTrend,test,2024-08-08,8.579098885691186,8.566737133525706
WhittakerTrend,test,2024-08-09,8.583759684125567,8.567393899605104
WhittakerTrend,test,2024-08-12,8.583802717177289,8.568050665684503
WhittakerTrend,test,2024-08-13,8.600509950596338,8.568707431763901
WhittakerTrend,test,2024-08-14,8.604326387157537,8.5693641978433
WhittakerTrend,test,2024-08-15,8.620330877088842,8.570020963922698
WhittakerTrend,test,2024-08-16,8.622318679457237,8.570677730002096
WhittakerTrend,test,2024-08-19,8.631994006893414,8.571334496081494
WhittakerTrend,test,2024-08-20,8.630007479655806,8.571991262160893
WhittakerTrend,test,2024-08-21,8.634238194376811,8.572648028240291
WhittakerTrend,test,2024-08-22,8.625265252120155,8.57330479431969
WhittakerTrend,test,2024-08-23,8.636683189521818,8.573961560399088
WhittakerTrend,test,2024-08-26,8.633524479352213,8.574618326478486
WhittakerTrend,test,2024-08-27,8.635118404464937,8.575275092557884
WhittakerTrend,test,2024-08-28,8.629124503670202,8.575931858637283
WhittakerTrend,test,2024-08-29,8.629085123826764,8.576588624716681
WhittakerTrend,test,2024-08-30,8.639127580905908,8.57724539079608
WhittakerTrend,test,2024-09-03,8.61774961753351,8.577902156875478
WhittakerTrend,test,2024-09-04,8.61614578850613,8.578558922954876
WhittakerTrend,test,2024-09-05,8.613123207491455,8.579215689034275
WhittakerTrend,test,2024-09-06,8.595712262984032,8.579872455113673
WhittakerTrend,test,2024-09-09,8.607225797419849,8.580529221193071
WhittakerTrend,test,2024-09-10,8.611688497397644,8.58118598727247
WhittakerTrend,test,2024-09-11,8.622297053047486,8.581842753351868
WhittakerTrend,test,2024-09-12,8.62976440520429,8.582499519431266
WhittakerTrend,test,2024-09-13,8.635157547438645,8.583156285510665
WhittakerTrend,test,2024-09-16,8.636413388305956,8.583813051590063
WhittakerTrend,test,2024-09-17,8.636677903399852,8.584469817669461
WhittakerTrend,test,2024-09-18,8.633777244691538,8.58512658374886
WhittakerTrend,test,2024-09-19,8.650611601584265,8.585783349828258
WhittakerTrend,test,2024-09-20,8.648668687954249,8.586440115907656
WhittakerTrend,test,2024-09-23,8.651474022379961,8.587096881987055
WhittakerTrend,test,2024-09-24,8.653982053483308,8.587753648066453
WhittakerTrend,test,2024-09-25,8.652119070277095,8.588410414145851
WhittakerTrend,test,2024-09-26,8.656149612435295,8.58906718022525
WhittakerTrend,test,2024-09-27,8.654895609535222,8.589723946304648
WhittakerTrend,test,2024-09-30,8.659123213193663,8.590380712384047
WhittakerTrend,test,2024-10-01,8.649755364499208,8.591037478463445
WhittakerTrend,test,2024-10-02,8.649893745826196,8.591694244542843
WhittakerTrend,test,2024-10-03,8.648210917171737,8.592351010622242
WhittakerTrend,test,2024-10-04,8.657141172870922,8.59300777670164
WhittakerTrend,test,2024-10-07,8.647508909041534,8.593664542781038
WhittakerTrend,test,2024-10-08,8.657151615846228,8.594321308860437
WhittakerTrend,test,2024-10-09,8.664239846863223,8.594978074939835
WhittakerTrend,test,2024-10-10,8.662167578357241,8.595634841019233
WhittakerTrend,test,2024-10-11,8.66820118706454,8.596291607098632
WhittakerTrend,test,2024-10-14,8.675879301639133,8.59694837317803
WhittakerTrend,test,2024-10-15,8.66824073560162,8.597605139257428
WhittakerTrend,test,2024-10-16,8.6729089683844,8.598261905336827
WhittakerTrend,test,2024-10-17,8.672737793255862,8.598918671416225
WhittakerTrend,test,2024-10-18,8.676701480198636,8.599575437495623
WhittakerTrend,test,2024-10-21,8.674877047442218,8.600232203575022
WhittakerTrend,test,2024-10-22,8.674402080775021,8.60088896965442
WhittakerTrend,test,2024-10-23,8.665168256507341,8.601545735733819
WhittakerTrend,test,2024-10-24,8.667311729637898,8.602202501813217
WhittakerTrend,test,2024-10-25,8.667012237624713,8.602859267892615
WhittakerTrend,test,2024-10-28,8.669660172251445,8.603516033972014
WhittakerTrend,test,2024-10-29,8.671272998196347,8.604172800051412
WhittakerTrend,test,2024-10-30,8.667967306523858,8.60482956613081
WhittakerTrend,test,2024-10-31,8.649177171595113,8.605486332210209
WhittakerTrend,test,2024-11-01,8.653261329599639,8.606143098289607
WhittakerTrend,test,2024-11-04,8.650445284786448,8.606799864369005
WhittakerTrend,test,2024-11-05,8.66263631581601,8.607456630448404
WhittakerTrend,test,2024-11-06,8.687617596773197,8.608113396527802
WhittakerTrend,test,2024-11-07,8.695021350947194,8.6087701626072
WhittakerTrend,test,2024-11-08,8.698771144982912,8.609426928686599
WhittakerTrend,test,2024-11-11,8.699739739173868,8.610083694765997
WhittakerTrend,test,2024-11-12,8.696842887696931,8.610740460845395
WhittakerTrend,test,2024-11-13,8.697075088461073,8.611397226924794
WhittakerTrend,test,2024-11-14,8.691006979878829,8.612053993004192
WhittakerTrend,test,2024-11-15,8.677715549012035,8.61271075908359
WhittakerTrend,test,2024-11-18,8.681625708758242,8.613367525162989
WhittakerTrend,test,2024-11-19,8.685581459278838,8.614024291242387
WhittakerTrend,test,2024-11-20,8.685603409900173,8.614681057321786
WhittakerTrend,test,2024-11-21,8.69092966174446,8.615337823401184
WhittakerTrend,test,2024-11-22,8.694391621335997,8.615994589480582
WhittakerTrend,test,2024-11-25,8.697407549156123,8.61665135555998
WhittakerTrend,test,2024-11-26,8.703113246311386,8.617308121639379
WhittakerTrend,test,2024-11-27,8.699304765227808,8.617964887718777
WhittakerTrend,test,2024-11-29,8.70489688562461,8.618621653798176
WhittakerTrend,test,2024-12-02,8.707342349505192,8.619278419877574
WhittakerTrend,test,2024-12-03,8.707793696747213,8.619935185956972
WhittakerTrend,test,2024-12-04,8.71382687837535,8.62059195203637
WhittakerTrend,test,2024-12-05,8.711955352535968,8.621248718115769
WhittakerTrend,test,2024-12-06,8.714447697903505,8.621905484195167
WhittakerTrend,test,2024-12-09,8.708284530618279,8.622562250274566
WhittakerTrend,test,2024-12-10,8.705316246304,8.623219016353964
WhittakerTrend,test,2024-12-11,8.713448872715368,8.623875782433363
WhittakerTrend,test,2024-12-12,8.708020141253904,8.62453254851276
WhittakerTrend,test,2024-12-13,8.707993674264532,8.62518931459216
WhittakerTrend,test,2024-12-16,8.711785829273317,8.625846080671558
WhittakerTrend,test,2024-12-17,8.707914349792661,8.626502846750956
WhittakerTrend,test,2024-12-18,8.677977844488144,8.627159612830354
WhittakerTrend,test,2024-12-19,8.677112357737606,8.627816378909753
WhittakerTrend,test,2024-12-20,8.687922837140004,8.628473144989151
WhittakerTrend,test,2024-12-23,8.69518368672562,8.62912991106855
WhittakerTrend,test,2024-12-24,8.706165919890747,8.629786677147948
WhittakerTrend,test,2024-12-26,8.705760178802489,8.630443443227346
WhittakerTrend,test,2024-12-27,8.694642873837577,8.631100209306744
WhittakerTrend,test,2024-12-30,8.683883199895847,8.631756975386143
WhittakerTrend,test,2024-12-31,8.679589193436865,8.632413741465541
WhittakerTrend,test,2025-01-02,8.677362830287416,8.63307050754494
WhittakerTrend,test,2025-01-03,8.689880186995241,8.633727273624338
WhittakerTrend,test,2025-01-06,8.69540295349206,8.634384039703736
WhittakerTrend,test,2025-01-07,8.684236931975423,8.635040805783134
WhittakerTrend,test,2025-01-08,8.685796076069254,8.635697571862533
WhittakerTrend,test,2025-01-10,8.670264438419022,8.636354337941931
WhittakerTrend,test,2025-01-13,8.671838642797075,8.63701110402133
WhittakerTrend,test,2025-01-14,8.67298426613124,8.637667870100728
WhittakerTrend,test,2025-01-15,8.691131398635756,8.638324636180126
WhittakerTrend,test,2025-01-16,8.68901647429489,8.638981402259525
WhittakerTrend,test,2025-01-17,8.698957952603283,8.639638168338923
WhittakerTrend,test,2025-01-21,8.70768796204388,8.640294934418321
WhittakerTrend,test,2025-01-22,8.713807143130873,8.64095170049772
WhittakerTrend,test,2025-01-23,8.719106562590403,8.641608466577118
WhittakerTrend,test,2025-01-24,8.716247346605936,8.642265232656516
WhittakerTrend,test,2025-01-27,8.701559287573824,8.642921998735915
WhittakerTrend,test,2025-01-28,8.71073493175154,8.643578764815313
WhittakerTrend,test,2025-01-29,8.70604505569462,8.644235530894711
WhittakerTrend,test,2025-01-30,8.7113066038468,8.64489229697411
WhittakerTrend,test,2025-01-31,8.706246999856534,8.645549063053508
WhittakerTrend,test,2025-02-03,8.698609309127038,8.646205829132906
WhittakerTrend,test,2025-02-04,8.705808216530068,8.646862595212305
WhittakerTrend,test,2025-02-05,8.709709270445682,8.647519361291703
WhittakerTrend,test,2025-02-06,8.713346944800948,8.648176127371102
WhittakerTrend,test,2025-02-07,8.703837099107288,8.6488328934505
WhittakerTrend,test,2025-02-10,8.710527211402741,8.649489659529898
WhittakerTrend,test,2025-02-11,8.710866736546416,8.650146425609297
WhittakerTrend,test,2025-02-12,8.708139153356768,8.650803191688695
WhittakerTrend,test,2025-02-13,8.718511466571004,8.651459957768093
WhittakerTrend,test,2025-02-14,8.71843952017543,8.652116723847492
WhittakerTrend,test,2025-02-18,8.72088152383098,8.65277348992689
WhittakerTrend,test,2025-02-19,8.723255672697805,8.653430256006288
WhittakerTrend,test,2025-02-20,8.718912067813516,8.654087022085687
WhittakerTrend,test,2025-02-21,8.701700671140976,8.654743788165085
WhittakerTrend,test,2025-02-24,8.696719177574725,8.655400554244483
WhittakerTrend,test,2025-02-25,8.692028462436328,8.656057320323882
WhittakerTrend,test,2025-02-26,8.692164477465912,8.65671408640328
WhittakerTrend,test,2025-02-27,8.676172734787388,8.657370852482678
WhittakerTrend,test,2025-02-28,8.691902515208051,8.658027618562077
WhittakerTrend,test,2025-03-03,8.674149112559741,8.658684384641475
WhittakerTrend,test,2025-03-04,8.661838824328235,8.659341150720874
WhittakerTrend,test,2025-03-05,8.672936296856971,8.659997916800272
WhittakerTrend,test,2025-03-06,8.654956619749516,8.66065468287967
WhittakerTrend,test,2025-03-07,8.660462054794971,8.661311448959069
WhittakerTrend,test,2025-03-10,8.633118513006542,8.661968215038467
WhittakerTrend,test,2025-03-11,8.625521866088006,8.662624981117865
WhittakerTrend,test,2025-03-12,8.630396834028497,8.663281747197264
WhittakerTrend,test,2025-03-13,8.616408467222032,8.663938513276662
WhittakerTrend,test,2025-03-14,8.63745137317523,8.66459527935606
WhittakerTrend,test,2025-03-17,8.643847008149836,8.665252045435459
WhittakerTrend,test,2025-03-18,8.633136341075515,8.665908811514857
WhittakerTrend,test,2025-03-19,8.643876949248469,8.666565577594255
WhittakerTrend,test,2025-03-20,8.641689665734686,8.667222343673654
WhittakerTrend,test,2025-03-21,8.64251397934252,8.667879109753052
WhittakerTrend,test,2025-03-24,8.660006096471157,8.66853587583245
WhittakerTrend,test,2025-03-25,8.661579191961811,8.669192641911849
WhittakerTrend,test,2025-03-26,8.650359551604213,8.669849407991247
WhittakerTrend,test,2025-03-27,8.64704709059708,8.670506174070645
WhittakerTrend,test,2025-03-28,8.627112489470228,8.671162940150044
WhittakerTrend,test,2025-03-31,8.632635729827873,8.671819706229442
WhittakerTrend,test,2025-04-01,8.636409834383086,8.67247647230884
WhittakerTrend,test,2025-04-02,8.64311549581257,8.673133238388239
WhittakerTrend,test,2025-04-03,8.593509583983574,8.673790004467637
WhittakerTrend,test,2025-04-04,8.531900522085342,8.674446770547036
WhittakerTrend,test,2025-04-07,8.52956632747938,8.675103536626434
WhittakerTrend,test,2025-04-08,8.513741244202324,8.675760302705832
WhittakerTrend,test,2025-04-09,8.60463612403536,8.67641706878523
WhittakerTrend,test,2025-04-10,8.56941551701125,8.677073834864629
WhittakerTrend,test,2025-04-11,8.587345897847026,8.677730600944027
WhittakerTrend,test,2025-04-14,8.59525921717337,8.678387367023426
WhittakerTrend,test,2025-04-15,8.593529941948068,8.679044133102824
WhittakerTrend,test,2025-04-16,8.570866687983166,8.679700899182222
WhittakerTrend,test,2025-04-17,8.57219264660694,8.68035766526162
WhittakerTrend,test,2025-04-21,8.54834299827292,8.68101443134102
WhittakerTrend,test,2025-04-22,8.57314995039837,8.681671197420417
WhittakerTrend,test,2025-04-23,8.58967381476525,8.682327963499816
WhittakerTrend,test,2025-04-24,8.609730442847834,8.682984729579214
WhittakerTrend,test,2025-04-25,8.617076527643535,8.683641495658613
WhittakerTrend,test,2025-04-28,8.617717029182536,8.684298261738011
WhittakerTrend,test,2025-04-29,8.623502670728094,8.68495502781741
WhittakerTrend,test,2025-04-30,8.624981567980026,8.685611793896808
WhittakerTrend,test,2025-05-01,8.631260913696478,8.686268559976206
WhittakerTrend,test,2025-05-02,8.645880104805592,8.686925326055604
WhittakerTrend,test,2025-05-05,8.639478057776273,8.687582092135003
WhittakerTrend,test,2025-05-06,8.631755072497882,8.688238858214401
WhittakerTrend,test,2025-05-07,8.63609201060459,8.6888956242938
WhittakerTrend,test,2025-05-08,8.641875031752058,8.689552390373198
WhittakerTrend,test,2025-05-09,8.641163297617181,8.690209156452596
WhittakerTrend,test,2025-05-12,8.6732032742942,8.690865922531994
WhittakerTrend,test,2025-05-13,8.680425333314448,8.691522688611393
WhittakerTrend,test,2025-05-14,8.681449224556724,8.692179454690791
WhittakerTrend,test,2025-05-15,8.68557304199548,8.69283622077019
WhittakerTrend,test,2025-05-16,8.69255389136358,8.693492986849588
WhittakerTrend,test,2025-05-19,8.69342962092963,8.694149752928986
WhittakerTrend,test,2025-05-20,8.689541843860058,8.694806519008385
WhittakerTrend,test,2025-05-21,8.673275124592298,8.695463285087783
WhittakerTrend,test,2025-05-22,8.672830154569876,8.696120051167181
WhittakerTrend,test,2025-05-23,8.666099254978404,8.69677681724658
WhittakerTrend,test,2025-05-27,8.686351835780588,8.697433583325978
WhittakerTrend,test,2025-05-28,8.680765033204143,8.698090349405376
WhittakerTrend,test,2025-05-29,8.684768204074775,8.698747115484775
WhittakerTrend,test,2025-05-30,8.68468701561778,8.699403881564173
WhittakerTrend,test,2025-06-02,8.688780667108405,8.700060647643571
WhittakerTrend,test,2025-06-03,8.694564200643775,8.70071741372297
WhittakerTrend,test,2025-06-04,8.694637885388493,8.701374179802368
WhittakerTrend,test,2025-06-05,8.689346527409796,8.702030945881766
WhittakerTrend,test,2025-06-06,8.699574723625172,8.702687711961165
WhittakerTrend,test,2025-06-09,8.700494248811564,8.703344478040563
WhittakerTrend,test,2025-06-10,8.70596226135321,8.704001244119961
WhittakerTrend,test,2025-06-11,8.703214601034924,8.70465801019936
WhittakerTrend,test,2025-06-12,8.7070297341066,8.705314776278758
WhittakerTrend,test,2025-06-13,8.695669065516498,8.705971542358157
WhittakerTrend,test,2025-06-16,8.705017888664687,8.706628308437555
WhittakerTrend,test,2025-06-17,8.696630628941042,8.707285074516953
WhittakerTrend,test,2025-06-18,8.696321340906323,8.707941840596352
WhittakerTrend,test,2025-06-20,8.694140305690734,8.70859860667575
WhittakerTrend,test,2025-06-23,8.703700960761994,8.709255372755148
WhittakerTrend,test,2025-06-24,8.714761289378952,8.709912138834547
WhittakerTrend,test,2025-06-25,8.714758003270603,8.710568904913945
WhittakerTrend,test,2025-06-26,8.72274613430312,8.711225670993343
WhittakerTrend,test,2025-06-27,8.72795153355927,8.711882437072742
WhittakerTrend,test,2025-06-30,8.7331026710654,8.71253920315214
WhittakerTrend,test,2025-07-01,8.73198351395552,8.713195969231538
WhittakerTrend,test,2025-07-02,8.73671738826201,8.713852735310937
WhittakerTrend,test,2025-07-03,8.745021766472675,8.714509501390335
WhittakerTrend,test,2025-07-07,8.73712839836843,8.715166267469733
WhittakerTrend,test,2025-07-08,8.73641225511796,8.715823033549132
WhittakerTrend,test,2025-07-09,8.74245605789474,8.71647979962853
WhittakerTrend,test,2025-07-10,8.745198498967666,8.717136565707928
WhittakerTrend,test,2025-07-11,8.74189552719444,8.717793331787327
WhittakerTrend,test,2025-07-14,8.743301951525376,8.718450097866725
WhittakerTrend,test,2025-07-15,8.739337806459705,8.719106863946124
WhittakerTrend,test,2025-07-16,8.742526374985088,8.719763630025522
WhittakerTrend,test,2025-07-17,8.7478857552251,8.72042039610492
WhittakerTrend,test,2025-07-18,8.747795264922292,8.721077162184319
WhittakerTrend,test,2025-07-21,8.749193421927965,8.721733928263717
WhittakerTrend,test,2025-07-22,8.749830750424632,8.722390694343115
WhittakerTrend,test,2025-07-23,8.757612282570335,8.723047460422514
WhittakerTrend,test,2025-07-24,8.758310262567267,8.723704226501912
WhittakerTrend,test,2025-07-25,8.762276713568948,8.72436099258131
WhittakerTrend,test,2025-07-28,8.762453556040215,8.725017758660709
WhittakerTrend,test,2025-07-29,8.759489725842748,8.725674524740107
WhittakerTrend,test,2025-07-30,8.758239511904238,8.726331290819505
WhittakerTrend,test,2025-07-31,8.754537849857863,8.726988056898904
WhittakerTrend,test,2025-08-01,8.738416462672294,8.727644822978302
WhittakerTrend,test,2025-08-04,8.753046027163709,8.7283015890577
WhittakerTrend,test,2025-08-05,8.748176323383246,8.728958355137099
WhittakerTrend,test,2025-08-06,8.7554318456031,8.729615121216497
WhittakerTrend,test,2025-08-07,8.754634047431272,8.730271887295896
WhittakerTrend,test,2025-08-08,8.762403502247661,8.730928653375294
WhittakerTrend,test,2025-08-11,8.759896233853777,8.731585419454692
WhittakerTrend,test,2025-08-12,8.771177792928947,8.73224218553409
WhittakerTrend,test,2025-08-13,8.774402666312993,8.732898951613489
WhittakerTrend,test,2025-08-14,8.774705711191547,8.733555717692887
WhittakerTrend,test,2025-08-15,8.771804371275183,8.734212483772286
WhittakerTrend,test,2025-08-18,8.771703603017446,8.734869249851684
WhittakerTrend,test,2025-08-19,8.765828273905239,8.735526015931082
WhittakerTrend,test,2025-08-20,8.763393643272975,8.73618278201048
WhittakerTrend,test,2025-08-21,8.759381423544024,8.736839548089879
WhittakerTrend,test,2025-08-22,8.774453708702803,8.737496314169277
WhittakerTrend,test,2025-08-25,8.770178196163156,8.738153080248676
WhittakerTrend,test,2025-08-26,8.774303669873273,8.738809846328074
WhittakerTrend,test,2025-08-27,8.776691800326576,8.739466612407472
WhittakerTrend,test,2025-08-28,8.779843547768042,8.74012337848687
WhittakerTrend,test,2025-08-29,8.77342480736525,8.74078014456627
WhittakerTrend,test,2025-09-02,8.766478457304219,8.741436910645668
WhittakerTrend,test,2025-09-03,8.77156556960716,8.742093676725066
WhittakerTrend,test,2025-09-04,8.779877416710034,8.742750442804464
WhittakerTrend,test,2025-09-05,8.776707244040098,8.743407208883863
WhittakerTrend,test,2025-09-08,8.778811008490987,8.744063974963261
WhittakerTrend,test,2025-09-09,8.78149555552106,8.74472074104266
WhittakerTrend,test,2025-09-10,8.784474583750457,8.745377507122058
WhittakerTrend,test,2025-09-11,8.792924671373552,8.746034273201456
WhittakerTrend,test,2025-09-12,8.792441793492124,8.746691039280854
WhittakerTrend,test,2025-09-15,8.797137371218684,8.747347805360253
WhittakerTrend,test,2025-09-16,8.795848610785352,8.748004571439651
WhittakerTrend,test,2025-09-17,8.794877971707107,8.74866133751905
WhittakerTrend,test,2025-09-18,8.799655659543815,8.749318103598448
WhittakerTrend,test,2025-09-19,8.804529183481296,8.749974869677846
WhittakerTrend,test,2025-09-22,8.808929534196059,8.750631635757244
WhittakerTrend,test,2025-09-23,8.80341218236732,8.751288401836643
WhittakerTrend,test,2025-09-24,8.800561505202024,8.751945167916041
WhittakerTrend,test,2025-09-25,8.795539856459497,8.75260193399544
WhittakerTrend,test,2025-09-26,8.801424345589911,8.753258700074838
WhittakerTrend,test,2025-09-29,8.804056422849824,8.753915466154236
WhittakerTrend,test,2025-09-30,8.808138926463332,8.754572232233635
WhittakerTrend,test,2025-10-01,8.811533080634556,8.755228998313033
WhittakerTrend,test,2025-10-02,8.812151244255938,8.755885764392431
WhittakerTrend,test,2025-10-03,8.812216754912805,8.75654253047183
WhittakerTrend,test,2025-10-06,8.815856714195567,8.757199296551228
WhittakerTrend,test,2025-10-07,8.812038026488715,8.757856062630626
WhittakerTrend,test,2025-10-08,8.817848774982902,8.758512828710025
WhittakerTrend,test,2025-10-09,8.815089401002624,8.759169594789423
WhittakerTrend,test,2025-10-10,8.787603425562724,8.759826360868821
WhittakerTrend,test,2025-10-13,8.803081688599658,8.76048312694822
WhittakerTrend,test,2025-10-14,8.801516137102714,8.761139893027618
WhittakerTrend,test,2025-10-15,8.805534055606143,8.761796659107016
WhittakerTrend,test,2025-10-16,8.799219775331,8.762453425186415
WhittakerTrend,test,2025-10-17,8.804476649275527,8.763110191265813
WhittakerTrend,test,2025-10-20,8.815092373411671,8.763766957345211
WhittakerTrend,test,2025-10-21,8.815125069328088,8.76442372342461
WhittakerTrend,test,2025-10-22,8.809773234553345,8.765080489504008
WhittakerTrend,test,2025-10-23,8.815583714415359,8.765737255583407
WhittakerTrend,test,2025-10-24,8.823455076390603,8.766394021662805
WhittakerTrend,test,2025-10-27,8.835670217717983,8.767050787742203
WhittakerTrend,test,2025-10-28,8.837955548220213,8.767707553821602
WhittakerTrend,test,2025-10-29,8.83791196901548,8.768364319901
WhittakerTrend,test,2025-10-30,8.827957777590944,8.769021085980398
WhittakerTrend,test,2025-10-31,8.830572278508829,8.769677852059797
WhittakerTrend,test,2025-11-03,8.832291512505746,8.770334618139195
WhittakerTrend,test,2025-11-04,8.820485262113419,8.770991384218593
WhittakerTrend,test,2025-11-05,8.824132159789107,8.771648150297992
WhittakerTrend,test,2025-11-06,8.812891025274384,8.77230491637739
WhittakerTrend,test,2025-11-07,8.814152071621878,8.772961682456788
WhittakerTrend,test,2025-11-10,8.82943569832538,8.773618448536187
WhittakerTrend,test,2025-11-11,8.831508898277772,8.774275214615585
WhittakerTrend,test,2025-11-12,8.832138217403717,8.774931980694983
WhittakerTrend,test,2025-11-13,8.815442765772788,8.775588746774382
WhittakerTrend,test,2025-11-14,8.814940914301516,8.77624551285378
WhittakerTrend,test,2025-11-17,8.805736416407212,8.776902278933179
WhittakerTrend,test,2025-11-18,8.797445706563042,8.777559045012577
WhittakerTrend,test,2025-11-19,8.801192514300308,8.778215811091975
WhittakerTrend,test,2025-11-20,8.785502788183992,8.778872577171374
WhittakerTrend,test,2025-11-21,8.795277891225584,8.779529343250772
WhittakerTrend,test,2025-11-24,8.810626710124666,8.78018610933017
WhittakerTrend,test,2025-11-25,8.819647596125499,8.780842875409569
WhittakerTrend,test,2025-11-26,8.826530565561649,8.781499641488967
WhittakerTrend,test,2025-11-28,8.831871052902786,8.782156407568365
WhittakerTrend,test,2025-12-01,8.82653350415673,8.782813173647764
WhittakerTrend,test,2025-12-02,8.828987725352667,8.783469939727162
WhittakerTrend,test,2025-12-03,8.831963085873753,8.78412670580656
WhittakerTrend,test,2025-12-04,8.833042824585727,8.784783471885959
WhittakerTrend,test,2025-12-05,8.834977593470406,8.785440237965357
WhittakerTrend,test,2025-12-08,8.831494278138758,8.786097004044755
WhittakerTrend,test,2025-12-09,8.830617534977744,8.786753770124154
WhittakerTrend,test,2025-12-10,8.837344415636885,8.787410536203552
WhittakerTrend,test,2025-12-11,8.839421607620602,8.78806730228295
WhittakerTrend,test,2025-12-12,8.828700694162047,8.788724068362349
WhittakerTrend,test,2025-12-15,8.82710285527021,8.789380834441747
WhittakerTrend,test,2025-12-16,8.82471609126177,8.790037600521146
WhittakerTrend,test,2025-12-17,8.8130562346504,8.790694366600544
WhittakerTrend,test,2025-12-18,8.820959186170878,8.791351132679942
WhittakerTrend,test,2025-12-19,8.829738593592708,8.79200789875934
WhittakerTrend,test,2025-12-22,8.836154464168269,8.792664664838739
WhittakerTrend,test,2025-12-23,8.840694531215059,8.793321430918137
WhittakerTrend,test,2025-12-24,8.84391083555976,8.793978196997536
WhittakerTrend,test,2025-12-26,8.84360642568265,8.794634963076934
WhittakerTrend,test,2025-12-29,8.840108262758713,8.795291729156332
WhittakerTrend,test,2025-12-30,8.838731648508059,8.79594849523573
WhittakerTrend,test,2025-12-31,8.83134678107381,8.796605261315129
WhittakerTrend,test,2026-01-02,8.833239695099927,8.797262027394527
WhittakerTrend,test,2026-01-05,8.839573719610978,8.797918793473926
WhittakerTrend,test,2026-01-06,8.84575131161487,8.798575559553324
WhittakerTrend,test,2026-01-07,8.842305458043862,8.799232325632723
WhittakerTrend,test,2026-01-08,8.842382003373285,8.79988909171212
WhittakerTrend,test,2026-01-09,8.848836614511605,8.80054585779152
WhittakerTrend,test,2026-01-12,8.850413004570786,8.801202623870918
WhittakerTrend,test,2026-01-13,8.848471998982578,8.801859389950316
WhittakerTrend,test,2026-01-14,8.843124365398443,8.802516156029714
WhittakerTrend,test,2026-01-15,8.845700969318887,8.803172922109113
WhittakerTrend,test,2026-01-16,8.845058460650437,8.803829688188511
WhittakerTrend,test,2026-01-20,8.824215999697175,8.80448645426791
WhittakerTrend,test,2026-01-21,8.835737117330735,8.805143220347308
WhittakerTrend,test,2026-01-22,8.841209618038638,8.805799986426706
WhittakerTrend,test,2026-01-23,8.84153643446612,8.806456752506104
WhittakerTrend,test,2026-01-26,8.84653002872628,8.807113518585503
WhittakerTrend,test,2026-01-27,8.85060361656672,8.807770284664901
WhittakerTrend,test,2026-01-28,8.85052189017502,8.8084270507443
WhittakerTrend,test,2026-01-29,8.849228422732558,8.809083816823698
WhittakerTrend,test,2026-01-30,8.8449172433181,8.809740582903096
WhittakerTrend,test,2026-02-02,8.850294028595464,8.810397348982494
WhittakerTrend,test,2026-02-03,8.8418545330048,8.811054115061893
WhittakerTrend,test,2026-02-04,8.836769232849786,8.811710881141291
WhittakerTrend,test,2026-02-05,8.824442554995954,8.81236764722069
WhittakerTrend,test,2026-02-06,8.843946899278155,8.813024413300088
WhittakerTrend,test,2026-02-09,8.848627017138277,8.813681179379486
WhittakerTrend,test,2026-02-10,8.845317834853768,8.814337945458885
WhittakerTrend,test,2026-02-11,8.845268877583818,8.814994711538283
WhittakerTrend,test,2026-02-12,8.8294839361977,8.815651477617681
WhittakerTrend,test,2026-02-13,8.829982900842147,8.81630824369708
WhittakerTrend,test,2026-02-17,8.831013691472803,8.816965009776478
WhittakerTrend,test,2026-02-18,8.836564328293939,8.817621775855876
WhittakerTrend,test,2026-02-19,8.833738212902404,8.818278541935275
WhittakerTrend,test,2026-02-20,8.840653968604578,8.818935308014673
WhittakerTrend,test,2026-02-23,8.830214009133122,8.819592074094071
WhittakerTrend,test,2026-02-24,8.837836498095506,8.82024884017347
WhittakerTrend,test,2026-02-25,8.845939932065635,8.820905606252868
WhittakerTrend,test,2026-02-26,8.840559905070068,8.821562372332266
WhittakerTrend,test,2026-02-27,8.836211109942031,8.822219138411665
WhittakerTrend,test,2026-03-02,8.836609385355166,8.822875904491063
WhittakerTrend,test,2026-03-03,8.827120476623854,8.823532670570462
WhittakerTrend,test,2026-03-04,8.834846602364003,8.82418943664986
WhittakerTrend,test,2026-03-05,8.8291838945913,8.824846202729258
WhittakerTrend,test,2026-03-06,8.815818174158803,8.825502968808657
WhittakerTrend,test,2026-03-09,8.824088045824192,8.826159734888055
WhittakerTrend,test,2026-03-10,8.821950643318305,8.826816500967453
WhittakerTrend,test,2026-03-11,8.821112691132669,8.827473267046852
WhittakerTrend,test,2026-03-12,8.805767882943176,8.82813003312625
WhittakerTrend,test,2026-03-13,8.799690336544673,8.828786799205648
WhittakerTrend,test,2026-03-16,8.809770246291492,8.829443565285047
WhittakerTrend,test,2026-03-17,8.812261395676446,8.830100331364445
WhittakerTrend,test,2026-03-18,8.798560396292714,8.830757097443843
WhittakerTrend,test,2026-03-19,8.795807813668816,8.831413863523242
WhittakerTrend,test,2026-03-20,8.780553879361046,8.83207062960264
WhittakerTrend,test,2026-03-23,8.791941988456118,8.832727395682038
WhittakerTrend,test,2026-03-24,8.788192392996798,8.833384161761437
WhittakerTrend,test,2026-03-25,8.793596886756747,8.834040927840835
WhittakerTrend,test,2026-03-26,8.776037445795538,8.834697693920234
WhittakerTrend,test,2026-03-27,8.759174213849487,8.835354459999632
WhittakerTrend,test,2026-03-30,8.75522066001613,8.83601122607903
WhittakerTrend,test,2026-03-31,8.78393555332593,8.836667992158429
WhittakerTrend,test,2026-04-01,8.79107849832969,8.837324758237827
WhittakerTrend,test,2026-04-02,8.792198746465926,8.837981524317225
WhittakerTrend,test,2026-04-06,8.79661575959753,8.838638290396624
WhittakerTrend,test,2026-04-07,8.797374719630659,8.839295056476022
WhittakerTrend,test,2026-04-08,8.822146757987843,8.83995182255542
WhittakerTrend,test,2026-04-09,8.828297824857357,8.840608588634819
WhittakerTrend,test,2026-04-10,8.827158655158216,8.841265354714217
WhittakerTrend,test,2026-04-13,8.837280530651958,8.841922120793615
WhittakerTrend,test,2026-04-14,8.848994519568102,8.842578886873014
WhittakerTrend,test,2026-04-15,8.856938664479667,8.843235652952412
WhittakerTrend,test,2026-04-16,8.859545220294953,8.84389241903181
WhittakerTrend,test,2026-04-17,8.87151377422369,8.844549185111209
WhittakerTrend,test,2026-04-20,8.869136578313439,8.845205951190607
WhittakerTrend,test,2026-04-21,8.862768124732586,8.845862717270006
WhittakerTrend,test,2026-04-22,8.873173880744122,8.846519483349404
WhittakerTrend,test,2026-04-23,8.869032448573183,8.847176249428802
WhittakerTrend,test,2026-04-24,8.876974516490815,8.8478330155082
WhittakerTrend,test,2026-04-27,8.878206134491366,8.848489781587599
WhittakerTrend,test,2026-04-28,8.87329994662257,8.849146547666997
WhittakerTrend,test,2026-04-29,8.872900694879057,8.849803313746396
WhittakerTrend,test,2026-04-30,8.883086879047163,8.850460079825794
WhittakerTrend,test,2026-05-01,8.886010928733684,8.851116845905192
WhittakerTrend,test,2026-05-04,8.881940466245842,8.85177361198459
WhittakerTrend,test,2026-05-05,8.890027693626418,8.852430378063989
WhittakerTrend,test,2026-05-06,8.904510637954164,8.853087144143387
WhittakerTrend,test,2026-05-07,8.900700292471486,8.853743910222786
WhittakerTrend,test,2026-05-08,8.909090697900519,8.854400676302184
WhittakerTrend,test,2026-05-11,8.910968889641193,8.855057442381582
WhittakerTrend,test,2026-05-12,8.909364995229785,8.85571420846098
WhittakerTrend,test,2026-05-13,8.91519720129278,8.85637097454038
WhittakerTrend,test,2026-05-14,8.92282365043652,8.857027740619777
WhittakerTrend,test,2026-05-15,8.91038326864879,8.857684506699176
WhittakerTrend,test,2026-05-18,8.909647330056224,8.858341272778574
WhittakerTrend,test,2026-05-19,8.902946609499553,8.858998038857973
WhittakerTrend,test,2026-05-20,8.91368081756588,8.859654804937371
WhittakerTrend,test,2026-05-21,8.915394678497545,8.86031157101677
WhittakerTrend,test,2026-05-22,8.919114723781886,8.860968337096168
WhittakerTrend,test,2026-05-26,8.925204404405033,8.861625103175566
WhittakerTrend,test,2026-05-27,8.925369269958653,8.862281869254964
WhittakerTrend,test,2026-05-28,8.93110649717087,8.862938635334363
WhittakerTrend,test,2026-05-29,8.933276401902356,8.863595401413761
WhittakerTrend,test,2026-06-01,8.935898257962847,8.86425216749316
WhittakerTrend,test,2026-06-02,8.937189512875436,8.864908933572558
MovingAverageTrend,validation,2019-11-04,8.032123036194836,7.992249971691248
MovingAverageTrend,validation,2019-11-05,8.030936633483016,7.992249971691248
MovingAverageTrend,validation,2019-11-06,8.031638884075305,7.992249971691248
MovingAverageTrend,validation,2019-11-07,8.034365259319586,7.992249971691248
MovingAverageTrend,validation,2019-11-08,8.036922662464702,7.992249971691248
MovingAverageTrend,validation,2019-11-11,8.034958267051364,7.992249971691248
MovingAverageTrend,validation,2019-11-12,8.036521690352627,7.992249971691248
MovingAverageTrend,validation,2019-11-13,8.037232971922744,7.992249971691248
MovingAverageTrend,validation,2019-11-14,8.0380696645372,7.992249971691248
MovingAverageTrend,validation,2019-11-15,8.045735693315173,7.992249971691248
MovingAverageTrend,validation,2019-11-18,8.046238719637984,7.992249971691248
MovingAverageTrend,validation,2019-11-19,8.04564594953829,7.992249971691248
MovingAverageTrend,validation,2019-11-20,8.04188269311735,7.992249971691248
MovingAverageTrend,validation,2019-11-21,8.04029868703116,7.992249971691248
MovingAverageTrend,validation,2019-11-22,8.042471260973537,7.992249971691248
MovingAverageTrend,validation,2019-11-25,8.049950512861004,7.992249971691248
MovingAverageTrend,validation,2019-11-26,8.052143676505944,7.992249971691248
MovingAverageTrend,validation,2019-11-27,8.056309412131244,7.992249971691248
MovingAverageTrend,validation,2019-11-29,8.052290125901255,7.992249971691248
MovingAverageTrend,validation,2019-12-02,8.04362164220729,7.992249971691248
MovingAverageTrend,validation,2019-12-03,8.036961416949246,7.992249971691248
MovingAverageTrend,validation,2019-12-04,8.043265074558017,7.992249971691248
MovingAverageTrend,validation,2019-12-05,8.044764201484647,7.992249971691248
MovingAverageTrend,validation,2019-12-06,8.053858447515072,7.992249971691248
MovingAverageTrend,validation,2019-12-09,8.050690613830596,7.992249971691248
MovingAverageTrend,validation,2019-12-10,8.049593077661614,7.992249971691248
MovingAverageTrend,validation,2019-12-11,8.052497015190964,7.992249971691248
MovingAverageTrend,validation,2019-12-12,8.06103568256652,7.992249971691248
MovingAverageTrend,validation,2019-12-13,8.061108261716734,7.992249971691248
MovingAverageTrend,validation,2019-12-16,8.068230622659277,7.992249971691248
MovingAverageTrend,validation,2019-12-17,8.068565858687737,7.992249971691248
MovingAverageTrend,validation,2019-12-18,8.068133465047215,7.992249971691248
MovingAverageTrend,validation,2019-12-19,8.07258284386908,7.992249971691248
MovingAverageTrend,validation,2019-12-20,8.077515439673414,7.992249971691248
MovingAverageTrend,validation,2019-12-23,8.078381208387713,7.992249971691248
MovingAverageTrend,validation,2019-12-24,8.078185741085244,7.992249971691248
MovingAverageTrend,validation,2019-12-26,8.083300803495298,7.992249971691248
MovingAverageTrend,validation,2019-12-27,8.083334787634955,7.992249971691248
MovingAverageTrend,validation,2019-12-30,8.077537191555606,7.992249971691248
MovingAverageTrend,validation,2019-12-31,8.080478882199797,7.992249971691248
MovingAverageTrend,validation,2020-01-02,8.088822777562113,7.992249971691248
MovingAverageTrend,validation,2020-01-03,8.081737868197159,7.992249971691248
MovingAverageTrend,validation,2020-01-06,8.085265013391432,7.992249971691248
MovingAverageTrend,validation,2020-01-07,8.082457838306837,7.992249971691248
MovingAverageTrend,validation,2020-01-08,8.087348311792478,7.992249971691248
MovingAverageTrend,validation,2020-01-09,8.093981525909385,7.992249971691248
MovingAverageTrend,validation,2020-01-10,8.091122263421878,7.992249971691248
MovingAverageTrend,validation,2020-01-13,8.098074257467813,7.992249971691248
MovingAverageTrend,validation,2020-01-14,8.096558576630917,7.992249971691248
MovingAverageTrend,validation,2020-01-15,8.098427026874605,7.992249971691248
MovingAverageTrend,validation,2020-01-16,8.106758774296837,7.992249971691248
MovingAverageTrend,validation,2020-01-17,8.110613497544321,7.992249971691248
MovingAverageTrend,validation,2020-01-21,8.107957997174736,7.992249971691248
MovingAverageTrend,validation,2020-01-22,8.108247031471418,7.992249971691248
MovingAverageTrend,validation,2020-01-23,8.109387357664776,7.992249971691248
MovingAverageTrend,validation,2020-01-24,8.100304068238582,7.992249971691248
MovingAverageTrend,validation,2020-01-27,8.084448315881739,7.992249971691248
MovingAverageTrend,validation,2020-01-28,8.094451699382091,7.992249971691248
MovingAverageTrend,validation,2020-01-29,8.093584449238506,7.992249971691248
MovingAverageTrend,validation,2020-01-30,8.096713906168716,7.992249971691248
MovingAverageTrend,validation,2020-01-31,8.078849462597354,7.992249971691248
MovingAverageTrend,validation,2020-02-03,8.086077888358586,7.992249971691248
MovingAverageTrend,validation,2020-02-04,8.100947204276093,7.992249971691248
MovingAverageTrend,validation,2020-02-05,8.112134982935066,7.992249971691248
MovingAverageTrend,validation,2020-02-06,8.115455137992068,7.992249971691248
MovingAverageTrend,validation,2020-02-07,8.110039646982608,7.992249971691248
MovingAverageTrend,validation,2020-02-10,8.117339337103182,7.992249971691248
MovingAverageTrend,validation,2020-02-11,8.119026385789185,7.992249971691248
MovingAverageTrend,validation,2020-02-12,8.125468238894388,7.992249971691248
MovingAverageTrend,validation,2020-02-13,8.123836462534399,7.992249971691248
MovingAverageTrend,validation,2020-02-14,8.125678298632884,7.992249971691248
MovingAverageTrend,validation,2020-02-18,8.122754084646736,7.992249971691248
MovingAverageTrend,validation,2020-02-19,8.127448832931021,7.992249971691248
MovingAverageTrend,validation,2020-02-20,8.123626015503024,7.992249971691248
MovingAverageTrend,validation,2020-02-21,8.113052206270204,7.992249971691248
MovingAverageTrend,validation,2020-02-24,8.078964126849764,7.992249971691248
MovingAverageTrend,validation,2020-02-25,8.04821622247441,7.992249971691248
MovingAverageTrend,validation,2020-02-26,8.044430525150881,7.992249971691248
MovingAverageTrend,validation,2020-02-27,7.999262388798619,7.992249971691248
MovingAverageTrend,validation,2020-02-28,7.990989925688966,7.992249971691248
MovingAverageTrend,validation,2020-03-02,8.03600079445838,7.992249971691248
MovingAverageTrend,validation,2020-03-03,8.007490309535465,7.992249971691248
MovingAverageTrend,validation,2020-03-04,8.048826658896099,7.992249971691248
MovingAverageTrend,validation,2020-03-05,8.014315876456116,7.992249971691248
MovingAverageTrend,validation,2020-03-06,7.997114932803731,7.992249971691248
MovingAverageTrend,validation,2020-03-09,7.918104519863359,7.992249971691248
MovingAverageTrend,validation,2020-03-10,7.966319572289218,7.992249971691248
MovingAverageTrend,validation,2020-03-11,7.916216679480613,7.992249971691248
MovingAverageTrend,validation,2020-03-12,7.81627182707814,7.992249971691248
MovingAverageTrend,validation,2020-03-13,7.905080234027375,7.992249971691248
MovingAverageTrend,validation,2020-03-16,7.777428036554558,7.992249971691248
MovingAverageTrend,validation,2020-03-17,7.83565434919025,7.992249971691248
MovingAverageTrend,validation,2020-03-18,7.78243207685817,7.992249971691248
MovingAverageTrend,validation,2020-03-19,7.787128837828571,7.992249971691248
MovingAverageTrend,validation,2020-03-20,7.742801213775204,7.992249971691248
MovingAverageTrend,validation,2020-03-23,7.713069712765627,7.992249971691248
MovingAverageTrend,validation,2020-03-24,7.80275294528359,7.992249971691248
MovingAverageTrend,validation,2020-03-25,7.8142219357044125,7.992249971691248
MovingAverageTrend,validation,2020-03-26,7.874765766778659,7.992249971691248
MovingAverageTrend,validation,2020-03-27,7.840497921237032,7.992249971691248
MovingAverageTrend,validation,2020-03-30,7.873464511807008,7.992249971691248
MovingAverageTrend,validation,2020-03-31,7.857322201018592,7.992249971691248
MovingAverageTrend,validation,2020-04-01,7.812175838285805,7.992249971691248
MovingAverageTrend,validation,2020-04-02,7.834748495342765,7.992249971691248
MovingAverageTrend,validation,2020-04-03,7.81949563451682,7.992249971691248
MovingAverageTrend,validation,2020-04-06,7.887463878661651,7.992249971691248
MovingAverageTrend,validation,2020-04-07,7.885859539613288,7.992249971691248
MovingAverageTrend,validation,2020-04-08,7.919348910804573,7.992249971691248
MovingAverageTrend,validation,2020-04-09,7.933732381108273,7.992249971691248
MovingAverageTrend,validation,2020-04-13,7.923576321663596,7.992249971691248
MovingAverageTrend,validation,2020-04-14,7.953690881235903,7.992249971691248
MovingAverageTrend,validation,2020-04-15,7.931414148563534,7.992249971691248
MovingAverageTrend,validation,2020-04-16,7.9372139864030755,7.992249971691248
MovingAverageTrend,validation,2020-04-17,7.963654918424396,7.992249971691248
MovingAverageTrend,validation,2020-04-20,7.945612072809048,7.992249971691248
MovingAverageTrend,validation,2020-04-21,7.914456957572717,7.992249971691248
MovingAverageTrend,validation,2020-04-22,7.937128258154854,7.992249971691248
MovingAverageTrend,validation,2020-04-23,7.936588690494658,7.992249971691248
MovingAverageTrend,validation,2020-04-24,7.950410781061498,7.992249971691248
MovingAverageTrend,validation,2020-04-27,7.965017649243234,7.992249971691248
MovingAverageTrend,validation,2020-04-28,7.95976147905275,7.992249971691248
MovingAverageTrend,validation,2020-04-29,7.985998183097823,7.992249971691248
MovingAverageTrend,validation,2020-04-30,7.976743039778769,7.992249971691248
MovingAverageTrend,validation,2020-05-01,7.948282828763992,7.992249971691248
MovingAverageTrend,validation,2020-05-04,7.952523651342842,7.992249971691248
MovingAverageTrend,validation,2020-05-05,7.961523586540622,7.992249971691248
MovingAverageTrend,validation,2020-05-06,7.954519706141579,7.992249971691248
MovingAverageTrend,validation,2020-05-07,7.96595866189647,7.992249971691248
MovingAverageTrend,validation,2020-05-08,7.982689456961696,7.992249971691248
MovingAverageTrend,validation,2020-05-11,7.982822526328487,7.992249971691248
MovingAverageTrend,validation,2020-05-12,7.962109160556439,7.992249971691248
MovingAverageTrend,validation,2020-05-13,7.944492163932159,7.992249971691248
MovingAverageTrend,validation,2020-05-14,7.955951081736231,7.992249971691248
MovingAverageTrend,validation,2020-05-15,7.959869756939954,7.992249971691248
MovingAverageTrend,validation,2020-05-18,7.990884965710027,7.992249971691248
MovingAverageTrend,validation,2020-05-19,7.980345217998428,7.992249971691248
MovingAverageTrend,validation,2020-05-20,7.996859208611843,7.992249971691248
MovingAverageTrend,validation,2020-05-21,7.98905524030189,7.992249971691248
MovingAverageTrend,validation,2020-05-22,7.991406185988702,7.992249971691248
MovingAverageTrend,validation,2020-05-26,8.003620471010162,7.992249971691248
MovingAverageTrend,validation,2020-05-27,8.018338918500477,7.992249971691248
MovingAverageTrend,validation,2020-05-28,8.016228779175558,7.992249971691248
MovingAverageTrend,validation,2020-05-29,8.021029572727866,7.992249971691248
MovingAverageTrend,validation,2020-06-01,8.024773789206229,7.992249971691248
MovingAverageTrend,validation,2020-06-02,8.03295109648863,7.992249971691248
MovingAverageTrend,validation,2020-06-03,8.046507767301192,7.992249971691248
MovingAverageTrend,validation,2020-06-04,8.043133378217583,7.992249971691248
MovingAverageTrend,validation,2020-06-05,8.06900739103922,7.992249971691248
MovingAverageTrend,validation,2020-06-08,8.080977047445025,7.992249971691248
MovingAverageTrend,validation,2020-06-09,8.073147304025303,7.992249971691248
MovingAverageTrend,validation,2020-06-10,8.067820048290121,7.992249971691248
MovingAverageTrend,validation,2020-06-11,8.007067355293833,7.992249971691248
MovingAverageTrend,validation,2020-06-12,8.020043641899044,7.992249971691248
MovingAverageTrend,validation,2020-06-15,8.028321502717219,7.992249971691248
MovingAverageTrend,validation,2020-06-16,8.04710635558393,7.992249971691248
MovingAverageTrend,validation,2020-06-17,8.0434995593513,7.992249971691248
MovingAverageTrend,validation,2020-06-18,8.044093602755103,7.992249971691248
MovingAverageTrend,validation,2020-06-19,8.038428089189429,7.992249971691248
MovingAverageTrend,validation,2020-06-22,8.044902182486087,7.992249971691248
MovingAverageTrend,validation,2020-06-23,8.049200351677571,7.992249971691248
MovingAverageTrend,validation,2020-06-24,8.023005086081909,7.992249971691248
MovingAverageTrend,validation,2020-06-25,8.033904913810126,7.992249971691248
MovingAverageTrend,validation,2020-06-26,8.009379709535295,7.992249971691248
MovingAverageTrend,validation,2020-06-29,8.023958597648829,7.992249971691248
MovingAverageTrend,validation,2020-06-30,8.039250947084584,7.992249971691248
MovingAverageTrend,validation,2020-07-01,8.044260511060456,7.992249971691248
MovingAverageTrend,validation,2020-07-02,8.048791481537272,7.992249971691248
MovingAverageTrend,validation,2020-07-06,8.064548412369435,7.992249971691248
MovingAverageTrend,validation,2020-07-07,8.053670934499792,7.992249971691248
MovingAverageTrend,validation,2020-07-08,8.061467920763222,7.992249971691248
MovingAverageTrend,validation,2020-07-09,8.055808329287027,7.992249971691248
MovingAverageTrend,validation,2020-07-10,8.066220139061471,7.992249971691248
MovingAverageTrend,validation,2020-07-13,8.056813493845413,7.992249971691248
MovingAverageTrend,validation,2020-07-14,8.070130794428316,7.992249971691248
MovingAverageTrend,validation,2020-07-15,8.07917185136467,7.992249971691248
MovingAverageTrend,validation,2020-07-16,8.075759936150556,7.992249971691248
MovingAverageTrend,validation,2020-07-17,8.07860449873814,7.992249971691248
MovingAverageTrend,validation,2020-07-20,8.08697629599328,7.992249971691248
MovingAverageTrend,validation,2020-07-21,8.08865392532784,7.992249971691248
MovingAverageTrend,validation,2020-07-22,8.094384555922312,7.992249971691248
MovingAverageTrend,validation,2020-07-23,8.081988177510066,7.992249971691248
MovingAverageTrend,validation,2020-07-24,8.07577853748579,7.992249971691248
MovingAverageTrend,validation,2020-07-27,8.083146466307273,7.992249971691248
MovingAverageTrend,validation,2020-07-28,8.076652030888626,7.992249971691248
MovingAverageTrend,validation,2020-07-29,8.08900381424037,7.992249971691248
MovingAverageTrend,validation,2020-07-30,8.085246512476914,7.992249971691248
MovingAverageTrend,validation,2020-07-31,8.09288774871909,7.992249971691248
MovingAverageTrend,validation,2020-08-03,8.10004311138345,7.992249971691248
MovingAverageTrend,validation,2020-08-04,8.103648534409583,7.992249971691248
MovingAverageTrend,validation,2020-08-05,8.1100576948451,7.992249971691248
MovingAverageTrend,validation,2020-08-06,8.116464820865765,7.992249971691248
MovingAverageTrend,validation,2020-08-07,8.117097650135722,7.992249971691248
MovingAverageTrend,validation,2020-08-10,8.119836115409115,7.992249971691248
MovingAverageTrend,validation,2020-08-11,8.111835060007737,7.992249971691248
MovingAverageTrend,validation,2020-08-12,8.12573456230135,7.992249971691248
MovingAverageTrend,validation,2020-08-13,8.123685289625193,7.992249971691248
MovingAverageTrend,validation,2020-08-14,8.123513392228915,7.992249971691248
MovingAverageTrend,validation,2020-08-17,8.126219569736339,7.992249971691248
MovingAverageTrend,validation,2020-08-18,8.128520310156155,7.992249971691248
MovingAverageTrend,validation,2020-08-19,8.124106186810973,7.992249971691248
MovingAverageTrend,validation,2020-08-20,8.127259841579319,7.992249971691248
MovingAverageTrend,validation,2020-08-21,8.130695041562293,7.992249971691248
MovingAverageTrend,validation,2020-08-24,8.140688656927194,7.992249971691248
MovingAverageTrend,validation,2020-08-25,8.144278556672734,7.992249971691248
MovingAverageTrend,validation,2020-08-26,8.154422558017577,7.992249971691248
MovingAverageTrend,validation,2020-08-27,8.156094204049387,7.992249971691248
MovingAverageTrend,validation,2020-08-28,8.162804206898956,7.992249971691248
MovingAverageTrend,validation,2020-08-31,8.160606831723447,7.992249971691248
MovingAverageTrend,validation,2020-09-01,8.168103663144153,7.992249971691248
MovingAverageTrend,validation,2020-09-02,8.183352713288023,7.992249971691248
MovingAverageTrend,validation,2020-09-03,8.147595119145837,7.992249971691248
MovingAverageTrend,validation,2020-09-04,8.139428838391563,7.992249971691248
MovingAverageTrend,validation,2020-09-08,8.111280009305096,7.992249971691248
MovingAverageTrend,validation,2020-09-09,8.131224769967277,7.992249971691248
MovingAverageTrend,validation,2020-09-10,8.11348352404188,7.992249971691248
MovingAverageTrend,validation,2020-09-11,8.114016454199968,7.992249971691248
MovingAverageTrend,validation,2020-09-14,8.126677789224992,7.992249971691248
MovingAverageTrend,validation,2020-09-15,8.131883575155491,7.992249971691248
MovingAverageTrend,validation,2020-09-16,8.12725392826334,7.992249971691248
MovingAverageTrend,validation,2020-09-17,8.118805978734787,7.992249971691248
MovingAverageTrend,validation,2020-09-18,8.107560401786959,7.992249971691248
MovingAverageTrend,validation,2020-09-21,8.09592183775966,7.992249971691248
MovingAverageTrend,validation,2020-09-22,8.106384854158037,7.992249971691248
MovingAverageTrend,validation,2020-09-23,8.082377515243662,7.992249971691248
MovingAverageTrend,validation,2020-09-24,8.085360520798291,7.992249971691248
MovingAverageTrend,validation,2020-09-25,8.10121096002248,7.992249971691248
MovingAverageTrend,validation,2020-09-28,8.117193151876334,7.992249971691248
MovingAverageTrend,validation,2020-09-29,8.11236886917189,7.992249971691248
MovingAverageTrend,validation,2020-09-30,8.12058871174027,7.992249971691248
MovingAverageTrend,validation,2020-10-01,8.125867661304564,7.992249971691248
MovingAverageTrend,validation,2020-10-02,8.116243848438193,7.992249971691248
MovingAverageTrend,validation,2020-10-05,8.134056957441095,7.992249971691248
MovingAverageTrend,validation,2020-10-06,8.119984893053571,7.992249971691248
MovingAverageTrend,validation,2020-10-07,8.137232056823812,7.992249971691248
MovingAverageTrend,validation,2020-10-08,8.145210269718682,7.992249971691248
MovingAverageTrend,validation,2020-10-09,8.153965364899435,7.992249971691248
MovingAverageTrend,validation,2020-10-12,8.17024789505776,7.992249971691248
MovingAverageTrend,validation,2020-10-13,8.163921003428596,7.992249971691248
MovingAverageTrend,validation,2020-10-14,8.157275831344537,7.992249971691248
MovingAverageTrend,validation,2020-10-15,8.155746907830324,7.992249971691248
MovingAverageTrend,validation,2020-10-16,8.155881818286954,7.992249971691248
MovingAverageTrend,validation,2020-10-19,8.139417154772012,7.992249971691248
MovingAverageTrend,validation,2020-10-20,8.144133350092012,7.992249971691248
MovingAverageTrend,validation,2020-10-21,8.141935236080442,7.992249971691248
MovingAverageTrend,validation,2020-10-22,8.147140590083934,7.992249971691248
MovingAverageTrend,validation,2020-10-23,8.150580428404323,7.992249971691248
MovingAverageTrend,validation,2020-10-26,8.131815955419002,7.992249971691248
MovingAverageTrend,validation,2020-10-27,8.128785750068555,7.992249971691248
MovingAverageTrend,validation,2020-10-28,8.092860207959978,7.992249971691248
MovingAverageTrend,validation,2020-10-29,8.104736732899976,7.992249971691248
MovingAverageTrend,validation,2020-10-30,8.092533019454715,7.992249971691248
MovingAverageTrend,validation,2020-11-02,8.104775970345306,7.992249971691248
MovingAverageTrend,validation,2020-11-03,8.122418708029384,7.992249971691248
MovingAverageTrend,validation,2020-11-04,8.144226233684476,7.992249971691248
MovingAverageTrend,validation,2020-11-05,8.163499499461178,7.992249971691248
MovingAverageTrend,validation,2020-11-06,8.163211742875804,7.992249971691248
MovingAverageTrend,validation,2020-11-09,8.174843717622148,7.992249971691248
MovingAverageTrend,validation,2020-11-10,8.17344294240128,7.992249971691248
MovingAverageTrend,validation,2020-11-11,8.181065670764273,7.992249971691248
MovingAverageTrend,validation,2020-11-12,8.171037019217202,7.992249971691248
MovingAverageTrend,validation,2020-11-13,8.184555565923496,7.992249971691248
MovingAverageTrend,validation,2020-11-16,8.196136300846328,7.992249971691248
MovingAverageTrend,validation,2020-11-17,8.191332857061681,7.992249971691248
MovingAverageTrend,validation,2020-11-18,8.1797016464142,7.992249971691248
MovingAverageTrend,validation,2020-11-19,8.183640322104933,7.992249971691248
MovingAverageTrend,validation,2020-11-20,8.176824584732014,7.992249971691248
MovingAverageTrend,validation,2020-11-23,8.182444692913863,7.992249971691248
MovingAverageTrend,validation,2020-11-24,8.198477151727896,7.992249971691248
MovingAverageTrend,validation,2020-11-25,8.196891476972386,7.992249971691248
MovingAverageTrend,validation,2020-11-27,8.199285587998288,7.992249971691248
MovingAverageTrend,validation,2020-11-30,8.194679447361315,7.992249971691248
MovingAverageTrend,validation,2020-12-01,8.20588758802291,7.992249971691248
MovingAverageTrend,validation,2020-12-02,8.207677152551513,7.992249971691248
MovingAverageTrend,validation,2020-12-03,8.207052800471219,7.992249971691248
MovingAverageTrend,validation,2020-12-04,8.215850264186406,7.992249971691248
MovingAverageTrend,validation,2020-12-07,8.213912750747442,7.992249971691248
MovingAverageTrend,validation,2020-12-08,8.216696021917613,7.992249971691248
MovingAverageTrend,validation,2020-12-09,8.20871505696914,7.992249971691248
MovingAverageTrend,validation,2020-12-10,8.207429122441368,7.992249971691248
MovingAverageTrend,validation,2020-12-11,8.206163324357137,7.992249971691248
MovingAverageTrend,validation,2020-12-14,8.20179453611199,7.992249971691248
MovingAverageTrend,validation,2020-12-15,8.214633018134208,7.992249971691248
MovingAverageTrend,validation,2020-12-16,8.216404243754532,7.992249971691248
MovingAverageTrend,validation,2020-12-17,8.222145386563515,7.992249971691248
MovingAverageTrend,validation,2020-12-18,8.218628089611366,7.992249971691248
MovingAverageTrend,validation,2020-12-21,8.214714161124457,7.992249971691248
MovingAverageTrend,validation,2020-12-22,8.212638916432686,7.992249971691248
MovingAverageTrend,validation,2020-12-23,8.213384449704504,7.992249971691248
MovingAverageTrend,validation,2020-12-24,8.216914799683991,7.992249971691248
MovingAverageTrend,validation,2020-12-28,8.225599507222404,7.992249971691248
MovingAverageTrend,validation,2020-12-29,8.223369642395124,7.992249971691248
MovingAverageTrend,validation,2020-12-30,8.224710290490204,7.992249971691248
MovingAverageTrend,validation,2020-12-31,8.231128495201908,7.992249971691248
MovingAverageTrend,validation,2021-01-04,8.216263732489882,7.992249971691248
MovingAverageTrend,validation,2021-01-05,8.223321363873243,7.992249971691248
MovingAverageTrend,validation,2021-01-06,8.229014967255718,7.992249971691248
MovingAverageTrend,validation,2021-01-07,8.24375322736347,7.992249971691248
MovingAverageTrend,validation,2021-01-08,8.249230064756986,7.992249971691248
MovingAverageTrend,validation,2021-01-11,8.242653737140365,7.992249971691248
MovingAverageTrend,validation,2021-01-12,8.243069439170934,7.992249971691248
MovingAverageTrend,validation,2021-01-13,8.24534249555766,7.992249971691248
MovingAverageTrend,validation,2021-01-14,8.241581982488917,7.992249971691248
MovingAverageTrend,validation,2021-01-15,8.234365981690638,7.992249971691248
MovingAverageTrend,validation,2021-01-19,8.2424694393264,7.992249971691248
MovingAverageTrend,validation,2021-01-20,8.256308856702912,7.992249971691248
MovingAverageTrend,validation,2021-01-21,8.256625529864225,7.992249971691248
MovingAverageTrend,validation,2021-01-22,8.253610377201287,7.992249971691248
MovingAverageTrend,validation,2021-01-25,8.257219694714305,7.992249971691248
MovingAverageTrend,validation,2021-01-26,8.255729751553151,7.992249971691248
MovingAverageTrend,validation,2021-01-27,8.22971643642705,7.992249971691248
MovingAverageTrend,validation,2021-01-28,8.23942973520581,7.992249971691248
MovingAverageTrend,validation,2021-01-29,8.219929357551019,7.992249971691248
MovingAverageTrend,validation,2021-02-01,8.235853657785697,7.992249971691248
MovingAverageTrend,validation,2021-02-02,8.249656186600008,7.992249971691248
MovingAverageTrend,validation,2021-02-03,8.250664447215353,7.992249971691248
MovingAverageTrend,validation,2021-02-04,8.261459294859275,7.992249971691248
MovingAverageTrend,validation,2021-02-05,8.265349214467038,7.992249971691248
MovingAverageTrend,validation,2021-02-08,8.272721321943328,7.992249971691248
MovingAverageTrend,validation,2021-02-09,8.271607176521606,7.992249971691248
MovingAverageTrend,validation,2021-02-10,8.271261931999215,7.992249971691248
MovingAverageTrend,validation,2021-02-11,8.272923006813803,7.992249971691248
MovingAverageTrend,validation,2021-02-12,8.277622977739965,7.992249971691248
MovingAverageTrend,validation,2021-02-16,8.27705354322455,7.992249971691248
MovingAverageTrend,validation,2021-02-17,8.276733089875632,7.992249971691248
MovingAverageTrend,validation,2021-02-18,8.27230747564839,7.992249971691248
MovingAverageTrend,validation,2021-02-19,8.270450856552724,7.992249971691248
MovingAverageTrend,validation,2021-02-22,8.262687963659014,7.992249971691248
MovingAverageTrend,validation,2021-02-23,8.26394349327054,7.992249971691248
MovingAverageTrend,validation,2021-02-24,8.275231160941527,7.992249971691248
MovingAverageTrend,validation,2021-02-25,8.250447766517354,7.992249971691248
MovingAverageTrend,validation,2021-02-26,8.245686234223555,7.992249971691248
MovingAverageTrend,validation,2021-03-01,8.269198407449249,7.992249971691248
MovingAverageTrend,validation,2021-03-02,8.26108472870974,7.992249971691248
MovingAverageTrend,validation,2021-03-03,8.247932392814938,7.992249971691248
MovingAverageTrend,validation,2021-03-04,8.234424354750548,7.992249971691248
MovingAverageTrend,validation,2021-03-05,8.253732711089258,7.992249971691248
MovingAverageTrend,validation,2021-03-08,8.248359067865232,7.992249971691248
MovingAverageTrend,validation,2021-03-09,8.262414468609164,7.992249971691248
MovingAverageTrend,validation,2021-03-10,8.268426672380151,7.992249971691248
MovingAverageTrend,validation,2021-03-11,8.278768497880808,7.992249971691248
MovingAverageTrend,validation,2021-03-12,8.27978338120834,7.992249971691248
MovingAverageTrend,validation,2021-03-15,8.286254320747753,7.992249971691248
MovingAverageTrend,validation,2021-03-16,8.284683403769156,7.992249971691248
MovingAverageTrend,validation,2021-03-17,8.287558648419315,7.992249971691248
MovingAverageTrend,validation,2021-03-18,8.272688088353368,7.992249971691248
MovingAverageTrend,validation,2021-03-19,8.272085202679614,7.992249971691248
MovingAverageTrend,validation,2021-03-22,8.279085759577956,7.992249971691248
MovingAverageTrend,validation,2021-03-23,8.271425641458622,7.992249971691248
MovingAverageTrend,validation,2021-03-24,8.265943304858274,7.992249971691248
MovingAverageTrend,validation,2021-03-25,8.271169888291002,7.992249971691248
MovingAverageTrend,validation,2021-03-26,8.287664306949718,7.992249971691248
MovingAverageTrend,validation,2021-03-29,8.286795917323332,7.992249971691248
MovingAverageTrend,validation,2021-03-30,8.283633087913682,7.992249971691248
MovingAverageTrend,validation,2021-03-31,8.287249041506103,7.992249971691248
MovingAverageTrend,validation,2021-04-01,8.299004871933777,7.992249971691248
MovingAverageTrend,validation,2021-04-05,8.31333985969602,7.992249971691248
MovingAverageTrend,validation,2021-04-06,8.312365854755223,7.992249971691248
MovingAverageTrend,validation,2021-04-07,8.31384000045333,7.992249971691248
MovingAverageTrend,validation,2021-04-08,8.318051751393922,7.992249971691248
MovingAverageTrend,validation,2021-04-09,8.32574203952961,7.992249971691248
MovingAverageTrend,validation,2021-04-12,8.32554594145487,7.992249971691248
MovingAverageTrend,validation,2021-04-13,8.328835013331933,7.992249971691248
MovingAverageTrend,validation,2021-04-14,8.324738909011202,7.992249971691248
MovingAverageTrend,validation,2021-04-15,8.335772010412322,7.992249971691248
MovingAverageTrend,validation,2021-04-16,8.339374333802839,7.992249971691248
MovingAverageTrend,validation,2021-04-19,8.334053643909082,7.992249971691248
MovingAverageTrend,validation,2021-04-20,8.327228082904004,7.992249971691248
MovingAverageTrend,validation,2021-04-21,8.336491103823857,7.992249971691248
MovingAverageTrend,validation,2021-04-22,8.327237765963302,7.992249971691248
MovingAverageTrend,validation,2021-04-23,8.338107175858834,7.992249971691248
MovingAverageTrend,validation,2021-04-26,8.339887860423417,7.992249971691248
MovingAverageTrend,validation,2021-04-27,8.339672941441972,7.992249971691248
MovingAverageTrend,validation,2021-04-28,8.338827043854575,7.992249971691248
MovingAverageTrend,validation,2021-04-29,8.345567085391279,7.992249971691248
MovingAverageTrend,validation,2021-04-30,8.338346371974158,7.992249971691248
MovingAverageTrend,validation,2021-05-03,8.34109069362367,7.992249971691248
MovingAverageTrend,validation,2021-05-04,8.334389956133823,7.992249971691248
MovingAverageTrend,validation,2021-05-05,8.335093172580937,7.992249971691248
MovingAverageTrend,validation,2021-05-06,8.343225472079569,7.992249971691248
MovingAverageTrend,validation,2021-05-07,8.350571763498756,7.992249971691248
MovingAverageTrend,validation,2021-05-10,8.340081282995618,7.992249971691248
MovingAverageTrend,validation,2021-05-11,8.331369532853836,7.992249971691248
MovingAverageTrend,validation,2021-05-12,8.309686750495533,7.992249971691248
MovingAverageTrend,validation,2021-05-13,8.321786395073627,7.992249971691248
MovingAverageTrend,validation,2021-05-14,8.33659417363725,7.992249971691248
MovingAverageTrend,validation,2021-05-17,8.33406091545329,7.992249971691248
MovingAverageTrend,validation,2021-05-18,8.325507143069256,7.992249971691248
MovingAverageTrend,validation,2021-05-19,8.322559391257878,7.992249971691248
MovingAverageTrend,validation,2021-05-20,8.333058820592386,7.992249971691248
MovingAverageTrend,validation,2021-05-21,8.332274632517134,7.992249971691248
MovingAverageTrend,validation,2021-05-24,8.342137129998349,7.992249971691248
MovingAverageTrend,validation,2021-05-25,8.34000958459752,7.992249971691248
MovingAverageTrend,validation,2021-05-26,8.341884642148132,7.992249971691248
MovingAverageTrend,validation,2021-05-27,8.343049278237995,7.992249971691248
MovingAverageTrend,validation,2021-05-28,8.343817864690882,7.992249971691248
MovingAverageTrend,validation,2021-06-01,8.343325409932252,7.992249971691248
MovingAverageTrend,validation,2021-06-02,8.344771298969153,7.992249971691248
MovingAverageTrend,validation,2021-06-03,8.341135995913104,7.992249971691248
MovingAverageTrend,validation,2021-06-04,8.34993129929612,7.992249971691248
MovingAverageTrend,validation,2021-06-07,8.349134243026699,7.992249971691248
MovingAverageTrend,validation,2021-06-08,8.34930925257614,7.992249971691248
MovingAverageTrend,validation,2021-06-09,8.347483719985524,7.992249971691248
MovingAverageTrend,validation,2021-06-10,8.352125174761987,7.992249971691248
MovingAverageTrend,validation,2021-06-11,8.354071713694795,7.992249971691248
MovingAverageTrend,validation,2021-06-14,8.355885270079932,7.992249971691248
MovingAverageTrend,validation,2021-06-15,8.353871550125655,7.992249971691248
MovingAverageTrend,validation,2021-06-16,8.34846684637863,7.992249971691248
MovingAverageTrend,validation,2021-06-17,8.348031035834957,7.992249971691248
MovingAverageTrend,validation,2021-06-18,8.334819680147673,7.992249971691248
MovingAverageTrend,validation,2021-06-21,8.348724843659992,7.992249971691248
MovingAverageTrend,validation,2021-06-22,8.353836250038983,7.992249971691248
MovingAverageTrend,validation,2021-06-23,8.352752379520334,7.992249971691248
MovingAverageTrend,validation,2021-06-24,8.358546809066251,7.992249971691248
MovingAverageTrend,validation,2021-06-25,8.361871872230937,7.992249971691248
MovingAverageTrend,validation,2021-06-28,8.36418416109141,7.992249971691248
MovingAverageTrend,validation,2021-06-29,8.364461458834096,7.992249971691248
MovingAverageTrend,validation,2021-06-30,8.365788737257004,7.992249971691248
MovingAverageTrend,validation,2021-07-01,8.370996778689259,7.992249971691248
MovingAverageTrend,validation,2021-07-02,8.37846887458395,7.992249971691248
MovingAverageTrend,validation,2021-07-06,8.376444971813928,7.992249971691248
MovingAverageTrend,validation,2021-07-07,8.379798318367591,7.992249971691248
MovingAverageTrend,validation,2021-07-08,8.371200437358036,7.992249971691248
MovingAverageTrend,validation,2021-07-09,8.38241526326045,7.992249971691248
MovingAverageTrend,validation,2021-07-12,8.385860495956043,7.992249971691248
MovingAverageTrend,validation,2021-07-13,8.382337484774878,7.992249971691248
MovingAverageTrend,validation,2021-07-14,8.383501741340346,7.992249971691248
MovingAverageTrend,validation,2021-07-15,8.380234167777601,7.992249971691248
MovingAverageTrend,validation,2021-07-16,8.372666752770789,7.992249971691248
MovingAverageTrend,validation,2021-07-19,8.356669971370804,7.992249971691248
MovingAverageTrend,validation,2021-07-20,8.371718777375603,7.992249971691248
MovingAverageTrend,validation,2021-07-21,8.379926819037747,7.992249971691248
MovingAverageTrend,validation,2021-07-22,8.38194145824699,7.992249971691248
MovingAverageTrend,validation,2021-07-23,8.392035790633246,7.992249971691248
MovingAverageTrend,validation,2021-07-26,8.394415157555974,7.992249971691248
MovingAverageTrend,validation,2021-07-27,8.389691574173797,7.992249971691248
MovingAverageTrend,validation,2021-07-28,8.389505294942245,7.992249971691248
MovingAverageTrend,validation,2021-07-29,8.393702626787517,7.992249971691248
MovingAverageTrend,validation,2021-07-30,8.388281913179256,7.992249971691248
MovingAverageTrend,validation,2021-08-02,8.386437407509195,7.992249971691248
MovingAverageTrend,validation,2021-08-03,8.394607368848114,7.992249971691248
MovingAverageTrend,validation,2021-08-04,8.389964218186817,7.992249971691248
MovingAverageTrend,validation,2021-08-05,8.395951704177238,7.992249971691248
MovingAverageTrend,validation,2021-08-06,8.397625568725767,7.992249971691248
MovingAverageTrend,validation,2021-08-09,8.39668521846081,7.992249971691248
MovingAverageTrend,validation,2021-08-10,8.397677405414674,7.992249971691248
MovingAverageTrend,validation,2021-08-11,8.39895233613269,7.992249971691248
MovingAverageTrend,validation,2021-08-12,8.403090143868168,7.992249971691248
MovingAverageTrend,validation,2021-08-13,8.404696160189092,7.992249971691248
MovingAverageTrend,validation,2021-08-16,8.407313582451085,7.992249971691248
MovingAverageTrend,validation,2021-08-17,8.400227838943948,7.992249971691248
MovingAverageTrend,validation,2021-08-18,8.389421186098692,7.992249971691248
MovingAverageTrend,validation,2021-08-19,8.39067708935485,7.992249971691248
MovingAverageTrend,validation,2021-08-20,8.398785693245593,7.992249971691248
MovingAverageTrend,validation,2021-08-23,8.407273361230004,7.992249971691248
MovingAverageTrend,validation,2021-08-24,8.408767980031966,7.992249971691248
MovingAverageTrend,validation,2021-08-25,8.410985637435218,7.992249971691248
MovingAverageTrend,validation,2021-08-26,8.405143687607614,7.992249971691248
MovingAverageTrend,validation,2021-08-27,8.413912759148067,7.992249971691248
MovingAverageTrend,validation,2021-08-30,8.418210083254941,7.992249971691248
MovingAverageTrend,validation,2021-08-31,8.416860056339049,7.992249971691248
MovingAverageTrend,validation,2021-09-01,8.4171716964,7.992249971691248
MovingAverageTrend,validation,2021-09-02,8.420010302154406,7.992249971691248
MovingAverageTrend,validation,2021-09-03,8.419675214893225,7.992249971691248
MovingAverageTrend,validation,2021-09-07,8.416273862440903,7.992249971691248
MovingAverageTrend,validation,2021-09-08,8.414954425627087,7.992249971691248
MovingAverageTrend,validation,2021-09-09,8.410338178477085,7.992249971691248
MovingAverageTrend,validation,2021-09-10,8.402585626190808,7.992249971691248
MovingAverageTrend,validation,2021-09-13,8.404859526537178,7.992249971691248
MovingAverageTrend,validation,2021-09-14,8.39909631257092,7.992249971691248
MovingAverageTrend,validation,2021-09-15,8.407534606793,7.992249971691248
MovingAverageTrend,validation,2021-09-16,8.405982262080235,7.992249971691248
MovingAverageTrend,validation,2021-09-17,8.396829631804437,7.992249971691248
MovingAverageTrend,validation,2021-09-20,8.379706554078055,7.992249971691248
MovingAverageTrend,validation,2021-09-21,8.378893865419508,7.992249971691248
MovingAverageTrend,validation,2021-09-22,8.388368450643727,7.992249971691248
MovingAverageTrend,validation,2021-09-23,8.400430131013664,7.992249971691248
MovingAverageTrend,validation,2021-09-24,8.401890073825028,7.992249971691248
MovingAverageTrend,validation,2021-09-27,8.39910982990484,7.992249971691248
MovingAverageTrend,validation,2021-09-28,8.378535512164946,7.992249971691248
MovingAverageTrend,validation,2021-09-29,8.38010346650123,7.992249971691248
MovingAverageTrend,validation,2021-09-30,8.368122263556215,7.992249971691248
MovingAverageTrend,validation,2021-10-01,8.37954821566955,7.992249971691248
MovingAverageTrend,validation,2021-10-04,8.366477263620906,7.992249971691248
MovingAverageTrend,validation,2021-10-05,8.376946781119507,7.992249971691248
MovingAverageTrend,validation,2021-10-06,8.381041180469131,7.992249971691248
MovingAverageTrend,validation,2021-10-07,8.389305219694197,7.992249971691248
MovingAverageTrend,validation,2021-10-08,8.387389663091776,7.992249971691248
MovingAverageTrend,validation,2021-10-11,8.380500221447436,7.992249971691248
MovingAverageTrend,validation,2021-10-12,8.378080515760882,7.992249971691248
MovingAverageTrend,validation,2021-10-13,8.381098471631113,7.992249971691248
MovingAverageTrend,validation,2021-10-14,8.398017633916824,7.992249971691248
MovingAverageTrend,validation,2021-10-15,8.405450154554014,7.992249971691248
MovingAverageTrend,validation,2021-10-18,8.408819242355818,7.992249971691248
MovingAverageTrend,validation,2021-10-19,8.416185385140054,7.992249971691248
MovingAverageTrend,validation,2021-10-20,8.419842718738614,7.992249971691248
MovingAverageTrend,validation,2021-10-21,8.422834111906974,7.992249971691248
MovingAverageTrend,validation,2021-10-22,8.421760982682311,7.992249971691248
MovingAverageTrend,validation,2021-10-25,8.426497942123165,7.992249971691248
MovingAverageTrend,validation,2021-10-26,8.428316083555409,7.992249971691248
MovingAverageTrend,validation,2021-10-27,8.423251713184303,7.992249971691248
MovingAverageTrend,validation,2021-10-28,8.433033001608488,7.992249971691248
MovingAverageTrend,validation,2021-10-29,8.434980438840205,7.992249971691248
MovingAverageTrend,validation,2021-11-01,8.436778897786107,7.992249971691248
MovingAverageTrend,validation,2021-11-02,8.440452504906496,7.992249971691248
MovingAverageTrend,validation,2021-11-03,8.446892999519385,7.992249971691248
MovingAverageTrend,validation,2021-11-04,8.451066221862202,7.992249971691248
MovingAverageTrend,validation,2021-11-05,8.454792071907487,7.992249971691248
MovingAverageTrend,validation,2021-11-08,8.455679465968188,7.992249971691248
MovingAverageTrend,validation,2021-11-09,8.45217455504179,7.992249971691248
MovingAverageTrend,validation,2021-11-10,8.443914712877929,7.992249971691248
MovingAverageTrend,validation,2021-11-11,8.444465501210917,7.992249971691248
MovingAverageTrend,validation,2021-11-12,8.451662198775047,7.992249971691248
MovingAverageTrend,validation,2021-11-15,8.45165145889703,7.992249971691248
MovingAverageTrend,validation,2021-11-16,8.455509237954157,7.992249971691248
MovingAverageTrend,validation,2021-11-17,8.452904222471261,7.992249971691248
MovingAverageTrend,validation,2021-11-18,8.456283287211432,7.992249971691248
MovingAverageTrend,validation,2021-11-19,8.454883642606445,7.992249971691248
MovingAverageTrend,validation,2021-11-22,8.451681384289484,7.992249971691248
MovingAverageTrend,validation,2021-11-23,8.453337145672679,7.992249971691248
MovingAverageTrend,validation,2021-11-24,8.455628369449347,7.992249971691248
MovingAverageTrend,validation,2021-11-26,8.432641358290025,7.992249971691248
MovingAverageTrend,validation,2021-11-29,8.445755194372849,7.992249971691248
MovingAverageTrend,validation,2021-11-30,8.426611813185,7.992249971691248
MovingAverageTrend,validation,2021-12-01,8.414726271727043,7.992249971691248
MovingAverageTrend,validation,2021-12-02,8.4288209101231,7.992249971691248
MovingAverageTrend,validation,2021-12-03,8.420336454981362,7.992249971691248
MovingAverageTrend,validation,2021-12-06,8.431999054291047,7.992249971691248
MovingAverageTrend,validation,2021-12-07,8.4524946574773,7.992249971691248
MovingAverageTrend,validation,2021-12-08,8.455575193063886,7.992249971691248
MovingAverageTrend,validation,2021-12-09,8.448368204831363,7.992249971691248
MovingAverageTrend,validation,2021-12-10,8.457871973949572,7.992249971691248
MovingAverageTrend,validation,2021-12-13,8.448693815606779,7.992249971691248
MovingAverageTrend,validation,2021-12-14,8.441195092752155,7.992249971691248
MovingAverageTrend,validation,2021-12-15,8.457411360104047,7.992249971691248
MovingAverageTrend,validation,2021-12-16,8.448629496792934,7.992249971691248
MovingAverageTrend,validation,2021-12-17,8.43828853220888,7.992249971691248
MovingAverageTrend,validation,2021-12-20,8.426835133885623,7.992249971691248
MovingAverageTrend,validation,2021-12-21,8.44445688927082,7.992249971691248
MovingAverageTrend,validation,2021-12-22,8.454585617299946,7.992249971691248
MovingAverageTrend,validation,2021-12-23,8.460790029985198,7.992249971691248
MovingAverageTrend,validation,2021-12-27,8.474534081558804,7.992249971691248
MovingAverageTrend,validation,2021-12-28,8.473523416159917,7.992249971691248
MovingAverageTrend,validation,2021-12-29,8.474924329561775,7.992249971691248
MovingAverageTrend,validation,2021-12-30,8.47193009571987,7.992249971691248
MovingAverageTrend,validation,2021-12-31,8.469300461346396,7.992249971691248
MovingAverageTrend,validation,2022-01-03,8.475654285516784,7.992249971691248
MovingAverageTrend,validation,2022-01-04,8.47502446526458,7.992249971691248
MovingAverageTrend,validation,2022-01-05,8.45544120096008,7.992249971691248
MovingAverageTrend,validation,2022-01-06,8.454476967219898,7.992249971691248
MovingAverageTrend,validation,2022-01-07,8.450418526137563,7.992249971691248
MovingAverageTrend,validation,2022-01-10,8.448976455600024,7.992249971691248
MovingAverageTrend,validation,2022-01-11,8.458094742052422,7.992249971691248
MovingAverageTrend,validation,2022-01-12,8.460908534067089,7.992249971691248
MovingAverageTrend,validation,2022-01-13,8.44656250483269,7.992249971691248
MovingAverageTrend,validation,2022-01-14,8.44738214910228,7.992249971691248
MovingAverageTrend,validation,2022-01-18,8.428823043704272,7.992249971691248
MovingAverageTrend,validation,2022-01-19,8.419086252762812,7.992249971691248
MovingAverageTrend,validation,2022-01-20,8.40798751045848,7.992249971691248
MovingAverageTrend,validation,2022-01-21,8.388891515133844,7.992249971691248
MovingAverageTrend,validation,2022-01-24,8.391659419892115,7.992249971691248
MovingAverageTrend,validation,2022-01-25,8.379412829335248,7.992249971691248
MovingAverageTrend,validation,2022-01-26,8.377915072409362,7.992249971691248
MovingAverageTrend,validation,2022-01-27,8.372516437209391,7.992249971691248
MovingAverageTrend,validation,2022-01-28,8.396572405124127,7.992249971691248
MovingAverageTrend,validation,2022-01-31,8.415282231347112,7.992249971691248
MovingAverageTrend,validation,2022-02-01,8.42212179169543,7.992249971691248
MovingAverageTrend,validation,2022-02-02,8.431500192143753,7.992249971691248
MovingAverageTrend,validation,2022-02-03,8.406806720423633,7.992249971691248
MovingAverageTrend,validation,2022-02-04,8.411950398863496,7.992249971691248
MovingAverageTrend,validation,2022-02-07,8.408241817935668,7.992249971691248
MovingAverageTrend,validation,2022-02-08,8.416607931402302,7.992249971691248
MovingAverageTrend,validation,2022-02-09,8.431020773481567,7.992249971691248
MovingAverageTrend,validation,2022-02-10,8.41273894899651,7.992249971691248
MovingAverageTrend,validation,2022-02-11,8.393587266358425,7.992249971691248
MovingAverageTrend,validation,2022-02-14,8.389739275602796,7.992249971691248
MovingAverageTrend,validation,2022-02-15,8.40538299324886,7.992249971691248
MovingAverageTrend,validation,2022-02-16,8.406263812969144,7.992249971691248
MovingAverageTrend,validation,2022-02-17,8.384863308832207,7.992249971691248
MovingAverageTrend,validation,2022-02-18,8.377671347168341,7.992249971691248
MovingAverageTrend,validation,2022-02-22,8.367476611733325,7.992249971691248
MovingAverageTrend,validation,2022-02-23,8.348892875984538,7.992249971691248
MovingAverageTrend,validation,2022-02-24,8.363738981237262,7.992249971691248
MovingAverageTrend,validation,2022-02-25,8.385865061788527,7.992249971691248
MovingAverageTrend,validation,2022-02-28,8.3834194703254,7.992249971691248
MovingAverageTrend,validation,2022-03-01,8.367825002538789,7.992249971691248
MovingAverageTrend,validation,2022-03-02,8.386296049319439,7.992249971691248
MovingAverageTrend,validation,2022-03-03,8.381027528575194,7.992249971691248
MovingAverageTrend,validation,2022-03-04,8.373061844032192,7.992249971691248
MovingAverageTrend,validation,2022-03-07,8.343099257217776,7.992249971691248
MovingAverageTrend,validation,2022-03-08,8.335839213242078,7.992249971691248
MovingAverageTrend,validation,2022-03-09,8.361212811364219,7.992249971691248
MovingAverageTrend,validation,2022-03-10,8.356911761443971,7.992249971691248
MovingAverageTrend,validation,2022-03-11,8.343865482510733,7.992249971691248
MovingAverageTrend,validation,2022-03-14,8.3364168074152,7.992249971691248
MovingAverageTrend,validation,2022-03-15,8.357599437139346,7.992249971691248
MovingAverageTrend,validation,2022-03-16,8.379736358787738,7.992249971691248
MovingAverageTrend,validation,2022-03-17,8.39200856385644,7.992249971691248
MovingAverageTrend,validation,2022-03-18,8.403603378268327,7.992249971691248
MovingAverageTrend,validation,2022-03-21,8.403168623414025,7.992249971691248
MovingAverageTrend,validation,2022-03-22,8.4144093229681,7.992249971691248
MovingAverageTrend,validation,2022-03-23,8.402060692715605,7.992249971691248
MovingAverageTrend,validation,2022-03-24,8.416302704997223,7.992249971691248
MovingAverageTrend,validation,2022-03-25,8.42135608570146,7.992249971691248
MovingAverageTrend,validation,2022-03-28,8.428475636721503,7.992249971691248
MovingAverageTrend,validation,2022-03-29,8.440657680822895,7.992249971691248
MovingAverageTrend,validation,2022-03-30,8.434344091823805,7.992249971691248
MovingAverageTrend,validation,2022-03-31,8.418567756596923,7.992249971691248
MovingAverageTrend,validation,2022-04-01,8.421972177558386,7.992249971691248
MovingAverageTrend,validation,2022-04-04,8.43003056009052,7.992249971691248
MovingAverageTrend,validation,2022-04-05,8.417399401016514,7.992249971691248
MovingAverageTrend,validation,2022-04-06,8.407634967104036,7.992249971691248
MovingAverageTrend,validation,2022-04-07,8.411879332656072,7.992249971691248
MovingAverageTrend,validation,2022-04-08,8.40922478598052,7.992249971691248
MovingAverageTrend,validation,2022-04-11,8.392203451395824,7.992249971691248
MovingAverageTrend,validation,2022-04-12,8.38878015086537,7.992249971691248
MovingAverageTrend,validation,2022-04-13,8.399892754134273,7.992249971691248
MovingAverageTrend,validation,2022-04-14,8.387674273750765,7.992249971691248
MovingAverageTrend,validation,2022-04-18,8.387469384478358,7.992249971691248
MovingAverageTrend,validation,2022-04-19,8.403399429227745,7.992249971691248
MovingAverageTrend,validation,2022-04-20,8.402780762821562,7.992249971691248
MovingAverageTrend,validation,2022-04-21,8.387917907270252,7.992249971691248
MovingAverageTrend,validation,2022-04-22,8.359785830892884,7.992249971691248
MovingAverageTrend,validation,2022-04-25,8.365467596036996,7.992249971691248
MovingAverageTrend,validation,2022-04-26,8.336917587108399,7.992249971691248
MovingAverageTrend,validation,2022-04-27,8.339013436133364,7.992249971691248
MovingAverageTrend,validation,2022-04-28,8.363459091474196,7.992249971691248
MovingAverageTrend,validation,2022-04-29,8.3264999316895,7.992249971691248
MovingAverageTrend,validation,2022-05-02,8.33215913098332,7.992249971691248
MovingAverageTrend,validation,2022-05-03,8.336984596058679,7.992249971691248
MovingAverageTrend,validation,2022-05-04,8.366409817616006,7.992249971691248
MovingAverageTrend,validation,2022-05-05,8.330109140051906,7.992249971691248
MovingAverageTrend,validation,2022-05-06,8.324418755637954,7.992249971691248
MovingAverageTrend,validation,2022-05-09,8.29185723609835,7.992249971691248
MovingAverageTrend,validation,2022-05-10,8.294312117858759,7.992249971691248
MovingAverageTrend,validation,2022-05-11,8.277711885763061,7.992249971691248
MovingAverageTrend,validation,2022-05-12,8.276415080768949,7.992249971691248
MovingAverageTrend,validation,2022-05-13,8.300004348725817,7.992249971691248
MovingAverageTrend,validation,2022-05-16,8.296050140208095,7.992249971691248
MovingAverageTrend,validation,2022-05-17,8.316019059789557,7.992249971691248
MovingAverageTrend,validation,2022-05-18,8.27478525049831,7.992249971691248
MovingAverageTrend,validation,2022-05-19,8.26893438572096,7.992249971691248
MovingAverageTrend,validation,2022-05-20,8.269080516812952,7.992249971691248
MovingAverageTrend,validation,2022-05-23,8.287465512225012,7.992249971691248
MovingAverageTrend,validation,2022-05-24,8.279311561321455,7.992249971691248
MovingAverageTrend,validation,2022-05-25,8.288717946970387,7.992249971691248
MovingAverageTrend,validation,2022-05-26,8.308406112978107,7.992249971691248
MovingAverageTrend,validation,2022-05-27,8.332847243173928,7.992249971691248
MovingAverageTrend,validation,2022-05-31,8.326553107980262,7.992249971691248
MovingAverageTrend,validation,2022-06-01,8.319042202939107,7.992249971691248
MovingAverageTrend,validation,2022-06-02,8.337305428354652,7.992249971691248
MovingAverageTrend,validation,2022-06-03,8.320823022744834,7.992249971691248
MovingAverageTrend,validation,2022-06-06,8.323955512151871,7.992249971691248
MovingAverageTrend,validation,2022-06-07,8.33343384368359,7.992249971691248
MovingAverageTrend,validation,2022-06-08,8.322581220643436,7.992249971691248
MovingAverageTrend,validation,2022-06-09,8.29849476297828,7.992249971691248
MovingAverageTrend,validation,2022-06-10,8.26895234816687,7.992249971691248
MovingAverageTrend,validation,2022-06-13,8.22941241617683,7.992249971691248
MovingAverageTrend,validation,2022-06-14,8.22563159813734,7.992249971691248
MovingAverageTrend,validation,2022-06-15,8.240118656973875,7.992249971691248
MovingAverageTrend,validation,2022-06-16,8.207066449860035,7.992249971691248
MovingAverageTrend,validation,2022-06-17,8.209264897201047,7.992249971691248
MovingAverageTrend,validation,2022-06-21,8.23344737216172,7.992249971691248
MovingAverageTrend,validation,2022-06-22,8.232144952066362,7.992249971691248
MovingAverageTrend,validation,2022-06-23,8.241632024551919,7.992249971691248
MovingAverageTrend,validation,2022-06-24,8.27173756428182,7.992249971691248
MovingAverageTrend,validation,2022-06-27,8.26876006439148,7.992249971691248
MovingAverageTrend,validation,2022-06-28,8.248411391241984,7.992249971691248
MovingAverageTrend,validation,2022-06-29,8.247699392421811,7.992249971691248
MovingAverageTrend,validation,2022-06-30,8.238901526175443,7.992249971691248
MovingAverageTrend,validation,2022-07-01,8.249400037472084,7.992249971691248
MovingAverageTrend,validation,2022-07-05,8.250982912578277,7.992249971691248
MovingAverageTrend,validation,2022-07-06,8.254549708283342,7.992249971691248
MovingAverageTrend,validation,2022-07-07,8.269403431464273,7.992249971691248
MovingAverageTrend,validation,2022-07-08,8.268572815068145,7.992249971691248
MovingAverageTrend,validation,2022-07-11,8.25697839740762,7.992249971691248
MovingAverageTrend,validation,2022-07-12,8.247691528910126,7.992249971691248
MovingAverageTrend,validation,2022-07-13,8.24322466479831,7.992249971691248
MovingAverageTrend,validation,2022-07-14,8.240221525985545,7.992249971691248
MovingAverageTrend,validation,2022-07-15,8.259240757644179,7.992249971691248
MovingAverageTrend,validation,2022-07-18,8.250842015158343,7.992249971691248
MovingAverageTrend,validation,2022-07-19,8.278095532802073,7.992249971691248
MovingAverageTrend,validation,2022-07-20,8.283974026743131,7.992249971691248
MovingAverageTrend,validation,2022-07-21,8.293787093432636,7.992249971691248
MovingAverageTrend,validation,2022-07-22,8.284410806138823,7.992249971691248
MovingAverageTrend,validation,2022-07-25,8.285725109112128,7.992249971691248
MovingAverageTrend,validation,2022-07-26,8.274114766512865,7.992249971691248
MovingAverageTrend,validation,2022-07-27,8.299934815291493,7.992249971691248
MovingAverageTrend,validation,2022-07-28,8.311995135083405,7.992249971691248
MovingAverageTrend,validation,2022-07-29,8.32610291086516,7.992249971691248
MovingAverageTrend,validation,2022-08-01,8.323275834320244,7.992249971691248
MovingAverageTrend,validation,2022-08-02,8.316591145941372,7.992249971691248
MovingAverageTrend,validation,2022-08-03,8.332108602211463,7.992249971691248
MovingAverageTrend,validation,2022-08-04,8.331330959761878,7.992249971691248
MovingAverageTrend,validation,2022-08-05,8.32970389074296,7.992249971691248
MovingAverageTrend,validation,2022-08-08,8.32846557362084,7.992249971691248
MovingAverageTrend,validation,2022-08-09,8.324207829384912,7.992249971691248
MovingAverageTrend,validation,2022-08-10,8.34527498784532,7.992249971691248
MovingAverageTrend,validation,2022-08-11,8.344569264923118,7.992249971691248
MovingAverageTrend,validation,2022-08-12,8.36174331187461,7.992249971691248
MovingAverageTrend,validation,2022-08-15,8.365704995930844,7.992249971691248
MovingAverageTrend,validation,2022-08-16,8.367578918756791,7.992249971691248
MovingAverageTrend,validation,2022-08-17,8.360314803889144,7.992249971691248
MovingAverageTrend,validation,2022-08-18,8.36258179349553,7.992249971691248
MovingAverageTrend,validation,2022-08-19,8.34959786478249,7.992249971691248
MovingAverageTrend,validation,2022-08-22,8.327965498315995,7.992249971691248
MovingAverageTrend,validation,2022-08-23,8.325725127881558,7.992249971691248
MovingAverageTrend,validation,2022-08-24,8.328637044580281,7.992249971691248
MovingAverageTrend,validation,2022-08-25,8.342630286416389,7.992249971691248
MovingAverageTrend,validation,2022-08-26,8.30836171009935,7.992249971691248
MovingAverageTrend,validation,2022-08-29,8.301673034902024,7.992249971691248
MovingAverageTrend,validation,2022-08-30,8.290583618409908,7.992249971691248
MovingAverageTrend,validation,2022-08-31,8.282735880201754,7.992249971691248
MovingAverageTrend,validation,2022-09-01,8.28572763246895,7.992249971691248
MovingAverageTrend,validation,2022-09-02,8.274933079898226,7.992249971691248
MovingAverageTrend,validation,2022-09-06,8.27082961520733,7.992249971691248
MovingAverageTrend,validation,2022-09-07,8.2890044638735,7.992249971691248
MovingAverageTrend,validation,2022-09-08,8.295593430753941,7.992249971691248
MovingAverageTrend,validation,2022-09-09,8.310749445735153,7.992249971691248
MovingAverageTrend,validation,2022-09-12,8.32127809721915,7.992249971691248
MovingAverageTrend,validation,2022-09-13,8.277078934187175,7.992249971691248
MovingAverageTrend,validation,2022-09-14,8.28046022326602,7.992249971691248
MovingAverageTrend,validation,2022-09-15,8.26907795109787,7.992249971691248
MovingAverageTrend,validation,2022-09-16,8.261869901322207,7.992249971691248
MovingAverageTrend,validation,2022-09-19,8.268703599046912,7.992249971691248
MovingAverageTrend,validation,2022-09-20,8.257367484310313,7.992249971691248
MovingAverageTrend,validation,2022-09-21,8.240102810211805,7.992249971691248
MovingAverageTrend,validation,2022-09-22,8.231639516381351,7.992249971691248
MovingAverageTrend,validation,2022-09-23,8.214256687614022,7.992249971691248
MovingAverageTrend,validation,2022-09-26,8.20386232672374,7.992249971691248
MovingAverageTrend,validation,2022-09-27,8.201739715768916,7.992249971691248
MovingAverageTrend,validation,2022-09-28,8.22122085995007,7.992249971691248
MovingAverageTrend,validation,2022-09-29,8.19986806512697,7.992249971691248
MovingAverageTrend,validation,2022-09-30,8.184686713580762,7.992249971691248
MovingAverageTrend,validation,2022-10-03,8.210241291111691,7.992249971691248
MovingAverageTrend,validation,2022-10-04,8.240366632528492,7.992249971691248
MovingAverageTrend,validation,2022-10-05,8.238346644969553,7.992249971691248
MovingAverageTrend,validation,2022-10-06,8.228048722058158,7.992249971691248
MovingAverageTrend,validation,2022-10-07,8.19964552552668,7.992249971691248
MovingAverageTrend,validation,2022-10-10,8.192124852393027,7.992249971691248
MovingAverageTrend,validation,2022-10-11,8.185584333980703,7.992249971691248
MovingAverageTrend,validation,2022-10-12,8.182288134330538,7.992249971691248
MovingAverageTrend,validation,2022-10-13,8.207922393638169,7.992249971691248
MovingAverageTrend,validation,2022-10-14,8.18397527289364,7.992249971691248
MovingAverageTrend,validation,2022-10-17,8.210110797451202,7.992249971691248
MovingAverageTrend,validation,2022-10-18,8.22147356565829,7.992249971691248
MovingAverageTrend,validation,2022-10-19,8.214779110418604,7.992249971691248
MovingAverageTrend,validation,2022-10-20,8.206796423679839,7.992249971691248
MovingAverageTrend,validation,2022-10-21,8.230244183540286,7.992249971691248
MovingAverageTrend,validation,2022-10-24,8.242056123745398,7.992249971691248
MovingAverageTrend,validation,2022-10-25,8.258191893761271,7.992249971691248
MovingAverageTrend,validation,2022-10-26,8.250776753362283,7.992249971691248
MovingAverageTrend,validation,2022-10-27,8.244675568309098,7.992249971691248
MovingAverageTrend,validation,2022-10-28,8.269003605079954,7.992249971691248
MovingAverageTrend,validation,2022-10-31,8.261521278049617,7.992249971691248
MovingAverageTrend,validation,2022-11-01,8.257411614329259,7.992249971691248
MovingAverageTrend,validation,2022-11-02,8.232091770591776,7.992249971691248
MovingAverageTrend,validation,2022-11-03,8.221449348059819,7.992249971691248
MovingAverageTrend,validation,2022-11-04,8.234976171345382,7.992249971691248
MovingAverageTrend,validation,2022-11-07,8.244544233024742,7.992249971691248
MovingAverageTrend,validation,2022-11-08,8.250126515853502,7.992249971691248
MovingAverageTrend,validation,2022-11-09,8.2291297311412,7.992249971691248
MovingAverageTrend,validation,2022-11-10,8.283082246805996,7.992249971691248
MovingAverageTrend,validation,2022-11-11,8.292280559110766,7.992249971691248
MovingAverageTrend,validation,2022-11-14,8.283304618565849,7.992249971691248
MovingAverageTrend,validation,2022-11-15,8.291979994980517,7.992249971691248
MovingAverageTrend,validation,2022-11-16,8.283693711868644,7.992249971691248
MovingAverageTrend,validation,2022-11-17,8.280599607224413,7.992249971691248
MovingAverageTrend,validation,2022-11-18,8.285346902872572,7.992249971691248
MovingAverageTrend,validation,2022-11-21,8.281455653072296,7.992249971691248
MovingAverageTrend,validation,2022-11-22,8.294944259342126,7.992249971691248
MovingAverageTrend,validation,2022-11-23,8.300841525383863,7.992249971691248
MovingAverageTrend,validation,2022-11-25,8.30055844112166,7.992249971691248
MovingAverageTrend,validation,2022-11-28,8.284993744327595,7.992249971691248
MovingAverageTrend,validation,2022-11-29,8.283400610625971,7.992249971691248
MovingAverageTrend,validation,2022-11-30,8.313879254147267,7.992249971691248
MovingAverageTrend,validation,2022-12-01,8.31301124431766,7.992249971691248
MovingAverageTrend,validation,2022-12-02,8.311815869653898,7.992249971691248
MovingAverageTrend,validation,2022-12-05,8.293759620022927,7.992249971691248
MovingAverageTrend,validation,2022-12-06,8.27925575059994,7.992249971691248
MovingAverageTrend,validation,2022-12-07,8.277391643346558,7.992249971691248
MovingAverageTrend,validation,2022-12-08,8.284885277760491,7.992249971691248
MovingAverageTrend,validation,2022-12-09,8.27750855829628,7.992249971691248
MovingAverageTrend,validation,2022-12-12,8.29168686559593,7.992249971691248
MovingAverageTrend,validation,2022-12-13,8.298950088851386,7.992249971691248
MovingAverageTrend,validation,2022-12-14,8.29287897222755,7.992249971691248
MovingAverageTrend,validation,2022-12-15,8.267641494325725,7.992249971691248
MovingAverageTrend,validation,2022-12-16,8.256441254379713,7.992249971691248
MovingAverageTrend,validation,2022-12-19,8.247392925438609,7.992249971691248
MovingAverageTrend,validation,2022-12-20,8.248429726136498,7.992249971691248
MovingAverageTrend,validation,2022-12-21,8.263188274805554,7.992249971691248
MovingAverageTrend,validation,2022-12-22,8.248631132307407,7.992249971691248
MovingAverageTrend,validation,2022-12-23,8.254482084579323,7.992249971691248
MovingAverageTrend,validation,2022-12-27,8.250424240544664,7.992249971691248
MovingAverageTrend,validation,2022-12-28,8.238330770101715,7.992249971691248
MovingAverageTrend,validation,2022-12-29,8.255641404416709,7.992249971691248
MovingAverageTrend,validation,2022-12-30,8.253097428770598,7.992249971691248
MovingAverageTrend,validation,2023-01-03,8.249088856289324,7.992249971691248
MovingAverageTrend,validation,2023-01-04,8.256599550851464,7.992249971691248
MovingAverageTrend,validation,2023-01-05,8.244885681715006,7.992249971691248
MovingAverageTrend,validation,2023-01-06,8.267469517304038,7.992249971691248
MovingAverageTrend,validation,2023-01-09,8.266701589978046,7.992249971691248
MovingAverageTrend,validation,2023-01-10,8.27365558794864,7.992249971691248
MovingAverageTrend,validation,2023-01-11,8.286423159140934,7.992249971691248
MovingAverageTrend,validation,2023-01-12,8.289833244052977,7.992249971691248
MovingAverageTrend,validation,2023-01-13,8.293822136197633,7.992249971691248
MovingAverageTrend,validation,2023-01-17,8.291789580766636,7.992249971691248
MovingAverageTrend,validation,2023-01-18,8.276104613788892,7.992249971691248
MovingAverageTrend,validation,2023-01-19,8.26843694188708,7.992249971691248
MovingAverageTrend,validation,2023-01-20,8.287178615439432,7.992249971691248
MovingAverageTrend,validation,2023-01-23,8.29898993139076,7.992249971691248
MovingAverageTrend,validation,2023-01-24,8.298278175026468,7.992249971691248
MovingAverageTrend,validation,2023-01-25,8.298096433453003,7.992249971691248
MovingAverageTrend,validation,2023-01-26,8.309044141482117,7.992249971691248
MovingAverageTrend,validation,2023-01-27,8.311535875503822,7.992249971691248
MovingAverageTrend,validation,2023-01-30,8.298482306188529,7.992249971691248
MovingAverageTrend,validation,2023-01-31,8.313018610604948,7.992249971691248
MovingAverageTrend,validation,2023-02-01,8.323416666901833,7.992249971691248
MovingAverageTrend,validation,2023-02-02,8.338009051528687,7.992249971691248
MovingAverageTrend,validation,2023-02-03,8.327600458891402,7.992249971691248
MovingAverageTrend,validation,2023-02-06,8.321441065697462,7.992249971691248
MovingAverageTrend,validation,2023-02-07,8.33423142973486,7.992249971691248
MovingAverageTrend,validation,2023-02-08,8.323088856722448,7.992249971691248
MovingAverageTrend,validation,2023-02-09,8.31421984689141,7.992249971691248
MovingAverageTrend,validation,2023-02-10,8.316412702600628,7.992249971691248
MovingAverageTrend,validation,2023-02-13,8.327796272551783,7.992249971691248
MovingAverageTrend,test,2023-02-14,8.32751581869629,8.287003487283316
MovingAverageTrend,test,2023-02-15,8.330285156229365,8.287003487283316
MovingAverageTrend,test,2023-02-16,8.316400467024485,8.287003487283316
MovingAverageTrend,test,2023-02-17,8.313629224852201,8.287003487283316
MovingAverageTrend,test,2023-02-21,8.29338444087873,8.287003487283316
MovingAverageTrend,test,2023-02-22,8.291809645393087,8.287003487283316
MovingAverageTrend,test,2023-02-23,8.297124923656325,8.287003487283316
MovingAverageTrend,test,2023-02-24,8.28653145903655,8.287003487283316
MovingAverageTrend,test,2023-02-27,8.289599751576102,8.287003487283316
MovingAverageTrend,test,2023-02-28,8.286559131745154,8.287003487283316
MovingAverageTrend,test,2023-03-01,8.281822667541661,8.287003487283316
MovingAverageTrend,test,2023-03-02,8.289376261272858,8.287003487283316
MovingAverageTrend,test,2023-03-03,8.305395010449342,8.287003487283316
MovingAverageTrend,test,2023-03-06,8.30608194122819,8.287003487283316
MovingAverageTrend,test,2023-03-07,8.290636350748926,8.287003487283316
MovingAverageTrend,test,2023-03-08,8.292050144884529,8.287003487283316
MovingAverageTrend,test,2023-03-09,8.273418286939048,8.287003487283316
MovingAverageTrend,test,2023-03-10,8.25883431750298,8.287003487283316
MovingAverageTrend,test,2023-03-13,8.257323415662242,8.287003487283316
MovingAverageTrend,test,2023-03-14,8.273665803897606,8.287003487283316
MovingAverageTrend,test,2023-03-15,8.266660439968252,8.287003487283316
MovingAverageTrend,test,2023-03-16,8.284070016217283,8.287003487283316
MovingAverageTrend,test,2023-03-17,8.27298939494333,8.287003487283316
MovingAverageTrend,test,2023-03-20,8.281868264579272,8.287003487283316
MovingAverageTrend,test,2023-03-21,8.29476691209783,8.287003487283316
MovingAverageTrend,test,2023-03-22,8.278166663457988,8.287003487283316
MovingAverageTrend,test,2023-03-23,8.28114674732717,8.287003487283316
MovingAverageTrend,test,2023-03-24,8.286770710411473,8.287003487283316
MovingAverageTrend,test,2023-03-27,8.28841630997524,8.287003487283316
MovingAverageTrend,test,2023-03-28,8.286841226686851,8.287003487283316
MovingAverageTrend,test,2023-03-29,8.300978097461899,8.287003487283316
MovingAverageTrend,test,2023-03-30,8.306677096661382,8.287003487283316
MovingAverageTrend,test,2023-03-31,8.321010424443418,8.287003487283316
MovingAverageTrend,test,2023-04-03,8.324702447009221,8.287003487283316
MovingAverageTrend,test,2023-04-04,8.318888607264059,8.287003487283316
MovingAverageTrend,test,2023-04-05,8.316393125606938,8.287003487283316
MovingAverageTrend,test,2023-04-06,8.31996589873974,8.287003487283316
MovingAverageTrend,test,2023-04-10,8.32096170575675,8.287003487283316
MovingAverageTrend,test,2023-04-11,8.320920352423768,8.287003487283316
MovingAverageTrend,test,2023-04-12,8.316776896100306,8.287003487283316
MovingAverageTrend,test,2023-04-13,8.329952406598137,8.287003487283316
MovingAverageTrend,test,2023-04-14,8.327880889013558,8.287003487283316
MovingAverageTrend,test,2023-04-17,8.331181592596174,8.287003487283316
MovingAverageTrend,test,2023-04-18,8.33203644739964,8.287003487283316
MovingAverageTrend,test,2023-04-19,8.3319521818517,8.287003487283316
MovingAverageTrend,test,2023-04-20,8.325981846663389,8.287003487283316
MovingAverageTrend,test,2023-04-21,8.32688462792069,8.287003487283316
MovingAverageTrend,test,2023-04-24,8.327735844698962,8.287003487283316
MovingAverageTrend,test,2023-04-25,8.311798660880385,8.287003487283316
MovingAverageTrend,test,2023-04-26,8.30795007737704,8.287003487283316
MovingAverageTrend,test,2023-04-27,8.327327270779737,8.287003487283316
MovingAverageTrend,test,2023-04-28,8.33554660209298,8.287003487283316
MovingAverageTrend,test,2023-05-01,8.33516042104447,8.287003487283316
MovingAverageTrend,test,2023-05-02,8.323506514363897,8.287003487283316
MovingAverageTrend,test,2023-05-03,8.316483606309005,8.287003487283316
MovingAverageTrend,test,2023-05-04,8.309238692853942,8.287003487283316
MovingAverageTrend,test,2023-05-05,8.327544859235822,8.287003487283316
MovingAverageTrend,test,2023-05-08,8.327996885720705,8.287003487283316
MovingAverageTrend,test,2023-05-09,8.323406946771644,8.287003487283316
MovingAverageTrend,test,2023-05-10,8.327880889013558,8.287003487283316
MovingAverageTrend,test,2023-05-11,8.326182824123853,8.287003487283316
MovingAverageTrend,test,2023-05-12,8.324598262534414,8.287003487283316
MovingAverageTrend,test,2023-05-15,8.32755206021473,8.287003487283316
MovingAverageTrend,test,2023-05-16,8.321153952532812,8.287003487283316
MovingAverageTrend,test,2023-05-17,8.332974641154884,8.287003487283316
MovingAverageTrend,test,2023-05-18,8.342375364218611,8.287003487283316
MovingAverageTrend,test,2023-05-19,8.340928450337936,8.287003487283316
MovingAverageTrend,test,2023-05-22,8.341083473017738,8.287003487283316
MovingAverageTrend,test,2023-05-23,8.329798004249454,8.287003487283316
MovingAverageTrend,test,2023-05-24,8.322452491571148,8.287003487283316
MovingAverageTrend,test,2023-05-25,8.33117194765016,8.287003487283316
MovingAverageTrend,test,2023-05-26,8.3441366285818,8.287003487283316
MovingAverageTrend,test,2023-05-30,8.344153231712466,8.287003487283316
MovingAverageTrend,test,2023-05-31,8.338025873526252,8.287003487283316
MovingAverageTrend,test,2023-06-01,8.347832088612106,8.287003487283316
MovingAverageTrend,test,2023-06-02,8.362261901002213,8.287003487283316
MovingAverageTrend,test,2023-06-05,8.360256309511556,8.287003487283316
MovingAverageTrend,test,2023-06-06,8.362607439745407,8.287003487283316
MovingAverageTrend,test,2023-06-07,8.358788145818986,8.287003487283316
MovingAverageTrend,test,2023-06-08,8.36495771742651,8.287003487283316
MovingAverageTrend,test,2023-06-09,8.36610511844956,8.287003487283316
MovingAverageTrend,test,2023-06-12,8.375383093431315,8.287003487283316
MovingAverageTrend,test,2023-06-13,8.382291664157224,8.287003487283316
MovingAverageTrend,test,2023-06-14,8.38311075413735,8.287003487283316
MovingAverageTrend,test,2023-06-15,8.39521533463094,8.287003487283316
MovingAverageTrend,test,2023-06-16,8.391536958163188,8.287003487283316
MovingAverageTrend,test,2023-06-20,8.386790604327953,8.287003487283316
MovingAverageTrend,test,2023-06-21,8.381531517961028,8.287003487283316
MovingAverageTrend,test,2023-06-22,8.385235448348363,8.287003487283316
MovingAverageTrend,test,2023-06-23,8.37754716029186,8.287003487283316
MovingAverageTrend,test,2023-06-26,8.373050225928727,8.287003487283316
MovingAverageTrend,test,2023-06-27,8.38444095945291,8.287003487283316
MovingAverageTrend,test,2023-06-28,8.38408682006452,8.287003487283316
MovingAverageTrend,test,2023-06-29,8.38855038817901,8.287003487283316
MovingAverageTrend,test,2023-06-30,8.400744738440896,8.287003487283316
MovingAverageTrend,test,2023-07-03,8.401914731533568,8.287003487283316
MovingAverageTrend,test,2023-07-05,8.399944473435955,8.287003487283316
MovingAverageTrend,test,2023-07-06,8.39199041226006,8.287003487283316
MovingAverageTrend,test,2023-07-07,8.389121199464327,8.287003487283316
MovingAverageTrend,test,2023-07-10,8.391523338074954,8.287003487283316
MovingAverageTrend,test,2023-07-11,8.398242922073209,8.287003487283316
MovingAverageTrend,test,2023-07-12,8.405626827308598,8.287003487283316
MovingAverageTrend,test,2023-07-13,8.414061310298225,8.287003487283316
MovingAverageTrend,test,2023-07-14,8.413036378101317,8.287003487283316
MovingAverageTrend,test,2023-07-17,8.416884347675738,8.287003487283316
MovingAverageTrend,test,2023-07-18,8.423976414617167,8.287003487283316
MovingAverageTrend,test,2023-07-19,8.4263315494444,8.287003487283316
MovingAverageTrend,test,2023-07-20,8.419551722048142,8.287003487283316
MovingAverageTrend,test,2023-07-21,8.419875764062756,8.287003487283316
MovingAverageTrend,test,2023-07-24,8.42390180255963,8.287003487283316
MovingAverageTrend,test,2023-07-25,8.42671252213547,8.287003487283316
MovingAverageTrend,test,2023-07-26,8.426557071156793,8.287003487283316
MovingAverageTrend,test,2023-07-27,8.420111678101597,8.287003487283316
MovingAverageTrend,test,2023-07-28,8.42994105391203,8.287003487283316
MovingAverageTrend,test,2023-07-31,8.431408689348599,8.287003487283316
MovingAverageTrend,test,2023-08-01,8.428740044040916,8.287003487283316
MovingAverageTrend,test,2023-08-02,8.41480384340258,8.287003487283316
MovingAverageTrend,test,2023-08-03,8.412252617952289,8.287003487283316
MovingAverageTrend,test,2023-08-04,8.40693844857835,8.287003487283316
MovingAverageTrend,test,2023-08-07,8.415922067543207,8.287003487283316
MovingAverageTrend,test,2023-08-08,8.411694862443149,8.287003487283316
MovingAverageTrend,test,2023-08-09,8.404631243341102,8.287003487283316
MovingAverageTrend,test,2023-08-10,8.404881925862183,8.287003487283316
MovingAverageTrend,test,2023-08-11,8.403811660962955,8.287003487283316
MovingAverageTrend,test,2023-08-14,8.409545665842373,8.287003487283316
MovingAverageTrend,test,2023-08-15,8.397927526446276,8.287003487283316
MovingAverageTrend,test,2023-08-16,8.390343444653652,8.287003487283316
MovingAverageTrend,test,2023-08-17,8.382600633276123,8.287003487283316
MovingAverageTrend,test,2023-08-18,8.382451915392165,8.287003487283316
MovingAverageTrend,test,2023-08-21,8.389307550251965,8.287003487283316
MovingAverageTrend,test,2023-08-22,8.38652621920542,8.287003487283316
MovingAverageTrend,test,2023-08-23,8.39751054991621,8.287003487283316
MovingAverageTrend,test,2023-08-24,8.383961195932203,8.287003487283316
MovingAverageTrend,test,2023-08-25,8.3906566969925,8.287003487283316
MovingAverageTrend,test,2023-08-28,8.396901775586695,8.287003487283316
MovingAverageTrend,test,2023-08-29,8.411305844298752,8.287003487283316
MovingAverageTrend,test,2023-08-30,8.415131698479945,8.287003487283316
MovingAverageTrend,test,2023-08-31,8.413533485505605,8.287003487283316
MovingAverageTrend,test,2023-09-01,8.415330998271124,8.287003487283316
MovingAverageTrend,test,2023-09-05,8.411128000449741,8.287003487283316
MovingAverageTrend,test,2023-09-06,8.40413198595831,8.287003487283316
MovingAverageTrend,test,2023-09-07,8.400915552842577,8.287003487283316
MovingAverageTrend,test,2023-09-08,8.402341158904834,8.287003487283316
MovingAverageTrend,test,2023-09-11,8.40904211040297,8.287003487283316
MovingAverageTrend,test,2023-09-12,8.403329941379965,8.287003487283316
MovingAverageTrend,test,2023-09-13,8.4045708034975,8.287003487283316
MovingAverageTrend,test,2023-09-14,8.412965389031166,8.287003487283316
MovingAverageTrend,test,2023-09-15,8.400731243188673,8.287003487283316
MovingAverageTrend,test,2023-09-18,8.401452270882848,8.287003487283316
MovingAverageTrend,test,2023-09-19,8.399298943521314,8.287003487283316
MovingAverageTrend,test,2023-09-20,8.389859739315023,8.287003487283316
MovingAverageTrend,test,2023-09-21,8.373322820996535,8.287003487283316
MovingAverageTrend,test,2023-09-22,8.371024583593774,8.287003487283316
MovingAverageTrend,test,2023-09-25,8.375039577797581,8.287003487283316
MovingAverageTrend,test,2023-09-26,8.360195412315317,8.287003487283316
MovingAverageTrend,test,2023-09-27,8.360424700087611,8.287003487283316
MovingAverageTrend,test,2023-09-28,8.366300577230612,8.287003487283316
MovingAverageTrend,test,2023-09-29,8.363587317582322,8.287003487283316
MovingAverageTrend,test,2023-10-02,8.363666681988475,8.287003487283316
MovingAverageTrend,test,2023-10-03,8.349827286125027,8.287003487283316
MovingAverageTrend,test,2023-10-04,8.357904333732856,8.287003487283316
MovingAverageTrend,test,2023-10-05,8.35659945258586,8.287003487283316
MovingAverageTrend,test,2023-10-06,8.368345094679821,8.287003487283316
MovingAverageTrend,test,2023-10-09,8.37462916279921,8.287003487283316
MovingAverageTrend,test,2023-10-10,8.379823638899195,8.287003487283316
MovingAverageTrend,test,2023-10-11,8.38410745839929,8.287003487283316
MovingAverageTrend,test,2023-10-12,8.377841433458634,8.287003487283316
MovingAverageTrend,test,2023-10-13,8.372809937798415,8.287003487283316
MovingAverageTrend,test,2023-10-16,8.383348580101005,8.287003487283316
MovingAverageTrend,test,2023-10-17,8.38325033022156,8.287003487283316
MovingAverageTrend,test,2023-10-18,8.36975992197041,8.287003487283316
MovingAverageTrend,test,2023-10-19,8.361240889642351,8.287003487283316
MovingAverageTrend,test,2023-10-20,8.348575740446195,8.287003487283316
MovingAverageTrend,test,2023-10-23,8.34688874838076,8.287003487283316
MovingAverageTrend,test,2023-10-24,8.35412827190039,8.287003487283316
MovingAverageTrend,test,2023-10-25,8.339684837243151,8.287003487283316
MovingAverageTrend,test,2023-10-26,8.327781756037567,8.287003487283316
MovingAverageTrend,test,2023-10-27,8.322969917458945,8.287003487283316
MovingAverageTrend,test,2023-10-30,8.334908391759232,8.287003487283316
MovingAverageTrend,test,2023-10-31,8.341362476580919,8.287003487283316
MovingAverageTrend,test,2023-11-01,8.351813671571112,8.287003487283316
MovingAverageTrend,test,2023-11-02,8.370496610505198,8.287003487283316
MovingAverageTrend,test,2023-11-03,8.37984649404975,8.287003487283316
MovingAverageTrend,test,2023-11-06,8.38159795177385,8.287003487283316
MovingAverageTrend,test,2023-11-07,8.384434045175562,8.287003487283316
MovingAverageTrend,test,2023-11-08,8.385438456207982,8.287003487283316
MovingAverageTrend,test,2023-11-09,8.377321765508913,8.287003487283316
MovingAverageTrend,test,2023-11-10,8.392817524779685,8.287003487283316
MovingAverageTrend,test,2023-11-13,8.391981336338315,8.287003487283316
MovingAverageTrend,test,2023-11-14,8.410876706812893,8.287003487283316
MovingAverageTrend,test,2023-11-15,8.41247244502074,8.287003487283316
MovingAverageTrend,test,2023-11-16,8.413662164417453,8.287003487283316
MovingAverageTrend,test,2023-11-17,8.414943392354632,8.287003487283316
MovingAverageTrend,test,2023-11-20,8.422306496148426,8.287003487283316
MovingAverageTrend,test,2023-11-21,8.42028352021667,8.287003487283316
MovingAverageTrend,test,2023-11-22,8.424336425310983,8.287003487283316
MovingAverageTrend,test,2023-11-24,8.424933120920628,8.287003487283316
MovingAverageTrend,test,2023-11-27,8.422977051603729,8.287003487283316
MovingAverageTrend,test,2023-11-28,8.42395669013178,8.287003487283316
MovingAverageTrend,test,2023-11-29,8.423009993516677,8.287003487283316
MovingAverageTrend,test,2023-11-30,8.426786924781672,8.287003487283316
MovingAverageTrend,test,2023-12-01,8.432643483735518,8.287003487283316
MovingAverageTrend,test,2023-12-04,8.427220295671692,8.287003487283316
MovingAverageTrend,test,2023-12-05,8.426651264077757,8.287003487283316
MovingAverageTrend,test,2023-12-06,8.422737412132813,8.287003487283316
MovingAverageTrend,test,2023-12-07,8.430674022817636,8.287003487283316
MovingAverageTrend,test,2023-12-08,8.43476115696414,8.287003487283316
MovingAverageTrend,test,2023-12-11,8.43867797051192,8.287003487283316
MovingAverageTrend,test,2023-12-12,8.443266783307612,8.287003487283316
MovingAverageTrend,test,2023-12-13,8.456825128482633,8.287003487283316
MovingAverageTrend,test,2023-12-14,8.459468693667787,8.287003487283316
MovingAverageTrend,test,2023-12-15,8.459392441267338,8.287003487283316
MovingAverageTrend,test,2023-12-18,8.463910563530739,8.287003487283316
MovingAverageTrend,test,2023-12-19,8.469759830981559,8.287003487283316
MovingAverageTrend,test,2023-12-20,8.454966683016252,8.287003487283316
MovingAverageTrend,test,2023-12-21,8.465215452323525,8.287003487283316
MovingAverageTrend,test,2023-12-22,8.466874134476285,8.287003487283316
MovingAverageTrend,test,2023-12-26,8.471096895523264,8.287003487283316
MovingAverageTrend,test,2023-12-27,8.472526331139687,8.287003487283316
MovingAverageTrend,test,2023-12-28,8.472896437250014,8.287003487283316
MovingAverageTrend,test,2023-12-29,8.47006596021328,8.287003487283316
MovingAverageTrend,test,2024-01-02,8.464389299413558,8.287003487283316
MovingAverageTrend,test,2024-01-03,8.45634068108636,8.287003487283316
MovingAverageTrend,test,2024-01-04,8.452906409423042,8.287003487283316
MovingAverageTrend,test,2024-01-05,8.454730431062476,8.287003487283316
MovingAverageTrend,test,2024-01-08,8.46874637649883,8.287003487283316
MovingAverageTrend,test,2024-01-09,8.467267382646511,8.287003487283316
MovingAverageTrend,test,2024-01-10,8.472917363297007,8.287003487283316
MovingAverageTrend,test,2024-01-11,8.472246082460046,8.287003487283316
MovingAverageTrend,test,2024-01-12,8.47299677621308,8.287003487283316
MovingAverageTrend,test,2024-01-16,8.469258457160723,8.287003487283316
MovingAverageTrend,test,2024-01-17,8.463625725889615,8.287003487283316
MovingAverageTrend,test,2024-01-18,8.472392446615858,8.287003487283316
MovingAverageTrend,test,2024-01-19,8.484630754848407,8.287003487283316
MovingAverageTrend,test,2024-01-22,8.486822676035638,8.287003487283316
MovingAverageTrend,test,2024-01-23,8.489739791376403,8.287003487283316
MovingAverageTrend,test,2024-01-24,8.49055139035262,8.287003487283316
MovingAverageTrend,test,2024-01-25,8.495797968487599,8.287003487283316
MovingAverageTrend,test,2024-01-26,8.495145970732173,8.287003487283316
MovingAverageTrend,test,2024-01-29,8.502674336237419,8.287003487283316
MovingAverageTrend,test,2024-01-30,8.502073505840439,8.287003487283316
MovingAverageTrend,test,2024-01-31,8.485836654099707,8.287003487283316
MovingAverageTrend,test,2024-02-01,8.498252940213757,8.287003487283316
MovingAverageTrend,test,2024-02-02,8.508880710936388,8.287003487283316
MovingAverageTrend,test,2024-02-05,8.505689286227105,8.287003487283316
MovingAverageTrend,test,2024-02-06,8.507997032158853,8.287003487283316
MovingAverageTrend,test,2024-02-07,8.516204714752861,8.287003487283316
MovingAverageTrend,test,2024-02-08,8.516775135292953,8.287003487283316
MovingAverageTrend,test,2024-02-09,8.522501052421747,8.287003487283316
MovingAverageTrend,test,2024-02-12,8.521551648279095,8.287003487283316
MovingAverageTrend,test,2024-02-13,8.50778303885925,8.287003487283316
MovingAverageTrend,test,2024-02-14,8.517317207163467,8.287003487283316
MovingAverageTrend,test,2024-02-15,8.523121579837508,8.287003487283316
MovingAverageTrend,test,2024-02-16,8.518306536261546,8.287003487283316
MovingAverageTrend,test,2024-02-20,8.512283109795728,8.287003487283316
MovingAverageTrend,test,2024-02-21,8.513546511290832,8.287003487283316
MovingAverageTrend,test,2024-02-22,8.534449399957236,8.287003487283316
MovingAverageTrend,test,2024-02-23,8.534797286983737,8.287003487283316
MovingAverageTrend,test,2024-02-26,8.53100334773907,8.287003487283316
MovingAverageTrend,test,2024-02-27,8.53270824327779,8.287003487283316
MovingAverageTrend,test,2024-02-28,8.531048711956679,8.287003487283316
MovingAverageTrend,test,2024-02-29,8.536264182412477,8.287003487283316
MovingAverageTrend,test,2024-03-01,8.544240118845865,8.287003487283316
MovingAverageTrend,test,2024-03-04,8.543046144270903,8.287003487283316
MovingAverageTrend,test,2024-03-05,8.532800737994984,8.287003487283316
MovingAverageTrend,test,2024-03-06,8.537928670847986,8.287003487283316
MovingAverageTrend,test,2024-03-07,8.54818007313297,8.287003487283316
MovingAverageTrend,test,2024-03-08,8.54163015014092,8.287003487283316
MovingAverageTrend,test,2024-03-11,8.540507281872891,8.287003487283316
MovingAverageTrend,test,2024-03-12,8.55164679445956,8.287003487283316
MovingAverageTrend,test,2024-03-13,8.549720410457438,8.287003487283316
MovingAverageTrend,test,2024-03-14,8.546845189405943,8.287003487283316
MovingAverageTrend,test,2024-03-15,8.540341166546204,8.287003487283316
MovingAverageTrend,test,2024-03-18,8.546639350784686,8.287003487283316
MovingAverageTrend,test,2024-03-19,8.552272603829028,8.287003487283316
MovingAverageTrend,test,2024-03-20,8.561137369345388,8.287003487283316
MovingAverageTrend,test,2024-03-21,8.564368678439918,8.287003487283316
MovingAverageTrend,test,2024-03-22,8.562965506605591,8.287003487283316
MovingAverageTrend,test,2024-03-25,8.55990586622356,8.287003487283316
MovingAverageTrend,test,2024-03-26,8.557102144240753,8.287003487283316
MovingAverageTrend,test,2024-03-27,8.56569573982346,8.287003487283316
MovingAverageTrend,test,2024-03-28,8.56681160252422,8.287003487283316
MovingAverageTrend,test,2024-04-01,8.564795987997263,8.287003487283316
MovingAverageTrend,test,2024-04-02,8.55753059979359,8.287003487283316
MovingAverageTrend,test,2024-04-03,8.558621127316929,8.287003487283316
MovingAverageTrend,test,2024-04-04,8.546210091697667,8.287003487283316
MovingAverageTrend,test,2024-04-05,8.557248141833366,8.287003487283316
MovingAverageTrend,test,2024-04-08,8.556873440643324,8.287003487283316
MovingAverageTrend,test,2024-04-09,8.558317890116959,8.287003487283316
MovingAverageTrend,test,2024-04-10,8.548815908284746,8.287003487283316
MovingAverageTrend,test,2024-04-11,8.556233130268089,8.287003487283316
MovingAverageTrend,test,2024-04-12,8.541575542465841,8.287003487283316
MovingAverageTrend,test,2024-04-15,8.52948134667838,8.287003487283316
MovingAverageTrend,test,2024-04-16,8.527422722150877,8.287003487283316
MovingAverageTrend,test,2024-04-17,8.521625347074872,8.287003487283316
MovingAverageTrend,test,2024-04-18,8.519414745374387,8.287003487283316
MovingAverageTrend,test,2024-04-19,8.510617615720331,8.287003487283316
MovingAverageTrend,test,2024-04-22,8.51931096687717,8.287003487283316
MovingAverageTrend,test,2024-04-23,8.531204533444892,8.287003487283316
MovingAverageTrend,test,2024-04-24,8.531417520822824,8.287003487283316
MovingAverageTrend,test,2024-04-25,8.526830586552705,8.287003487283316
MovingAverageTrend,test,2024-04-26,8.53698796788503,8.287003487283316
MovingAverageTrend,test,2024-04-29,8.54016137596167,8.287003487283316
MovingAverageTrend,test,2024-04-30,8.524305824842742,8.287003487283316
MovingAverageTrend,test,2024-05-01,8.520864471357111,8.287003487283316
MovingAverageTrend,test,2024-05-02,8.529951496082194,8.287003487283316
MovingAverageTrend,test,2024-05-03,8.542430053741704,8.287003487283316
MovingAverageTrend,test,2024-05-06,8.552703227432952,8.287003487283316
MovingAverageTrend,test,2024-05-07,8.554045755661777,8.287003487283316
MovingAverageTrend,test,2024-05-08,8.554039920026582,8.287003487283316
MovingAverageTrend,test,2024-05-09,8.55911795266569,8.287003487283316
MovingAverageTrend,test,2024-05-10,8.560765992745857,8.287003487283316
MovingAverageTrend,test,2024-05-13,8.56052465957199,8.287003487283316
MovingAverageTrend,test,2024-05-14,8.565350808099446,8.287003487283316
MovingAverageTrend,test,2024-05-15,8.576998635886746,8.287003487283316
MovingAverageTrend,test,2024-05-16,8.574914798412657,8.287003487283316
MovingAverageTrend,test,2024-05-17,8.57607889410055,8.287003487283316
MovingAverageTrend,test,2024-05-20,8.576994864409041,8.287003487283316
MovingAverageTrend,test,2024-05-21,8.579493614175934,8.287003487283316
MovingAverageTrend,test,2024-05-22,8.576783822966583,8.287003487283316
MovingAverageTrend,test,2024-05-23,8.56937566068311,8.287003487283316
MovingAverageTrend,test,2024-05-24,8.576352309759784,8.287003487283316
MovingAverageTrend,test,2024-05-28,8.57660108066667,8.287003487283316
MovingAverageTrend,test,2024-05-29,8.569206763450927,8.287003487283316
MovingAverageTrend,test,2024-05-30,8.563213805915174,8.287003487283316
MovingAverageTrend,test,2024-05-31,8.571209630147102,8.287003487283316
MovingAverageTrend,test,2024-06-03,8.572325090370637,8.287003487283316
MovingAverageTrend,test,2024-06-04,8.57382677137442,8.287003487283316
MovingAverageTrend,test,2024-06-05,8.585604787224376,8.287003487283316
MovingAverageTrend,test,2024-06-06,8.58540495062274,8.287003487283316
MovingAverageTrend,test,2024-06-07,8.584289108572461,8.287003487283316
MovingAverageTrend,test,2024-06-10,8.586866638550703,8.287003487283316
MovingAverageTrend,test,2024-06-11,8.589573353405912,8.287003487283316
MovingAverageTrend,test,2024-06-12,8.5980410736478,8.287003487283316
MovingAverageTrend,test,2024-06-13,8.600382985084916,8.287003487283316
MovingAverageTrend,test,2024-06-14,8.599989046803918,8.287003487283316
MovingAverageTrend,test,2024-06-17,8.607624211176239,8.287003487283316
MovingAverageTrend,test,2024-06-18,8.610142365357756,8.287003487283316
MovingAverageTrend,test,2024-06-20,8.607613237962344,8.287003487283316
MovingAverageTrend,test,2024-06-21,8.60604988624352,8.287003487283316
MovingAverageTrend,test,2024-06-24,8.602980007087652,8.287003487283316
MovingAverageTrend,test,2024-06-25,8.606905880766835,8.287003487283316
MovingAverageTrend,test,2024-06-26,8.608477076991555,8.287003487283316
MovingAverageTrend,test,2024-06-27,8.609383986848353,8.287003487283316
MovingAverageTrend,test,2024-06-28,8.605291973385985,8.287003487283316
MovingAverageTrend,test,2024-07-01,8.607963964367414,8.287003487283316
MovingAverageTrend,test,2024-07-02,8.6141401701386,8.287003487283316
MovingAverageTrend,test,2024-07-03,8.619211732408132,8.287003487283316
MovingAverageTrend,test,2024-07-05,8.624645706769101,8.287003487283316
MovingAverageTrend,test,2024-07-08,8.625661889245507,8.287003487283316
MovingAverageTrend,test,2024-07-09,8.626402686723571,8.287003487283316
MovingAverageTrend,test,2024-07-10,8.636559001601677,8.287003487283316
MovingAverageTrend,test,2024-07-11,8.627757351632411,8.287003487283316
MovingAverageTrend,test,2024-07-12,8.633259215657375,8.287003487283316
MovingAverageTrend,test,2024-07-15,8.63608143208073,8.287003487283316
MovingAverageTrend,test,2024-07-16,8.642450482052181,8.287003487283316
MovingAverageTrend,test,2024-07-17,8.628425040528537,8.287003487283316
MovingAverageTrend,test,2024-07-18,8.620577928383186,8.287003487283316
MovingAverageTrend,test,2024-07-19,8.61341204915678,8.287003487283316
MovingAverageTrend,test,2024-07-22,8.624146266403,8.287003487283316
MovingAverageTrend,test,2024-07-23,8.622586948709055,8.287003487283316
MovingAverageTrend,test,2024-07-24,8.599165706486161,8.287003487283316
MovingAverageTrend,test,2024-07-25,8.594009817466445,8.287003487283316
MovingAverageTrend,test,2024-07-26,8.605039237876015,8.287003487283316
MovingAverageTrend,test,2024-07-29,8.605852217447843,8.287003487283316
MovingAverageTrend,test,2024-07-30,8.600879703086477,8.287003487283316
MovingAverageTrend,test,2024-07-31,8.616549683788394,8.287003487283316
MovingAverageTrend,test,2024-08-01,8.602761559996404,8.287003487283316
MovingAverageTrend,test,2024-08-02,8.58420865338785,8.287003487283316
MovingAverageTrend,test,2024-08-05,8.553781611995458,8.287003487283316
MovingAverageTrend,test,2024-08-06,8.564082461489058,8.287003487283316
MovingAverageTrend,test,2024-08-07,8.556317746100287,8.287003487283316
MovingAverageTrend,test,2024-08-08,8.579098885691186,8.287003487283316
MovingAverageTrend,test,2024-08-09,8.583759684125567,8.287003487283316
MovingAverageTrend,test,2024-08-12,8.583802717177289,8.287003487283316
MovingAverageTrend,test,2024-08-13,8.600509950596338,8.287003487283316
MovingAverageTrend,test,2024-08-14,8.604326387157537,8.287003487283316
MovingAverageTrend,test,2024-08-15,8.620330877088842,8.287003487283316
MovingAverageTrend,test,2024-08-16,8.622318679457237,8.287003487283316
MovingAverageTrend,test,2024-08-19,8.631994006893414,8.287003487283316
MovingAverageTrend,test,2024-08-20,8.630007479655806,8.287003487283316
MovingAverageTrend,test,2024-08-21,8.634238194376811,8.287003487283316
MovingAverageTrend,test,2024-08-22,8.625265252120155,8.287003487283316
MovingAverageTrend,test,2024-08-23,8.636683189521818,8.287003487283316
MovingAverageTrend,test,2024-08-26,8.633524479352213,8.287003487283316
MovingAverageTrend,test,2024-08-27,8.635118404464937,8.287003487283316
MovingAverageTrend,test,2024-08-28,8.629124503670202,8.287003487283316
MovingAverageTrend,test,2024-08-29,8.629085123826764,8.287003487283316
MovingAverageTrend,test,2024-08-30,8.639127580905908,8.287003487283316
MovingAverageTrend,test,2024-09-03,8.61774961753351,8.287003487283316
MovingAverageTrend,test,2024-09-04,8.61614578850613,8.287003487283316
MovingAverageTrend,test,2024-09-05,8.613123207491455,8.287003487283316
MovingAverageTrend,test,2024-09-06,8.595712262984032,8.287003487283316
MovingAverageTrend,test,2024-09-09,8.607225797419849,8.287003487283316
MovingAverageTrend,test,2024-09-10,8.611688497397644,8.287003487283316
MovingAverageTrend,test,2024-09-11,8.622297053047486,8.287003487283316
MovingAverageTrend,test,2024-09-12,8.62976440520429,8.287003487283316
MovingAverageTrend,test,2024-09-13,8.635157547438645,8.287003487283316
MovingAverageTrend,test,2024-09-16,8.636413388305956,8.287003487283316
MovingAverageTrend,test,2024-09-17,8.636677903399852,8.287003487283316
MovingAverageTrend,test,2024-09-18,8.633777244691538,8.287003487283316
MovingAverageTrend,test,2024-09-19,8.650611601584265,8.287003487283316
MovingAverageTrend,test,2024-09-20,8.648668687954249,8.287003487283316
MovingAverageTrend,test,2024-09-23,8.651474022379961,8.287003487283316
MovingAverageTrend,test,2024-09-24,8.653982053483308,8.287003487283316
MovingAverageTrend,test,2024-09-25,8.652119070277095,8.287003487283316
MovingAverageTrend,test,2024-09-26,8.656149612435295,8.287003487283316
MovingAverageTrend,test,2024-09-27,8.654895609535222,8.287003487283316
MovingAverageTrend,test,2024-09-30,8.659123213193663,8.287003487283316
MovingAverageTrend,test,2024-10-01,8.649755364499208,8.287003487283316
MovingAverageTrend,test,2024-10-02,8.649893745826196,8.287003487283316
MovingAverageTrend,test,2024-10-03,8.648210917171737,8.287003487283316
MovingAverageTrend,test,2024-10-04,8.657141172870922,8.287003487283316
MovingAverageTrend,test,2024-10-07,8.647508909041534,8.287003487283316
MovingAverageTrend,test,2024-10-08,8.657151615846228,8.287003487283316
MovingAverageTrend,test,2024-10-09,8.664239846863223,8.287003487283316
MovingAverageTrend,test,2024-10-10,8.662167578357241,8.287003487283316
MovingAverageTrend,test,2024-10-11,8.66820118706454,8.287003487283316
MovingAverageTrend,test,2024-10-14,8.675879301639133,8.287003487283316
MovingAverageTrend,test,2024-10-15,8.66824073560162,8.287003487283316
MovingAverageTrend,test,2024-10-16,8.6729089683844,8.287003487283316
MovingAverageTrend,test,2024-10-17,8.672737793255862,8.287003487283316
MovingAverageTrend,test,2024-10-18,8.676701480198636,8.287003487283316
MovingAverageTrend,test,2024-10-21,8.674877047442218,8.287003487283316
MovingAverageTrend,test,2024-10-22,8.674402080775021,8.287003487283316
MovingAverageTrend,test,2024-10-23,8.665168256507341,8.287003487283316
MovingAverageTrend,test,2024-10-24,8.667311729637898,8.287003487283316
MovingAverageTrend,test,2024-10-25,8.667012237624713,8.287003487283316
MovingAverageTrend,test,2024-10-28,8.669660172251445,8.287003487283316
MovingAverageTrend,test,2024-10-29,8.671272998196347,8.287003487283316
MovingAverageTrend,test,2024-10-30,8.667967306523858,8.287003487283316
MovingAverageTrend,test,2024-10-31,8.649177171595113,8.287003487283316
MovingAverageTrend,test,2024-11-01,8.653261329599639,8.287003487283316
MovingAverageTrend,test,2024-11-04,8.650445284786448,8.287003487283316
MovingAverageTrend,test,2024-11-05,8.66263631581601,8.287003487283316
MovingAverageTrend,test,2024-11-06,8.687617596773197,8.287003487283316
MovingAverageTrend,test,2024-11-07,8.695021350947194,8.287003487283316
MovingAverageTrend,test,2024-11-08,8.698771144982912,8.287003487283316
MovingAverageTrend,test,2024-11-11,8.699739739173868,8.287003487283316
MovingAverageTrend,test,2024-11-12,8.696842887696931,8.287003487283316
MovingAverageTrend,test,2024-11-13,8.697075088461073,8.287003487283316
MovingAverageTrend,test,2024-11-14,8.691006979878829,8.287003487283316
MovingAverageTrend,test,2024-11-15,8.677715549012035,8.287003487283316
MovingAverageTrend,test,2024-11-18,8.681625708758242,8.287003487283316
MovingAverageTrend,test,2024-11-19,8.685581459278838,8.287003487283316
MovingAverageTrend,test,2024-11-20,8.685603409900173,8.287003487283316
MovingAverageTrend,test,2024-11-21,8.69092966174446,8.287003487283316
MovingAverageTrend,test,2024-11-22,8.694391621335997,8.287003487283316
MovingAverageTrend,test,2024-11-25,8.697407549156123,8.287003487283316
MovingAverageTrend,test,2024-11-26,8.703113246311386,8.287003487283316
MovingAverageTrend,test,2024-11-27,8.699304765227808,8.287003487283316
MovingAverageTrend,test,2024-11-29,8.70489688562461,8.287003487283316
MovingAverageTrend,test,2024-12-02,8.707342349505192,8.287003487283316
MovingAverageTrend,test,2024-12-03,8.707793696747213,8.287003487283316
MovingAverageTrend,test,2024-12-04,8.71382687837535,8.287003487283316
MovingAverageTrend,test,2024-12-05,8.711955352535968,8.287003487283316
MovingAverageTrend,test,2024-12-06,8.714447697903505,8.287003487283316
MovingAverageTrend,test,2024-12-09,8.708284530618279,8.287003487283316
MovingAverageTrend,test,2024-12-10,8.705316246304,8.287003487283316
MovingAverageTrend,test,2024-12-11,8.713448872715368,8.287003487283316
MovingAverageTrend,test,2024-12-12,8.708020141253904,8.287003487283316
MovingAverageTrend,test,2024-12-13,8.707993674264532,8.287003487283316
MovingAverageTrend,test,2024-12-16,8.711785829273317,8.287003487283316
MovingAverageTrend,test,2024-12-17,8.707914349792661,8.287003487283316
MovingAverageTrend,test,2024-12-18,8.677977844488144,8.287003487283316
MovingAverageTrend,test,2024-12-19,8.677112357737606,8.287003487283316
MovingAverageTrend,test,2024-12-20,8.687922837140004,8.287003487283316
MovingAverageTrend,test,2024-12-23,8.69518368672562,8.287003487283316
MovingAverageTrend,test,2024-12-24,8.706165919890747,8.287003487283316
MovingAverageTrend,test,2024-12-26,8.705760178802489,8.287003487283316
MovingAverageTrend,test,2024-12-27,8.694642873837577,8.287003487283316
MovingAverageTrend,test,2024-12-30,8.683883199895847,8.287003487283316
MovingAverageTrend,test,2024-12-31,8.679589193436865,8.287003487283316
MovingAverageTrend,test,2025-01-02,8.677362830287416,8.287003487283316
MovingAverageTrend,test,2025-01-03,8.689880186995241,8.287003487283316
MovingAverageTrend,test,2025-01-06,8.69540295349206,8.287003487283316
MovingAverageTrend,test,2025-01-07,8.684236931975423,8.287003487283316
MovingAverageTrend,test,2025-01-08,8.685796076069254,8.287003487283316
MovingAverageTrend,test,2025-01-10,8.670264438419022,8.287003487283316
MovingAverageTrend,test,2025-01-13,8.671838642797075,8.287003487283316
MovingAverageTrend,test,2025-01-14,8.67298426613124,8.287003487283316
MovingAverageTrend,test,2025-01-15,8.691131398635756,8.287003487283316
MovingAverageTrend,test,2025-01-16,8.68901647429489,8.287003487283316
MovingAverageTrend,test,2025-01-17,8.698957952603283,8.287003487283316
MovingAverageTrend,test,2025-01-21,8.70768796204388,8.287003487283316
MovingAverageTrend,test,2025-01-22,8.713807143130873,8.287003487283316
MovingAverageTrend,test,2025-01-23,8.719106562590403,8.287003487283316
MovingAverageTrend,test,2025-01-24,8.716247346605936,8.287003487283316
MovingAverageTrend,test,2025-01-27,8.701559287573824,8.287003487283316
MovingAverageTrend,test,2025-01-28,8.71073493175154,8.287003487283316
MovingAverageTrend,test,2025-01-29,8.70604505569462,8.287003487283316
MovingAverageTrend,test,2025-01-30,8.7113066038468,8.287003487283316
MovingAverageTrend,test,2025-01-31,8.706246999856534,8.287003487283316
MovingAverageTrend,test,2025-02-03,8.698609309127038,8.287003487283316
MovingAverageTrend,test,2025-02-04,8.705808216530068,8.287003487283316
MovingAverageTrend,test,2025-02-05,8.709709270445682,8.287003487283316
MovingAverageTrend,test,2025-02-06,8.713346944800948,8.287003487283316
MovingAverageTrend,test,2025-02-07,8.703837099107288,8.287003487283316
MovingAverageTrend,test,2025-02-10,8.710527211402741,8.287003487283316
MovingAverageTrend,test,2025-02-11,8.710866736546416,8.287003487283316
MovingAverageTrend,test,2025-02-12,8.708139153356768,8.287003487283316
MovingAverageTrend,test,2025-02-13,8.718511466571004,8.287003487283316
MovingAverageTrend,test,2025-02-14,8.71843952017543,8.287003487283316
MovingAverageTrend,test,2025-02-18,8.72088152383098,8.287003487283316
MovingAverageTrend,test,2025-02-19,8.723255672697805,8.287003487283316
MovingAverageTrend,test,2025-02-20,8.718912067813516,8.287003487283316
MovingAverageTrend,test,2025-02-21,8.701700671140976,8.287003487283316
MovingAverageTrend,test,2025-02-24,8.696719177574725,8.287003487283316
MovingAverageTrend,test,2025-02-25,8.692028462436328,8.287003487283316
MovingAverageTrend,test,2025-02-26,8.692164477465912,8.287003487283316
MovingAverageTrend,test,2025-02-27,8.676172734787388,8.287003487283316
MovingAverageTrend,test,2025-02-28,8.691902515208051,8.287003487283316
MovingAverageTrend,test,2025-03-03,8.674149112559741,8.287003487283316
MovingAverageTrend,test,2025-03-04,8.661838824328235,8.287003487283316
MovingAverageTrend,test,2025-03-05,8.672936296856971,8.287003487283316
MovingAverageTrend,test,2025-03-06,8.654956619749516,8.287003487283316
MovingAverageTrend,test,2025-03-07,8.660462054794971,8.287003487283316
MovingAverageTrend,test,2025-03-10,8.633118513006542,8.287003487283316
MovingAverageTrend,test,2025-03-11,8.625521866088006,8.287003487283316
MovingAverageTrend,test,2025-03-12,8.630396834028497,8.287003487283316
MovingAverageTrend,test,2025-03-13,8.616408467222032,8.287003487283316
MovingAverageTrend,test,2025-03-14,8.63745137317523,8.287003487283316
MovingAverageTrend,test,2025-03-17,8.643847008149836,8.287003487283316
MovingAverageTrend,test,2025-03-18,8.633136341075515,8.287003487283316
MovingAverageTrend,test,2025-03-19,8.643876949248469,8.287003487283316
MovingAverageTrend,test,2025-03-20,8.641689665734686,8.287003487283316
MovingAverageTrend,test,2025-03-21,8.64251397934252,8.287003487283316
MovingAverageTrend,test,2025-03-24,8.660006096471157,8.287003487283316
MovingAverageTrend,test,2025-03-25,8.661579191961811,8.287003487283316
MovingAverageTrend,test,2025-03-26,8.650359551604213,8.287003487283316
MovingAverageTrend,test,2025-03-27,8.64704709059708,8.287003487283316
MovingAverageTrend,test,2025-03-28,8.627112489470228,8.287003487283316
MovingAverageTrend,test,2025-03-31,8.632635729827873,8.287003487283316
MovingAverageTrend,test,2025-04-01,8.636409834383086,8.287003487283316
MovingAverageTrend,test,2025-04-02,8.64311549581257,8.287003487283316
MovingAverageTrend,test,2025-04-03,8.593509583983574,8.287003487283316
MovingAverageTrend,test,2025-04-04,8.531900522085342,8.287003487283316
MovingAverageTrend,test,2025-04-07,8.52956632747938,8.287003487283316
MovingAverageTrend,test,2025-04-08,8.513741244202324,8.287003487283316
MovingAverageTrend,test,2025-04-09,8.60463612403536,8.287003487283316
MovingAverageTrend,test,2025-04-10,8.56941551701125,8.287003487283316
MovingAverageTrend,test,2025-04-11,8.587345897847026,8.287003487283316
MovingAverageTrend,test,2025-04-14,8.59525921717337,8.287003487283316
MovingAverageTrend,test,2025-04-15,8.593529941948068,8.287003487283316
MovingAverageTrend,test,2025-04-16,8.570866687983166,8.287003487283316
MovingAverageTrend,test,2025-04-17,8.57219264660694,8.287003487283316
MovingAverageTrend,test,2025-04-21,8.54834299827292,8.287003487283316
MovingAverageTrend,test,2025-04-22,8.57314995039837,8.287003487283316
MovingAverageTrend,test,2025-04-23,8.58967381476525,8.287003487283316
MovingAverageTrend,test,2025-04-24,8.609730442847834,8.287003487283316
MovingAverageTrend,test,2025-04-25,8.617076527643535,8.287003487283316
MovingAverageTrend,test,2025-04-28,8.617717029182536,8.287003487283316
MovingAverageTrend,test,2025-04-29,8.623502670728094,8.287003487283316
MovingAverageTrend,test,2025-04-30,8.624981567980026,8.287003487283316
MovingAverageTrend,test,2025-05-01,8.631260913696478,8.287003487283316
MovingAverageTrend,test,2025-05-02,8.645880104805592,8.287003487283316
MovingAverageTrend,test,2025-05-05,8.639478057776273,8.287003487283316
MovingAverageTrend,test,2025-05-06,8.631755072497882,8.287003487283316
MovingAverageTrend,test,2025-05-07,8.63609201060459,8.287003487283316
MovingAverageTrend,test,2025-05-08,8.641875031752058,8.287003487283316
MovingAverageTrend,test,2025-05-09,8.641163297617181,8.287003487283316
MovingAverageTrend,test,2025-05-12,8.6732032742942,8.287003487283316
MovingAverageTrend,test,2025-05-13,8.680425333314448,8.287003487283316
MovingAverageTrend,test,2025-05-14,8.681449224556724,8.287003487283316
MovingAverageTrend,test,2025-05-15,8.68557304199548,8.287003487283316
MovingAverageTrend,test,2025-05-16,8.69255389136358,8.287003487283316
MovingAverageTrend,test,2025-05-19,8.69342962092963,8.287003487283316
MovingAverageTrend,test,2025-05-20,8.689541843860058,8.287003487283316
MovingAverageTrend,test,2025-05-21,8.673275124592298,8.287003487283316
MovingAverageTrend,test,2025-05-22,8.672830154569876,8.287003487283316
MovingAverageTrend,test,2025-05-23,8.666099254978404,8.287003487283316
MovingAverageTrend,test,2025-05-27,8.686351835780588,8.287003487283316
MovingAverageTrend,test,2025-05-28,8.680765033204143,8.287003487283316
MovingAverageTrend,test,2025-05-29,8.684768204074775,8.287003487283316
MovingAverageTrend,test,2025-05-30,8.68468701561778,8.287003487283316
MovingAverageTrend,test,2025-06-02,8.688780667108405,8.287003487283316
MovingAverageTrend,test,2025-06-03,8.694564200643775,8.287003487283316
MovingAverageTrend,test,2025-06-04,8.694637885388493,8.287003487283316
MovingAverageTrend,test,2025-06-05,8.689346527409796,8.287003487283316
MovingAverageTrend,test,2025-06-06,8.699574723625172,8.287003487283316
MovingAverageTrend,test,2025-06-09,8.700494248811564,8.287003487283316
MovingAverageTrend,test,2025-06-10,8.70596226135321,8.287003487283316
MovingAverageTrend,test,2025-06-11,8.703214601034924,8.287003487283316
MovingAverageTrend,test,2025-06-12,8.7070297341066,8.287003487283316
MovingAverageTrend,test,2025-06-13,8.695669065516498,8.287003487283316
MovingAverageTrend,test,2025-06-16,8.705017888664687,8.287003487283316
MovingAverageTrend,test,2025-06-17,8.696630628941042,8.287003487283316
MovingAverageTrend,test,2025-06-18,8.696321340906323,8.287003487283316
MovingAverageTrend,test,2025-06-20,8.694140305690734,8.287003487283316
MovingAverageTrend,test,2025-06-23,8.703700960761994,8.287003487283316
MovingAverageTrend,test,2025-06-24,8.714761289378952,8.287003487283316
MovingAverageTrend,test,2025-06-25,8.714758003270603,8.287003487283316
MovingAverageTrend,test,2025-06-26,8.72274613430312,8.287003487283316
MovingAverageTrend,test,2025-06-27,8.72795153355927,8.287003487283316
MovingAverageTrend,test,2025-06-30,8.7331026710654,8.287003487283316
MovingAverageTrend,test,2025-07-01,8.73198351395552,8.287003487283316
MovingAverageTrend,test,2025-07-02,8.73671738826201,8.287003487283316
MovingAverageTrend,test,2025-07-03,8.745021766472675,8.287003487283316
MovingAverageTrend,test,2025-07-07,8.73712839836843,8.287003487283316
MovingAverageTrend,test,2025-07-08,8.73641225511796,8.287003487283316
MovingAverageTrend,test,2025-07-09,8.74245605789474,8.287003487283316
MovingAverageTrend,test,2025-07-10,8.745198498967666,8.287003487283316
MovingAverageTrend,test,2025-07-11,8.74189552719444,8.287003487283316
MovingAverageTrend,test,2025-07-14,8.743301951525376,8.287003487283316
MovingAverageTrend,test,2025-07-15,8.739337806459705,8.287003487283316
MovingAverageTrend,test,2025-07-16,8.742526374985088,8.287003487283316
MovingAverageTrend,test,2025-07-17,8.7478857552251,8.287003487283316
MovingAverageTrend,test,2025-07-18,8.747795264922292,8.287003487283316
MovingAverageTrend,test,2025-07-21,8.749193421927965,8.287003487283316
MovingAverageTrend,test,2025-07-22,8.749830750424632,8.287003487283316
MovingAverageTrend,test,2025-07-23,8.757612282570335,8.287003487283316
MovingAverageTrend,test,2025-07-24,8.758310262567267,8.287003487283316
MovingAverageTrend,test,2025-07-25,8.762276713568948,8.287003487283316
MovingAverageTrend,test,2025-07-28,8.762453556040215,8.287003487283316
MovingAverageTrend,test,2025-07-29,8.759489725842748,8.287003487283316
MovingAverageTrend,test,2025-07-30,8.758239511904238,8.287003487283316
MovingAverageTrend,test,2025-07-31,8.754537849857863,8.287003487283316
MovingAverageTrend,test,2025-08-01,8.738416462672294,8.287003487283316
MovingAverageTrend,test,2025-08-04,8.753046027163709,8.287003487283316
MovingAverageTrend,test,2025-08-05,8.748176323383246,8.287003487283316
MovingAverageTrend,test,2025-08-06,8.7554318456031,8.287003487283316
MovingAverageTrend,test,2025-08-07,8.754634047431272,8.287003487283316
MovingAverageTrend,test,2025-08-08,8.762403502247661,8.287003487283316
MovingAverageTrend,test,2025-08-11,8.759896233853777,8.287003487283316
MovingAverageTrend,test,2025-08-12,8.771177792928947,8.287003487283316
MovingAverageTrend,test,2025-08-13,8.774402666312993,8.287003487283316
MovingAverageTrend,test,2025-08-14,8.774705711191547,8.287003487283316
MovingAverageTrend,test,2025-08-15,8.771804371275183,8.287003487283316
MovingAverageTrend,test,2025-08-18,8.771703603017446,8.287003487283316
MovingAverageTrend,test,2025-08-19,8.765828273905239,8.287003487283316
MovingAverageTrend,test,2025-08-20,8.763393643272975,8.287003487283316
MovingAverageTrend,test,2025-08-21,8.759381423544024,8.287003487283316
MovingAverageTrend,test,2025-08-22,8.774453708702803,8.287003487283316
MovingAverageTrend,test,2025-08-25,8.770178196163156,8.287003487283316
MovingAverageTrend,test,2025-08-26,8.774303669873273,8.287003487283316
MovingAverageTrend,test,2025-08-27,8.776691800326576,8.287003487283316
MovingAverageTrend,test,2025-08-28,8.779843547768042,8.287003487283316
MovingAverageTrend,test,2025-08-29,8.77342480736525,8.287003487283316
MovingAverageTrend,test,2025-09-02,8.766478457304219,8.287003487283316
MovingAverageTrend,test,2025-09-03,8.77156556960716,8.287003487283316
MovingAverageTrend,test,2025-09-04,8.779877416710034,8.287003487283316
MovingAverageTrend,test,2025-09-05,8.776707244040098,8.287003487283316
MovingAverageTrend,test,2025-09-08,8.778811008490987,8.287003487283316
MovingAverageTrend,test,2025-09-09,8.78149555552106,8.287003487283316
MovingAverageTrend,test,2025-09-10,8.784474583750457,8.287003487283316
MovingAverageTrend,test,2025-09-11,8.792924671373552,8.287003487283316
MovingAverageTrend,test,2025-09-12,8.792441793492124,8.287003487283316
MovingAverageTrend,test,2025-09-15,8.797137371218684,8.287003487283316
MovingAverageTrend,test,2025-09-16,8.795848610785352,8.287003487283316
MovingAverageTrend,test,2025-09-17,8.794877971707107,8.287003487283316
MovingAverageTrend,test,2025-09-18,8.799655659543815,8.287003487283316
MovingAverageTrend,test,2025-09-19,8.804529183481296,8.287003487283316
MovingAverageTrend,test,2025-09-22,8.808929534196059,8.287003487283316
MovingAverageTrend,test,2025-09-23,8.80341218236732,8.287003487283316
MovingAverageTrend,test,2025-09-24,8.800561505202024,8.287003487283316
MovingAverageTrend,test,2025-09-25,8.795539856459497,8.287003487283316
MovingAverageTrend,test,2025-09-26,8.801424345589911,8.287003487283316
MovingAverageTrend,test,2025-09-29,8.804056422849824,8.287003487283316
MovingAverageTrend,test,2025-09-30,8.808138926463332,8.287003487283316
MovingAverageTrend,test,2025-10-01,8.811533080634556,8.287003487283316
MovingAverageTrend,test,2025-10-02,8.812151244255938,8.287003487283316
MovingAverageTrend,test,2025-10-03,8.812216754912805,8.287003487283316
MovingAverageTrend,test,2025-10-06,8.815856714195567,8.287003487283316
MovingAverageTrend,test,2025-10-07,8.812038026488715,8.287003487283316
MovingAverageTrend,test,2025-10-08,8.817848774982902,8.287003487283316
MovingAverageTrend,test,2025-10-09,8.815089401002624,8.287003487283316
MovingAverageTrend,test,2025-10-10,8.787603425562724,8.287003487283316
MovingAverageTrend,test,2025-10-13,8.803081688599658,8.287003487283316
MovingAverageTrend,test,2025-10-14,8.801516137102714,8.287003487283316
MovingAverageTrend,test,2025-10-15,8.805534055606143,8.287003487283316
MovingAverageTrend,test,2025-10-16,8.799219775331,8.287003487283316
MovingAverageTrend,test,2025-10-17,8.804476649275527,8.287003487283316
MovingAverageTrend,test,2025-10-20,8.815092373411671,8.287003487283316
MovingAverageTrend,test,2025-10-21,8.815125069328088,8.287003487283316
MovingAverageTrend,test,2025-10-22,8.809773234553345,8.287003487283316
MovingAverageTrend,test,2025-10-23,8.815583714415359,8.287003487283316
MovingAverageTrend,test,2025-10-24,8.823455076390603,8.287003487283316
MovingAverageTrend,test,2025-10-27,8.835670217717983,8.287003487283316
MovingAverageTrend,test,2025-10-28,8.837955548220213,8.287003487283316
MovingAverageTrend,test,2025-10-29,8.83791196901548,8.287003487283316
MovingAverageTrend,test,2025-10-30,8.827957777590944,8.287003487283316
MovingAverageTrend,test,2025-10-31,8.830572278508829,8.287003487283316
MovingAverageTrend,test,2025-11-03,8.832291512505746,8.287003487283316
MovingAverageTrend,test,2025-11-04,8.820485262113419,8.287003487283316
MovingAverageTrend,test,2025-11-05,8.824132159789107,8.287003487283316
MovingAverageTrend,test,2025-11-06,8.812891025274384,8.287003487283316
MovingAverageTrend,test,2025-11-07,8.814152071621878,8.287003487283316
MovingAverageTrend,test,2025-11-10,8.82943569832538,8.287003487283316
MovingAverageTrend,test,2025-11-11,8.831508898277772,8.287003487283316
MovingAverageTrend,test,2025-11-12,8.832138217403717,8.287003487283316
MovingAverageTrend,test,2025-11-13,8.815442765772788,8.287003487283316
MovingAverageTrend,test,2025-11-14,8.814940914301516,8.287003487283316
MovingAverageTrend,test,2025-11-17,8.805736416407212,8.287003487283316
MovingAverageTrend,test,2025-11-18,8.797445706563042,8.287003487283316
MovingAverageTrend,test,2025-11-19,8.801192514300308,8.287003487283316
MovingAverageTrend,test,2025-11-20,8.785502788183992,8.287003487283316
MovingAverageTrend,test,2025-11-21,8.795277891225584,8.287003487283316
MovingAverageTrend,test,2025-11-24,8.810626710124666,8.287003487283316
MovingAverageTrend,test,2025-11-25,8.819647596125499,8.287003487283316
MovingAverageTrend,test,2025-11-26,8.826530565561649,8.287003487283316
MovingAverageTrend,test,2025-11-28,8.831871052902786,8.287003487283316
MovingAverageTrend,test,2025-12-01,8.82653350415673,8.287003487283316
MovingAverageTrend,test,2025-12-02,8.828987725352667,8.287003487283316
MovingAverageTrend,test,2025-12-03,8.831963085873753,8.287003487283316
MovingAverageTrend,test,2025-12-04,8.833042824585727,8.287003487283316
MovingAverageTrend,test,2025-12-05,8.834977593470406,8.287003487283316
MovingAverageTrend,test,2025-12-08,8.831494278138758,8.287003487283316
MovingAverageTrend,test,2025-12-09,8.830617534977744,8.287003487283316
MovingAverageTrend,test,2025-12-10,8.837344415636885,8.287003487283316
MovingAverageTrend,test,2025-12-11,8.839421607620602,8.287003487283316
MovingAverageTrend,test,2025-12-12,8.828700694162047,8.287003487283316
MovingAverageTrend,test,2025-12-15,8.82710285527021,8.287003487283316
MovingAverageTrend,test,2025-12-16,8.82471609126177,8.287003487283316
MovingAverageTrend,test,2025-12-17,8.8130562346504,8.287003487283316
MovingAverageTrend,test,2025-12-18,8.820959186170878,8.287003487283316
MovingAverageTrend,test,2025-12-19,8.829738593592708,8.287003487283316
MovingAverageTrend,test,2025-12-22,8.836154464168269,8.287003487283316
MovingAverageTrend,test,2025-12-23,8.840694531215059,8.287003487283316
MovingAverageTrend,test,2025-12-24,8.84391083555976,8.287003487283316
MovingAverageTrend,test,2025-12-26,8.84360642568265,8.287003487283316
MovingAverageTrend,test,2025-12-29,8.840108262758713,8.287003487283316
MovingAverageTrend,test,2025-12-30,8.838731648508059,8.287003487283316
MovingAverageTrend,test,2025-12-31,8.83134678107381,8.287003487283316
MovingAverageTrend,test,2026-01-02,8.833239695099927,8.287003487283316
MovingAverageTrend,test,2026-01-05,8.839573719610978,8.287003487283316
MovingAverageTrend,test,2026-01-06,8.84575131161487,8.287003487283316
MovingAverageTrend,test,2026-01-07,8.842305458043862,8.287003487283316
MovingAverageTrend,test,2026-01-08,8.842382003373285,8.287003487283316
MovingAverageTrend,test,2026-01-09,8.848836614511605,8.287003487283316
MovingAverageTrend,test,2026-01-12,8.850413004570786,8.287003487283316
MovingAverageTrend,test,2026-01-13,8.848471998982578,8.287003487283316
MovingAverageTrend,test,2026-01-14,8.843124365398443,8.287003487283316
MovingAverageTrend,test,2026-01-15,8.845700969318887,8.287003487283316
MovingAverageTrend,test,2026-01-16,8.845058460650437,8.287003487283316
MovingAverageTrend,test,2026-01-20,8.824215999697175,8.287003487283316
MovingAverageTrend,test,2026-01-21,8.835737117330735,8.287003487283316
MovingAverageTrend,test,2026-01-22,8.841209618038638,8.287003487283316
MovingAverageTrend,test,2026-01-23,8.84153643446612,8.287003487283316
MovingAverageTrend,test,2026-01-26,8.84653002872628,8.287003487283316
MovingAverageTrend,test,2026-01-27,8.85060361656672,8.287003487283316
MovingAverageTrend,test,2026-01-28,8.85052189017502,8.287003487283316
MovingAverageTrend,test,2026-01-29,8.849228422732558,8.287003487283316
MovingAverageTrend,test,2026-01-30,8.8449172433181,8.287003487283316
MovingAverageTrend,test,2026-02-02,8.850294028595464,8.287003487283316
MovingAverageTrend,test,2026-02-03,8.8418545330048,8.287003487283316
MovingAverageTrend,test,2026-02-04,8.836769232849786,8.287003487283316
MovingAverageTrend,test,2026-02-05,8.824442554995954,8.287003487283316
MovingAverageTrend,test,2026-02-06,8.843946899278155,8.287003487283316
MovingAverageTrend,test,2026-02-09,8.848627017138277,8.287003487283316
MovingAverageTrend,test,2026-02-10,8.845317834853768,8.287003487283316
MovingAverageTrend,test,2026-02-11,8.845268877583818,8.287003487283316
MovingAverageTrend,test,2026-02-12,8.8294839361977,8.287003487283316
MovingAverageTrend,test,2026-02-13,8.829982900842147,8.287003487283316
MovingAverageTrend,test,2026-02-17,8.831013691472803,8.287003487283316
MovingAverageTrend,test,2026-02-18,8.836564328293939,8.287003487283316
MovingAverageTrend,test,2026-02-19,8.833738212902404,8.287003487283316
MovingAverageTrend,test,2026-02-20,8.840653968604578,8.287003487283316
MovingAverageTrend,test,2026-02-23,8.830214009133122,8.287003487283316
MovingAverageTrend,test,2026-02-24,8.837836498095506,8.287003487283316
MovingAverageTrend,test,2026-02-25,8.845939932065635,8.287003487283316
MovingAverageTrend,test,2026-02-26,8.840559905070068,8.287003487283316
MovingAverageTrend,test,2026-02-27,8.836211109942031,8.287003487283316
MovingAverageTrend,test,2026-03-02,8.836609385355166,8.287003487283316
MovingAverageTrend,test,2026-03-03,8.827120476623854,8.287003487283316
MovingAverageTrend,test,2026-03-04,8.834846602364003,8.287003487283316
MovingAverageTrend,test,2026-03-05,8.8291838945913,8.287003487283316
MovingAverageTrend,test,2026-03-06,8.815818174158803,8.287003487283316
MovingAverageTrend,test,2026-03-09,8.824088045824192,8.287003487283316
MovingAverageTrend,test,2026-03-10,8.821950643318305,8.287003487283316
MovingAverageTrend,test,2026-03-11,8.821112691132669,8.287003487283316
MovingAverageTrend,test,2026-03-12,8.805767882943176,8.287003487283316
MovingAverageTrend,test,2026-03-13,8.799690336544673,8.287003487283316
MovingAverageTrend,test,2026-03-16,8.809770246291492,8.287003487283316
MovingAverageTrend,test,2026-03-17,8.812261395676446,8.287003487283316
MovingAverageTrend,test,2026-03-18,8.798560396292714,8.287003487283316
MovingAverageTrend,test,2026-03-19,8.795807813668816,8.287003487283316
MovingAverageTrend,test,2026-03-20,8.780553879361046,8.287003487283316
MovingAverageTrend,test,2026-03-23,8.791941988456118,8.287003487283316
MovingAverageTrend,test,2026-03-24,8.788192392996798,8.287003487283316
MovingAverageTrend,test,2026-03-25,8.793596886756747,8.287003487283316
MovingAverageTrend,test,2026-03-26,8.776037445795538,8.287003487283316
MovingAverageTrend,test,2026-03-27,8.759174213849487,8.287003487283316
MovingAverageTrend,test,2026-03-30,8.75522066001613,8.287003487283316
MovingAverageTrend,test,2026-03-31,8.78393555332593,8.287003487283316
MovingAverageTrend,test,2026-04-01,8.79107849832969,8.287003487283316
MovingAverageTrend,test,2026-04-02,8.792198746465926,8.287003487283316
MovingAverageTrend,test,2026-04-06,8.79661575959753,8.287003487283316
MovingAverageTrend,test,2026-04-07,8.797374719630659,8.287003487283316
MovingAverageTrend,test,2026-04-08,8.822146757987843,8.287003487283316
MovingAverageTrend,test,2026-04-09,8.828297824857357,8.287003487283316
MovingAverageTrend,test,2026-04-10,8.827158655158216,8.287003487283316
MovingAverageTrend,test,2026-04-13,8.837280530651958,8.287003487283316
MovingAverageTrend,test,2026-04-14,8.848994519568102,8.287003487283316
MovingAverageTrend,test,2026-04-15,8.856938664479667,8.287003487283316
MovingAverageTrend,test,2026-04-16,8.859545220294953,8.287003487283316
MovingAverageTrend,test,2026-04-17,8.87151377422369,8.287003487283316
MovingAverageTrend,test,2026-04-20,8.869136578313439,8.287003487283316
MovingAverageTrend,test,2026-04-21,8.862768124732586,8.287003487283316
MovingAverageTrend,test,2026-04-22,8.873173880744122,8.287003487283316
MovingAverageTrend,test,2026-04-23,8.869032448573183,8.287003487283316
MovingAverageTrend,test,2026-04-24,8.876974516490815,8.287003487283316
MovingAverageTrend,test,2026-04-27,8.878206134491366,8.287003487283316
MovingAverageTrend,test,2026-04-28,8.87329994662257,8.287003487283316
MovingAverageTrend,test,2026-04-29,8.872900694879057,8.287003487283316
MovingAverageTrend,test,2026-04-30,8.883086879047163,8.287003487283316
MovingAverageTrend,test,2026-05-01,8.886010928733684,8.287003487283316
MovingAverageTrend,test,2026-05-04,8.881940466245842,8.287003487283316
MovingAverageTrend,test,2026-05-05,8.890027693626418,8.287003487283316
MovingAverageTrend,test,2026-05-06,8.904510637954164,8.287003487283316
MovingAverageTrend,test,2026-05-07,8.900700292471486,8.287003487283316
MovingAverageTrend,test,2026-05-08,8.909090697900519,8.287003487283316
MovingAverageTrend,test,2026-05-11,8.910968889641193,8.287003487283316
MovingAverageTrend,test,2026-05-12,8.909364995229785,8.287003487283316
MovingAverageTrend,test,2026-05-13,8.91519720129278,8.287003487283316
MovingAverageTrend,test,2026-05-14,8.92282365043652,8.287003487283316
MovingAverageTrend,test,2026-05-15,8.91038326864879,8.287003487283316
MovingAverageTrend,test,2026-05-18,8.909647330056224,8.287003487283316
MovingAverageTrend,test,2026-05-19,8.902946609499553,8.287003487283316
MovingAverageTrend,test,2026-05-20,8.91368081756588,8.287003487283316
MovingAverageTrend,test,2026-05-21,8.915394678497545,8.287003487283316
MovingAverageTrend,test,2026-05-22,8.919114723781886,8.287003487283316
MovingAverageTrend,test,2026-05-26,8.925204404405033,8.287003487283316
MovingAverageTrend,test,2026-05-27,8.925369269958653,8.287003487283316
MovingAverageTrend,test,2026-05-28,8.93110649717087,8.287003487283316
MovingAverageTrend,test,2026-05-29,8.933276401902356,8.287003487283316
MovingAverageTrend,test,2026-06-01,8.935898257962847,8.287003487283316
MovingAverageTrend,test,2026-06-02,8.937189512875436,8.287003487283316
ExponentialSmoothingTrend,validation,2019-11-04,8.032123036194836,8.01684065259839
ExponentialSmoothingTrend,validation,2019-11-05,8.030936633483016,8.01684065259839
ExponentialSmoothingTrend,validation,2019-11-06,8.031638884075305,8.01684065259839
ExponentialSmoothingTrend,validation,2019-11-07,8.034365259319586,8.01684065259839
ExponentialSmoothingTrend,validation,2019-11-08,8.036922662464702,8.01684065259839
ExponentialSmoothingTrend,validation,2019-11-11,8.034958267051364,8.01684065259839
ExponentialSmoothingTrend,validation,2019-11-12,8.036521690352627,8.01684065259839
ExponentialSmoothingTrend,validation,2019-11-13,8.037232971922744,8.01684065259839
ExponentialSmoothingTrend,validation,2019-11-14,8.0380696645372,8.01684065259839
ExponentialSmoothingTrend,validation,2019-11-15,8.045735693315173,8.01684065259839
ExponentialSmoothingTrend,validation,2019-11-18,8.046238719637984,8.01684065259839
ExponentialSmoothingTrend,validation,2019-11-19,8.04564594953829,8.01684065259839
ExponentialSmoothingTrend,validation,2019-11-20,8.04188269311735,8.01684065259839
ExponentialSmoothingTrend,validation,2019-11-21,8.04029868703116,8.01684065259839
ExponentialSmoothingTrend,validation,2019-11-22,8.042471260973537,8.01684065259839
ExponentialSmoothingTrend,validation,2019-11-25,8.049950512861004,8.01684065259839
ExponentialSmoothingTrend,validation,2019-11-26,8.052143676505944,8.01684065259839
ExponentialSmoothingTrend,validation,2019-11-27,8.056309412131244,8.01684065259839
ExponentialSmoothingTrend,validation,2019-11-29,8.052290125901255,8.01684065259839
ExponentialSmoothingTrend,validation,2019-12-02,8.04362164220729,8.01684065259839
ExponentialSmoothingTrend,validation,2019-12-03,8.036961416949246,8.01684065259839
ExponentialSmoothingTrend,validation,2019-12-04,8.043265074558017,8.01684065259839
ExponentialSmoothingTrend,validation,2019-12-05,8.044764201484647,8.01684065259839
ExponentialSmoothingTrend,validation,2019-12-06,8.053858447515072,8.01684065259839
ExponentialSmoothingTrend,validation,2019-12-09,8.050690613830596,8.01684065259839
ExponentialSmoothingTrend,validation,2019-12-10,8.049593077661614,8.01684065259839
ExponentialSmoothingTrend,validation,2019-12-11,8.052497015190964,8.01684065259839
ExponentialSmoothingTrend,validation,2019-12-12,8.06103568256652,8.01684065259839
ExponentialSmoothingTrend,validation,2019-12-13,8.061108261716734,8.01684065259839
ExponentialSmoothingTrend,validation,2019-12-16,8.068230622659277,8.01684065259839
ExponentialSmoothingTrend,validation,2019-12-17,8.068565858687737,8.01684065259839
ExponentialSmoothingTrend,validation,2019-12-18,8.068133465047215,8.01684065259839
ExponentialSmoothingTrend,validation,2019-12-19,8.07258284386908,8.01684065259839
ExponentialSmoothingTrend,validation,2019-12-20,8.077515439673414,8.01684065259839
ExponentialSmoothingTrend,validation,2019-12-23,8.078381208387713,8.01684065259839
ExponentialSmoothingTrend,validation,2019-12-24,8.078185741085244,8.01684065259839
ExponentialSmoothingTrend,validation,2019-12-26,8.083300803495298,8.01684065259839
ExponentialSmoothingTrend,validation,2019-12-27,8.083334787634955,8.01684065259839
ExponentialSmoothingTrend,validation,2019-12-30,8.077537191555606,8.01684065259839
ExponentialSmoothingTrend,validation,2019-12-31,8.080478882199797,8.01684065259839
ExponentialSmoothingTrend,validation,2020-01-02,8.088822777562113,8.01684065259839
ExponentialSmoothingTrend,validation,2020-01-03,8.081737868197159,8.01684065259839
ExponentialSmoothingTrend,validation,2020-01-06,8.085265013391432,8.01684065259839
ExponentialSmoothingTrend,validation,2020-01-07,8.082457838306837,8.01684065259839
ExponentialSmoothingTrend,validation,2020-01-08,8.087348311792478,8.01684065259839
ExponentialSmoothingTrend,validation,2020-01-09,8.093981525909385,8.01684065259839
ExponentialSmoothingTrend,validation,2020-01-10,8.091122263421878,8.01684065259839
ExponentialSmoothingTrend,validation,2020-01-13,8.098074257467813,8.01684065259839
ExponentialSmoothingTrend,validation,2020-01-14,8.096558576630917,8.01684065259839
ExponentialSmoothingTrend,validation,2020-01-15,8.098427026874605,8.01684065259839
ExponentialSmoothingTrend,validation,2020-01-16,8.106758774296837,8.01684065259839
ExponentialSmoothingTrend,validation,2020-01-17,8.110613497544321,8.01684065259839
ExponentialSmoothingTrend,validation,2020-01-21,8.107957997174736,8.01684065259839
ExponentialSmoothingTrend,validation,2020-01-22,8.108247031471418,8.01684065259839
ExponentialSmoothingTrend,validation,2020-01-23,8.109387357664776,8.01684065259839
ExponentialSmoothingTrend,validation,2020-01-24,8.100304068238582,8.01684065259839
ExponentialSmoothingTrend,validation,2020-01-27,8.084448315881739,8.01684065259839
ExponentialSmoothingTrend,validation,2020-01-28,8.094451699382091,8.01684065259839
ExponentialSmoothingTrend,validation,2020-01-29,8.093584449238506,8.01684065259839
ExponentialSmoothingTrend,validation,2020-01-30,8.096713906168716,8.01684065259839
ExponentialSmoothingTrend,validation,2020-01-31,8.078849462597354,8.01684065259839
ExponentialSmoothingTrend,validation,2020-02-03,8.086077888358586,8.01684065259839
ExponentialSmoothingTrend,validation,2020-02-04,8.100947204276093,8.01684065259839
ExponentialSmoothingTrend,validation,2020-02-05,8.112134982935066,8.01684065259839
ExponentialSmoothingTrend,validation,2020-02-06,8.115455137992068,8.01684065259839
ExponentialSmoothingTrend,validation,2020-02-07,8.110039646982608,8.01684065259839
ExponentialSmoothingTrend,validation,2020-02-10,8.117339337103182,8.01684065259839
ExponentialSmoothingTrend,validation,2020-02-11,8.119026385789185,8.01684065259839
ExponentialSmoothingTrend,validation,2020-02-12,8.125468238894388,8.01684065259839
ExponentialSmoothingTrend,validation,2020-02-13,8.123836462534399,8.01684065259839
ExponentialSmoothingTrend,validation,2020-02-14,8.125678298632884,8.01684065259839
ExponentialSmoothingTrend,validation,2020-02-18,8.122754084646736,8.01684065259839
ExponentialSmoothingTrend,validation,2020-02-19,8.127448832931021,8.01684065259839
ExponentialSmoothingTrend,validation,2020-02-20,8.123626015503024,8.01684065259839
ExponentialSmoothingTrend,validation,2020-02-21,8.113052206270204,8.01684065259839
ExponentialSmoothingTrend,validation,2020-02-24,8.078964126849764,8.01684065259839
ExponentialSmoothingTrend,validation,2020-02-25,8.04821622247441,8.01684065259839
ExponentialSmoothingTrend,validation,2020-02-26,8.044430525150881,8.01684065259839
ExponentialSmoothingTrend,validation,2020-02-27,7.999262388798619,8.01684065259839
ExponentialSmoothingTrend,validation,2020-02-28,7.990989925688966,8.01684065259839
ExponentialSmoothingTrend,validation,2020-03-02,8.03600079445838,8.01684065259839
ExponentialSmoothingTrend,validation,2020-03-03,8.007490309535465,8.01684065259839
ExponentialSmoothingTrend,validation,2020-03-04,8.048826658896099,8.01684065259839
ExponentialSmoothingTrend,validation,2020-03-05,8.014315876456116,8.01684065259839
ExponentialSmoothingTrend,validation,2020-03-06,7.997114932803731,8.01684065259839
ExponentialSmoothingTrend,validation,2020-03-09,7.918104519863359,8.01684065259839
ExponentialSmoothingTrend,validation,2020-03-10,7.966319572289218,8.01684065259839
ExponentialSmoothingTrend,validation,2020-03-11,7.916216679480613,8.01684065259839
ExponentialSmoothingTrend,validation,2020-03-12,7.81627182707814,8.01684065259839
ExponentialSmoothingTrend,validation,2020-03-13,7.905080234027375,8.01684065259839
ExponentialSmoothingTrend,validation,2020-03-16,7.777428036554558,8.01684065259839
ExponentialSmoothingTrend,validation,2020-03-17,7.83565434919025,8.01684065259839
ExponentialSmoothingTrend,validation,2020-03-18,7.78243207685817,8.01684065259839
ExponentialSmoothingTrend,validation,2020-03-19,7.787128837828571,8.01684065259839
ExponentialSmoothingTrend,validation,2020-03-20,7.742801213775204,8.01684065259839
ExponentialSmoothingTrend,validation,2020-03-23,7.713069712765627,8.01684065259839
ExponentialSmoothingTrend,validation,2020-03-24,7.80275294528359,8.01684065259839
ExponentialSmoothingTrend,validation,2020-03-25,7.8142219357044125,8.01684065259839
ExponentialSmoothingTrend,validation,2020-03-26,7.874765766778659,8.01684065259839
ExponentialSmoothingTrend,validation,2020-03-27,7.840497921237032,8.01684065259839
ExponentialSmoothingTrend,validation,2020-03-30,7.873464511807008,8.01684065259839
ExponentialSmoothingTrend,validation,2020-03-31,7.857322201018592,8.01684065259839
ExponentialSmoothingTrend,validation,2020-04-01,7.812175838285805,8.01684065259839
ExponentialSmoothingTrend,validation,2020-04-02,7.834748495342765,8.01684065259839
ExponentialSmoothingTrend,validation,2020-04-03,7.81949563451682,8.01684065259839
ExponentialSmoothingTrend,validation,2020-04-06,7.887463878661651,8.01684065259839
ExponentialSmoothingTrend,validation,2020-04-07,7.885859539613288,8.01684065259839
ExponentialSmoothingTrend,validation,2020-04-08,7.919348910804573,8.01684065259839
ExponentialSmoothingTrend,validation,2020-04-09,7.933732381108273,8.01684065259839
ExponentialSmoothingTrend,validation,2020-04-13,7.923576321663596,8.01684065259839
ExponentialSmoothingTrend,validation,2020-04-14,7.953690881235903,8.01684065259839
ExponentialSmoothingTrend,validation,2020-04-15,7.931414148563534,8.01684065259839
ExponentialSmoothingTrend,validation,2020-04-16,7.9372139864030755,8.01684065259839
ExponentialSmoothingTrend,validation,2020-04-17,7.963654918424396,8.01684065259839
ExponentialSmoothingTrend,validation,2020-04-20,7.945612072809048,8.01684065259839
ExponentialSmoothingTrend,validation,2020-04-21,7.914456957572717,8.01684065259839
ExponentialSmoothingTrend,validation,2020-04-22,7.937128258154854,8.01684065259839
ExponentialSmoothingTrend,validation,2020-04-23,7.936588690494658,8.01684065259839
ExponentialSmoothingTrend,validation,2020-04-24,7.950410781061498,8.01684065259839
ExponentialSmoothingTrend,validation,2020-04-27,7.965017649243234,8.01684065259839
ExponentialSmoothingTrend,validation,2020-04-28,7.95976147905275,8.01684065259839
ExponentialSmoothingTrend,validation,2020-04-29,7.985998183097823,8.01684065259839
ExponentialSmoothingTrend,validation,2020-04-30,7.976743039778769,8.01684065259839
ExponentialSmoothingTrend,validation,2020-05-01,7.948282828763992,8.01684065259839
ExponentialSmoothingTrend,validation,2020-05-04,7.952523651342842,8.01684065259839
ExponentialSmoothingTrend,validation,2020-05-05,7.961523586540622,8.01684065259839
ExponentialSmoothingTrend,validation,2020-05-06,7.954519706141579,8.01684065259839
ExponentialSmoothingTrend,validation,2020-05-07,7.96595866189647,8.01684065259839
ExponentialSmoothingTrend,validation,2020-05-08,7.982689456961696,8.01684065259839
ExponentialSmoothingTrend,validation,2020-05-11,7.982822526328487,8.01684065259839
ExponentialSmoothingTrend,validation,2020-05-12,7.962109160556439,8.01684065259839
ExponentialSmoothingTrend,validation,2020-05-13,7.944492163932159,8.01684065259839
ExponentialSmoothingTrend,validation,2020-05-14,7.955951081736231,8.01684065259839
ExponentialSmoothingTrend,validation,2020-05-15,7.959869756939954,8.01684065259839
ExponentialSmoothingTrend,validation,2020-05-18,7.990884965710027,8.01684065259839
ExponentialSmoothingTrend,validation,2020-05-19,7.980345217998428,8.01684065259839
ExponentialSmoothingTrend,validation,2020-05-20,7.996859208611843,8.01684065259839
ExponentialSmoothingTrend,validation,2020-05-21,7.98905524030189,8.01684065259839
ExponentialSmoothingTrend,validation,2020-05-22,7.991406185988702,8.01684065259839
ExponentialSmoothingTrend,validation,2020-05-26,8.003620471010162,8.01684065259839
ExponentialSmoothingTrend,validation,2020-05-27,8.018338918500477,8.01684065259839
ExponentialSmoothingTrend,validation,2020-05-28,8.016228779175558,8.01684065259839
ExponentialSmoothingTrend,validation,2020-05-29,8.021029572727866,8.01684065259839
ExponentialSmoothingTrend,validation,2020-06-01,8.024773789206229,8.01684065259839
ExponentialSmoothingTrend,validation,2020-06-02,8.03295109648863,8.01684065259839
ExponentialSmoothingTrend,validation,2020-06-03,8.046507767301192,8.01684065259839
ExponentialSmoothingTrend,validation,2020-06-04,8.043133378217583,8.01684065259839
ExponentialSmoothingTrend,validation,2020-06-05,8.06900739103922,8.01684065259839
ExponentialSmoothingTrend,validation,2020-06-08,8.080977047445025,8.01684065259839
ExponentialSmoothingTrend,validation,2020-06-09,8.073147304025303,8.01684065259839
ExponentialSmoothingTrend,validation,2020-06-10,8.067820048290121,8.01684065259839
ExponentialSmoothingTrend,validation,2020-06-11,8.007067355293833,8.01684065259839
ExponentialSmoothingTrend,validation,2020-06-12,8.020043641899044,8.01684065259839
ExponentialSmoothingTrend,validation,2020-06-15,8.028321502717219,8.01684065259839
ExponentialSmoothingTrend,validation,2020-06-16,8.04710635558393,8.01684065259839
ExponentialSmoothingTrend,validation,2020-06-17,8.0434995593513,8.01684065259839
ExponentialSmoothingTrend,validation,2020-06-18,8.044093602755103,8.01684065259839
ExponentialSmoothingTrend,validation,2020-06-19,8.038428089189429,8.01684065259839
ExponentialSmoothingTrend,validation,2020-06-22,8.044902182486087,8.01684065259839
ExponentialSmoothingTrend,validation,2020-06-23,8.049200351677571,8.01684065259839
ExponentialSmoothingTrend,validation,2020-06-24,8.023005086081909,8.01684065259839
ExponentialSmoothingTrend,validation,2020-06-25,8.033904913810126,8.01684065259839
ExponentialSmoothingTrend,validation,2020-06-26,8.009379709535295,8.01684065259839
ExponentialSmoothingTrend,validation,2020-06-29,8.023958597648829,8.01684065259839
ExponentialSmoothingTrend,validation,2020-06-30,8.039250947084584,8.01684065259839
ExponentialSmoothingTrend,validation,2020-07-01,8.044260511060456,8.01684065259839
ExponentialSmoothingTrend,validation,2020-07-02,8.048791481537272,8.01684065259839
ExponentialSmoothingTrend,validation,2020-07-06,8.064548412369435,8.01684065259839
ExponentialSmoothingTrend,validation,2020-07-07,8.053670934499792,8.01684065259839
ExponentialSmoothingTrend,validation,2020-07-08,8.061467920763222,8.01684065259839
ExponentialSmoothingTrend,validation,2020-07-09,8.055808329287027,8.01684065259839
ExponentialSmoothingTrend,validation,2020-07-10,8.066220139061471,8.01684065259839
ExponentialSmoothingTrend,validation,2020-07-13,8.056813493845413,8.01684065259839
ExponentialSmoothingTrend,validation,2020-07-14,8.070130794428316,8.01684065259839
ExponentialSmoothingTrend,validation,2020-07-15,8.07917185136467,8.01684065259839
ExponentialSmoothingTrend,validation,2020-07-16,8.075759936150556,8.01684065259839
ExponentialSmoothingTrend,validation,2020-07-17,8.07860449873814,8.01684065259839
ExponentialSmoothingTrend,validation,2020-07-20,8.08697629599328,8.01684065259839
ExponentialSmoothingTrend,validation,2020-07-21,8.08865392532784,8.01684065259839
ExponentialSmoothingTrend,validation,2020-07-22,8.094384555922312,8.01684065259839
ExponentialSmoothingTrend,validation,2020-07-23,8.081988177510066,8.01684065259839
ExponentialSmoothingTrend,validation,2020-07-24,8.07577853748579,8.01684065259839
ExponentialSmoothingTrend,validation,2020-07-27,8.083146466307273,8.01684065259839
ExponentialSmoothingTrend,validation,2020-07-28,8.076652030888626,8.01684065259839
ExponentialSmoothingTrend,validation,2020-07-29,8.08900381424037,8.01684065259839
ExponentialSmoothingTrend,validation,2020-07-30,8.085246512476914,8.01684065259839
ExponentialSmoothingTrend,validation,2020-07-31,8.09288774871909,8.01684065259839
ExponentialSmoothingTrend,validation,2020-08-03,8.10004311138345,8.01684065259839
ExponentialSmoothingTrend,validation,2020-08-04,8.103648534409583,8.01684065259839
ExponentialSmoothingTrend,validation,2020-08-05,8.1100576948451,8.01684065259839
ExponentialSmoothingTrend,validation,2020-08-06,8.116464820865765,8.01684065259839
ExponentialSmoothingTrend,validation,2020-08-07,8.117097650135722,8.01684065259839
ExponentialSmoothingTrend,validation,2020-08-10,8.119836115409115,8.01684065259839
ExponentialSmoothingTrend,validation,2020-08-11,8.111835060007737,8.01684065259839
ExponentialSmoothingTrend,validation,2020-08-12,8.12573456230135,8.01684065259839
ExponentialSmoothingTrend,validation,2020-08-13,8.123685289625193,8.01684065259839
ExponentialSmoothingTrend,validation,2020-08-14,8.123513392228915,8.01684065259839
ExponentialSmoothingTrend,validation,2020-08-17,8.126219569736339,8.01684065259839
ExponentialSmoothingTrend,validation,2020-08-18,8.128520310156155,8.01684065259839
ExponentialSmoothingTrend,validation,2020-08-19,8.124106186810973,8.01684065259839
ExponentialSmoothingTrend,validation,2020-08-20,8.127259841579319,8.01684065259839
ExponentialSmoothingTrend,validation,2020-08-21,8.130695041562293,8.01684065259839
ExponentialSmoothingTrend,validation,2020-08-24,8.140688656927194,8.01684065259839
ExponentialSmoothingTrend,validation,2020-08-25,8.144278556672734,8.01684065259839
ExponentialSmoothingTrend,validation,2020-08-26,8.154422558017577,8.01684065259839
ExponentialSmoothingTrend,validation,2020-08-27,8.156094204049387,8.01684065259839
ExponentialSmoothingTrend,validation,2020-08-28,8.162804206898956,8.01684065259839
ExponentialSmoothingTrend,validation,2020-08-31,8.160606831723447,8.01684065259839
ExponentialSmoothingTrend,validation,2020-09-01,8.168103663144153,8.01684065259839
ExponentialSmoothingTrend,validation,2020-09-02,8.183352713288023,8.01684065259839
ExponentialSmoothingTrend,validation,2020-09-03,8.147595119145837,8.01684065259839
ExponentialSmoothingTrend,validation,2020-09-04,8.139428838391563,8.01684065259839
ExponentialSmoothingTrend,validation,2020-09-08,8.111280009305096,8.01684065259839
ExponentialSmoothingTrend,validation,2020-09-09,8.131224769967277,8.01684065259839
ExponentialSmoothingTrend,validation,2020-09-10,8.11348352404188,8.01684065259839
ExponentialSmoothingTrend,validation,2020-09-11,8.114016454199968,8.01684065259839
ExponentialSmoothingTrend,validation,2020-09-14,8.126677789224992,8.01684065259839
ExponentialSmoothingTrend,validation,2020-09-15,8.131883575155491,8.01684065259839
ExponentialSmoothingTrend,validation,2020-09-16,8.12725392826334,8.01684065259839
ExponentialSmoothingTrend,validation,2020-09-17,8.118805978734787,8.01684065259839
ExponentialSmoothingTrend,validation,2020-09-18,8.107560401786959,8.01684065259839
ExponentialSmoothingTrend,validation,2020-09-21,8.09592183775966,8.01684065259839
ExponentialSmoothingTrend,validation,2020-09-22,8.106384854158037,8.01684065259839
ExponentialSmoothingTrend,validation,2020-09-23,8.082377515243662,8.01684065259839
ExponentialSmoothingTrend,validation,2020-09-24,8.085360520798291,8.01684065259839
ExponentialSmoothingTrend,validation,2020-09-25,8.10121096002248,8.01684065259839
ExponentialSmoothingTrend,validation,2020-09-28,8.117193151876334,8.01684065259839
ExponentialSmoothingTrend,validation,2020-09-29,8.11236886917189,8.01684065259839
ExponentialSmoothingTrend,validation,2020-09-30,8.12058871174027,8.01684065259839
ExponentialSmoothingTrend,validation,2020-10-01,8.125867661304564,8.01684065259839
ExponentialSmoothingTrend,validation,2020-10-02,8.116243848438193,8.01684065259839
ExponentialSmoothingTrend,validation,2020-10-05,8.134056957441095,8.01684065259839
ExponentialSmoothingTrend,validation,2020-10-06,8.119984893053571,8.01684065259839
ExponentialSmoothingTrend,validation,2020-10-07,8.137232056823812,8.01684065259839
ExponentialSmoothingTrend,validation,2020-10-08,8.145210269718682,8.01684065259839
ExponentialSmoothingTrend,validation,2020-10-09,8.153965364899435,8.01684065259839
ExponentialSmoothingTrend,validation,2020-10-12,8.17024789505776,8.01684065259839
ExponentialSmoothingTrend,validation,2020-10-13,8.163921003428596,8.01684065259839
ExponentialSmoothingTrend,validation,2020-10-14,8.157275831344537,8.01684065259839
ExponentialSmoothingTrend,validation,2020-10-15,8.155746907830324,8.01684065259839
ExponentialSmoothingTrend,validation,2020-10-16,8.155881818286954,8.01684065259839
ExponentialSmoothingTrend,validation,2020-10-19,8.139417154772012,8.01684065259839
ExponentialSmoothingTrend,validation,2020-10-20,8.144133350092012,8.01684065259839
ExponentialSmoothingTrend,validation,2020-10-21,8.141935236080442,8.01684065259839
ExponentialSmoothingTrend,validation,2020-10-22,8.147140590083934,8.01684065259839
ExponentialSmoothingTrend,validation,2020-10-23,8.150580428404323,8.01684065259839
ExponentialSmoothingTrend,validation,2020-10-26,8.131815955419002,8.01684065259839
ExponentialSmoothingTrend,validation,2020-10-27,8.128785750068555,8.01684065259839
ExponentialSmoothingTrend,validation,2020-10-28,8.092860207959978,8.01684065259839
ExponentialSmoothingTrend,validation,2020-10-29,8.104736732899976,8.01684065259839
ExponentialSmoothingTrend,validation,2020-10-30,8.092533019454715,8.01684065259839
ExponentialSmoothingTrend,validation,2020-11-02,8.104775970345306,8.01684065259839
ExponentialSmoothingTrend,validation,2020-11-03,8.122418708029384,8.01684065259839
ExponentialSmoothingTrend,validation,2020-11-04,8.144226233684476,8.01684065259839
ExponentialSmoothingTrend,validation,2020-11-05,8.163499499461178,8.01684065259839
ExponentialSmoothingTrend,validation,2020-11-06,8.163211742875804,8.01684065259839
ExponentialSmoothingTrend,validation,2020-11-09,8.174843717622148,8.01684065259839
ExponentialSmoothingTrend,validation,2020-11-10,8.17344294240128,8.01684065259839
ExponentialSmoothingTrend,validation,2020-11-11,8.181065670764273,8.01684065259839
ExponentialSmoothingTrend,validation,2020-11-12,8.171037019217202,8.01684065259839
ExponentialSmoothingTrend,validation,2020-11-13,8.184555565923496,8.01684065259839
ExponentialSmoothingTrend,validation,2020-11-16,8.196136300846328,8.01684065259839
ExponentialSmoothingTrend,validation,2020-11-17,8.191332857061681,8.01684065259839
ExponentialSmoothingTrend,validation,2020-11-18,8.1797016464142,8.01684065259839
ExponentialSmoothingTrend,validation,2020-11-19,8.183640322104933,8.01684065259839
ExponentialSmoothingTrend,validation,2020-11-20,8.176824584732014,8.01684065259839
ExponentialSmoothingTrend,validation,2020-11-23,8.182444692913863,8.01684065259839
ExponentialSmoothingTrend,validation,2020-11-24,8.198477151727896,8.01684065259839
ExponentialSmoothingTrend,validation,2020-11-25,8.196891476972386,8.01684065259839
ExponentialSmoothingTrend,validation,2020-11-27,8.199285587998288,8.01684065259839
ExponentialSmoothingTrend,validation,2020-11-30,8.194679447361315,8.01684065259839
ExponentialSmoothingTrend,validation,2020-12-01,8.20588758802291,8.01684065259839
ExponentialSmoothingTrend,validation,2020-12-02,8.207677152551513,8.01684065259839
ExponentialSmoothingTrend,validation,2020-12-03,8.207052800471219,8.01684065259839
ExponentialSmoothingTrend,validation,2020-12-04,8.215850264186406,8.01684065259839
ExponentialSmoothingTrend,validation,2020-12-07,8.213912750747442,8.01684065259839
ExponentialSmoothingTrend,validation,2020-12-08,8.216696021917613,8.01684065259839
ExponentialSmoothingTrend,validation,2020-12-09,8.20871505696914,8.01684065259839
ExponentialSmoothingTrend,validation,2020-12-10,8.207429122441368,8.01684065259839
ExponentialSmoothingTrend,validation,2020-12-11,8.206163324357137,8.01684065259839
ExponentialSmoothingTrend,validation,2020-12-14,8.20179453611199,8.01684065259839
ExponentialSmoothingTrend,validation,2020-12-15,8.214633018134208,8.01684065259839
ExponentialSmoothingTrend,validation,2020-12-16,8.216404243754532,8.01684065259839
ExponentialSmoothingTrend,validation,2020-12-17,8.222145386563515,8.01684065259839
ExponentialSmoothingTrend,validation,2020-12-18,8.218628089611366,8.01684065259839
ExponentialSmoothingTrend,validation,2020-12-21,8.214714161124457,8.01684065259839
ExponentialSmoothingTrend,validation,2020-12-22,8.212638916432686,8.01684065259839
ExponentialSmoothingTrend,validation,2020-12-23,8.213384449704504,8.01684065259839
ExponentialSmoothingTrend,validation,2020-12-24,8.216914799683991,8.01684065259839
ExponentialSmoothingTrend,validation,2020-12-28,8.225599507222404,8.01684065259839
ExponentialSmoothingTrend,validation,2020-12-29,8.223369642395124,8.01684065259839
ExponentialSmoothingTrend,validation,2020-12-30,8.224710290490204,8.01684065259839
ExponentialSmoothingTrend,validation,2020-12-31,8.231128495201908,8.01684065259839
ExponentialSmoothingTrend,validation,2021-01-04,8.216263732489882,8.01684065259839
ExponentialSmoothingTrend,validation,2021-01-05,8.223321363873243,8.01684065259839
ExponentialSmoothingTrend,validation,2021-01-06,8.229014967255718,8.01684065259839
ExponentialSmoothingTrend,validation,2021-01-07,8.24375322736347,8.01684065259839
ExponentialSmoothingTrend,validation,2021-01-08,8.249230064756986,8.01684065259839
ExponentialSmoothingTrend,validation,2021-01-11,8.242653737140365,8.01684065259839
ExponentialSmoothingTrend,validation,2021-01-12,8.243069439170934,8.01684065259839
ExponentialSmoothingTrend,validation,2021-01-13,8.24534249555766,8.01684065259839
ExponentialSmoothingTrend,validation,2021-01-14,8.241581982488917,8.01684065259839
ExponentialSmoothingTrend,validation,2021-01-15,8.234365981690638,8.01684065259839
ExponentialSmoothingTrend,validation,2021-01-19,8.2424694393264,8.01684065259839
ExponentialSmoothingTrend,validation,2021-01-20,8.256308856702912,8.01684065259839
ExponentialSmoothingTrend,validation,2021-01-21,8.256625529864225,8.01684065259839
ExponentialSmoothingTrend,validation,2021-01-22,8.253610377201287,8.01684065259839
ExponentialSmoothingTrend,validation,2021-01-25,8.257219694714305,8.01684065259839
ExponentialSmoothingTrend,validation,2021-01-26,8.255729751553151,8.01684065259839
ExponentialSmoothingTrend,validation,2021-01-27,8.22971643642705,8.01684065259839
ExponentialSmoothingTrend,validation,2021-01-28,8.23942973520581,8.01684065259839
ExponentialSmoothingTrend,validation,2021-01-29,8.219929357551019,8.01684065259839
ExponentialSmoothingTrend,validation,2021-02-01,8.235853657785697,8.01684065259839
ExponentialSmoothingTrend,validation,2021-02-02,8.249656186600008,8.01684065259839
ExponentialSmoothingTrend,validation,2021-02-03,8.250664447215353,8.01684065259839
ExponentialSmoothingTrend,validation,2021-02-04,8.261459294859275,8.01684065259839
ExponentialSmoothingTrend,validation,2021-02-05,8.265349214467038,8.01684065259839
ExponentialSmoothingTrend,validation,2021-02-08,8.272721321943328,8.01684065259839
ExponentialSmoothingTrend,validation,2021-02-09,8.271607176521606,8.01684065259839
ExponentialSmoothingTrend,validation,2021-02-10,8.271261931999215,8.01684065259839
ExponentialSmoothingTrend,validation,2021-02-11,8.272923006813803,8.01684065259839
ExponentialSmoothingTrend,validation,2021-02-12,8.277622977739965,8.01684065259839
ExponentialSmoothingTrend,validation,2021-02-16,8.27705354322455,8.01684065259839
ExponentialSmoothingTrend,validation,2021-02-17,8.276733089875632,8.01684065259839
ExponentialSmoothingTrend,validation,2021-02-18,8.27230747564839,8.01684065259839
ExponentialSmoothingTrend,validation,2021-02-19,8.270450856552724,8.01684065259839
ExponentialSmoothingTrend,validation,2021-02-22,8.262687963659014,8.01684065259839
ExponentialSmoothingTrend,validation,2021-02-23,8.26394349327054,8.01684065259839
ExponentialSmoothingTrend,validation,2021-02-24,8.275231160941527,8.01684065259839
ExponentialSmoothingTrend,validation,2021-02-25,8.250447766517354,8.01684065259839
ExponentialSmoothingTrend,validation,2021-02-26,8.245686234223555,8.01684065259839
ExponentialSmoothingTrend,validation,2021-03-01,8.269198407449249,8.01684065259839
ExponentialSmoothingTrend,validation,2021-03-02,8.26108472870974,8.01684065259839
ExponentialSmoothingTrend,validation,2021-03-03,8.247932392814938,8.01684065259839
ExponentialSmoothingTrend,validation,2021-03-04,8.234424354750548,8.01684065259839
ExponentialSmoothingTrend,validation,2021-03-05,8.253732711089258,8.01684065259839
ExponentialSmoothingTrend,validation,2021-03-08,8.248359067865232,8.01684065259839
ExponentialSmoothingTrend,validation,2021-03-09,8.262414468609164,8.01684065259839
ExponentialSmoothingTrend,validation,2021-03-10,8.268426672380151,8.01684065259839
ExponentialSmoothingTrend,validation,2021-03-11,8.278768497880808,8.01684065259839
ExponentialSmoothingTrend,validation,2021-03-12,8.27978338120834,8.01684065259839
ExponentialSmoothingTrend,validation,2021-03-15,8.286254320747753,8.01684065259839
ExponentialSmoothingTrend,validation,2021-03-16,8.284683403769156,8.01684065259839
ExponentialSmoothingTrend,validation,2021-03-17,8.287558648419315,8.01684065259839
ExponentialSmoothingTrend,validation,2021-03-18,8.272688088353368,8.01684065259839
ExponentialSmoothingTrend,validation,2021-03-19,8.272085202679614,8.01684065259839
ExponentialSmoothingTrend,validation,2021-03-22,8.279085759577956,8.01684065259839
ExponentialSmoothingTrend,validation,2021-03-23,8.271425641458622,8.01684065259839
ExponentialSmoothingTrend,validation,2021-03-24,8.265943304858274,8.01684065259839
ExponentialSmoothingTrend,validation,2021-03-25,8.271169888291002,8.01684065259839
ExponentialSmoothingTrend,validation,2021-03-26,8.287664306949718,8.01684065259839
ExponentialSmoothingTrend,validation,2021-03-29,8.286795917323332,8.01684065259839
ExponentialSmoothingTrend,validation,2021-03-30,8.283633087913682,8.01684065259839
ExponentialSmoothingTrend,validation,2021-03-31,8.287249041506103,8.01684065259839
ExponentialSmoothingTrend,validation,2021-04-01,8.299004871933777,8.01684065259839
ExponentialSmoothingTrend,validation,2021-04-05,8.31333985969602,8.01684065259839
ExponentialSmoothingTrend,validation,2021-04-06,8.312365854755223,8.01684065259839
ExponentialSmoothingTrend,validation,2021-04-07,8.31384000045333,8.01684065259839
ExponentialSmoothingTrend,validation,2021-04-08,8.318051751393922,8.01684065259839
ExponentialSmoothingTrend,validation,2021-04-09,8.32574203952961,8.01684065259839
ExponentialSmoothingTrend,validation,2021-04-12,8.32554594145487,8.01684065259839
ExponentialSmoothingTrend,validation,2021-04-13,8.328835013331933,8.01684065259839
ExponentialSmoothingTrend,validation,2021-04-14,8.324738909011202,8.01684065259839
ExponentialSmoothingTrend,validation,2021-04-15,8.335772010412322,8.01684065259839
ExponentialSmoothingTrend,validation,2021-04-16,8.339374333802839,8.01684065259839
ExponentialSmoothingTrend,validation,2021-04-19,8.334053643909082,8.01684065259839
ExponentialSmoothingTrend,validation,2021-04-20,8.327228082904004,8.01684065259839
ExponentialSmoothingTrend,validation,2021-04-21,8.336491103823857,8.01684065259839
ExponentialSmoothingTrend,validation,2021-04-22,8.327237765963302,8.01684065259839
ExponentialSmoothingTrend,validation,2021-04-23,8.338107175858834,8.01684065259839
ExponentialSmoothingTrend,validation,2021-04-26,8.339887860423417,8.01684065259839
ExponentialSmoothingTrend,validation,2021-04-27,8.339672941441972,8.01684065259839
ExponentialSmoothingTrend,validation,2021-04-28,8.338827043854575,8.01684065259839
ExponentialSmoothingTrend,validation,2021-04-29,8.345567085391279,8.01684065259839
ExponentialSmoothingTrend,validation,2021-04-30,8.338346371974158,8.01684065259839
ExponentialSmoothingTrend,validation,2021-05-03,8.34109069362367,8.01684065259839
ExponentialSmoothingTrend,validation,2021-05-04,8.334389956133823,8.01684065259839
ExponentialSmoothingTrend,validation,2021-05-05,8.335093172580937,8.01684065259839
ExponentialSmoothingTrend,validation,2021-05-06,8.343225472079569,8.01684065259839
ExponentialSmoothingTrend,validation,2021-05-07,8.350571763498756,8.01684065259839
ExponentialSmoothingTrend,validation,2021-05-10,8.340081282995618,8.01684065259839
ExponentialSmoothingTrend,validation,2021-05-11,8.331369532853836,8.01684065259839
ExponentialSmoothingTrend,validation,2021-05-12,8.309686750495533,8.01684065259839
ExponentialSmoothingTrend,validation,2021-05-13,8.321786395073627,8.01684065259839
ExponentialSmoothingTrend,validation,2021-05-14,8.33659417363725,8.01684065259839
ExponentialSmoothingTrend,validation,2021-05-17,8.33406091545329,8.01684065259839
ExponentialSmoothingTrend,validation,2021-05-18,8.325507143069256,8.01684065259839
ExponentialSmoothingTrend,validation,2021-05-19,8.322559391257878,8.01684065259839
ExponentialSmoothingTrend,validation,2021-05-20,8.333058820592386,8.01684065259839
ExponentialSmoothingTrend,validation,2021-05-21,8.332274632517134,8.01684065259839
ExponentialSmoothingTrend,validation,2021-05-24,8.342137129998349,8.01684065259839
ExponentialSmoothingTrend,validation,2021-05-25,8.34000958459752,8.01684065259839
ExponentialSmoothingTrend,validation,2021-05-26,8.341884642148132,8.01684065259839
ExponentialSmoothingTrend,validation,2021-05-27,8.343049278237995,8.01684065259839
ExponentialSmoothingTrend,validation,2021-05-28,8.343817864690882,8.01684065259839
ExponentialSmoothingTrend,validation,2021-06-01,8.343325409932252,8.01684065259839
ExponentialSmoothingTrend,validation,2021-06-02,8.344771298969153,8.01684065259839
ExponentialSmoothingTrend,validation,2021-06-03,8.341135995913104,8.01684065259839
ExponentialSmoothingTrend,validation,2021-06-04,8.34993129929612,8.01684065259839
ExponentialSmoothingTrend,validation,2021-06-07,8.349134243026699,8.01684065259839
ExponentialSmoothingTrend,validation,2021-06-08,8.34930925257614,8.01684065259839
ExponentialSmoothingTrend,validation,2021-06-09,8.347483719985524,8.01684065259839
ExponentialSmoothingTrend,validation,2021-06-10,8.352125174761987,8.01684065259839
ExponentialSmoothingTrend,validation,2021-06-11,8.354071713694795,8.01684065259839
ExponentialSmoothingTrend,validation,2021-06-14,8.355885270079932,8.01684065259839
ExponentialSmoothingTrend,validation,2021-06-15,8.353871550125655,8.01684065259839
ExponentialSmoothingTrend,validation,2021-06-16,8.34846684637863,8.01684065259839
ExponentialSmoothingTrend,validation,2021-06-17,8.348031035834957,8.01684065259839
ExponentialSmoothingTrend,validation,2021-06-18,8.334819680147673,8.01684065259839
ExponentialSmoothingTrend,validation,2021-06-21,8.348724843659992,8.01684065259839
ExponentialSmoothingTrend,validation,2021-06-22,8.353836250038983,8.01684065259839
ExponentialSmoothingTrend,validation,2021-06-23,8.352752379520334,8.01684065259839
ExponentialSmoothingTrend,validation,2021-06-24,8.358546809066251,8.01684065259839
ExponentialSmoothingTrend,validation,2021-06-25,8.361871872230937,8.01684065259839
ExponentialSmoothingTrend,validation,2021-06-28,8.36418416109141,8.01684065259839
ExponentialSmoothingTrend,validation,2021-06-29,8.364461458834096,8.01684065259839
ExponentialSmoothingTrend,validation,2021-06-30,8.365788737257004,8.01684065259839
ExponentialSmoothingTrend,validation,2021-07-01,8.370996778689259,8.01684065259839
ExponentialSmoothingTrend,validation,2021-07-02,8.37846887458395,8.01684065259839
ExponentialSmoothingTrend,validation,2021-07-06,8.376444971813928,8.01684065259839
ExponentialSmoothingTrend,validation,2021-07-07,8.379798318367591,8.01684065259839
ExponentialSmoothingTrend,validation,2021-07-08,8.371200437358036,8.01684065259839
ExponentialSmoothingTrend,validation,2021-07-09,8.38241526326045,8.01684065259839
ExponentialSmoothingTrend,validation,2021-07-12,8.385860495956043,8.01684065259839
ExponentialSmoothingTrend,validation,2021-07-13,8.382337484774878,8.01684065259839
ExponentialSmoothingTrend,validation,2021-07-14,8.383501741340346,8.01684065259839
ExponentialSmoothingTrend,validation,2021-07-15,8.380234167777601,8.01684065259839
ExponentialSmoothingTrend,validation,2021-07-16,8.372666752770789,8.01684065259839
ExponentialSmoothingTrend,validation,2021-07-19,8.356669971370804,8.01684065259839
ExponentialSmoothingTrend,validation,2021-07-20,8.371718777375603,8.01684065259839
ExponentialSmoothingTrend,validation,2021-07-21,8.379926819037747,8.01684065259839
ExponentialSmoothingTrend,validation,2021-07-22,8.38194145824699,8.01684065259839
ExponentialSmoothingTrend,validation,2021-07-23,8.392035790633246,8.01684065259839
ExponentialSmoothingTrend,validation,2021-07-26,8.394415157555974,8.01684065259839
ExponentialSmoothingTrend,validation,2021-07-27,8.389691574173797,8.01684065259839
ExponentialSmoothingTrend,validation,2021-07-28,8.389505294942245,8.01684065259839
ExponentialSmoothingTrend,validation,2021-07-29,8.393702626787517,8.01684065259839
ExponentialSmoothingTrend,validation,2021-07-30,8.388281913179256,8.01684065259839
ExponentialSmoothingTrend,validation,2021-08-02,8.386437407509195,8.01684065259839
ExponentialSmoothingTrend,validation,2021-08-03,8.394607368848114,8.01684065259839
ExponentialSmoothingTrend,validation,2021-08-04,8.389964218186817,8.01684065259839
ExponentialSmoothingTrend,validation,2021-08-05,8.395951704177238,8.01684065259839
ExponentialSmoothingTrend,validation,2021-08-06,8.397625568725767,8.01684065259839
ExponentialSmoothingTrend,validation,2021-08-09,8.39668521846081,8.01684065259839
ExponentialSmoothingTrend,validation,2021-08-10,8.397677405414674,8.01684065259839
ExponentialSmoothingTrend,validation,2021-08-11,8.39895233613269,8.01684065259839
ExponentialSmoothingTrend,validation,2021-08-12,8.403090143868168,8.01684065259839
ExponentialSmoothingTrend,validation,2021-08-13,8.404696160189092,8.01684065259839
ExponentialSmoothingTrend,validation,2021-08-16,8.407313582451085,8.01684065259839
ExponentialSmoothingTrend,validation,2021-08-17,8.400227838943948,8.01684065259839
ExponentialSmoothingTrend,validation,2021-08-18,8.389421186098692,8.01684065259839
ExponentialSmoothingTrend,validation,2021-08-19,8.39067708935485,8.01684065259839
ExponentialSmoothingTrend,validation,2021-08-20,8.398785693245593,8.01684065259839
ExponentialSmoothingTrend,validation,2021-08-23,8.407273361230004,8.01684065259839
ExponentialSmoothingTrend,validation,2021-08-24,8.408767980031966,8.01684065259839
ExponentialSmoothingTrend,validation,2021-08-25,8.410985637435218,8.01684065259839
ExponentialSmoothingTrend,validation,2021-08-26,8.405143687607614,8.01684065259839
ExponentialSmoothingTrend,validation,2021-08-27,8.413912759148067,8.01684065259839
ExponentialSmoothingTrend,validation,2021-08-30,8.418210083254941,8.01684065259839
ExponentialSmoothingTrend,validation,2021-08-31,8.416860056339049,8.01684065259839
ExponentialSmoothingTrend,validation,2021-09-01,8.4171716964,8.01684065259839
ExponentialSmoothingTrend,validation,2021-09-02,8.420010302154406,8.01684065259839
ExponentialSmoothingTrend,validation,2021-09-03,8.419675214893225,8.01684065259839
ExponentialSmoothingTrend,validation,2021-09-07,8.416273862440903,8.01684065259839
ExponentialSmoothingTrend,validation,2021-09-08,8.414954425627087,8.01684065259839
ExponentialSmoothingTrend,validation,2021-09-09,8.410338178477085,8.01684065259839
ExponentialSmoothingTrend,validation,2021-09-10,8.402585626190808,8.01684065259839
ExponentialSmoothingTrend,validation,2021-09-13,8.404859526537178,8.01684065259839
ExponentialSmoothingTrend,validation,2021-09-14,8.39909631257092,8.01684065259839
ExponentialSmoothingTrend,validation,2021-09-15,8.407534606793,8.01684065259839
ExponentialSmoothingTrend,validation,2021-09-16,8.405982262080235,8.01684065259839
ExponentialSmoothingTrend,validation,2021-09-17,8.396829631804437,8.01684065259839
ExponentialSmoothingTrend,validation,2021-09-20,8.379706554078055,8.01684065259839
ExponentialSmoothingTrend,validation,2021-09-21,8.378893865419508,8.01684065259839
ExponentialSmoothingTrend,validation,2021-09-22,8.388368450643727,8.01684065259839
ExponentialSmoothingTrend,validation,2021-09-23,8.400430131013664,8.01684065259839
ExponentialSmoothingTrend,validation,2021-09-24,8.401890073825028,8.01684065259839
ExponentialSmoothingTrend,validation,2021-09-27,8.39910982990484,8.01684065259839
ExponentialSmoothingTrend,validation,2021-09-28,8.378535512164946,8.01684065259839
ExponentialSmoothingTrend,validation,2021-09-29,8.38010346650123,8.01684065259839
ExponentialSmoothingTrend,validation,2021-09-30,8.368122263556215,8.01684065259839
ExponentialSmoothingTrend,validation,2021-10-01,8.37954821566955,8.01684065259839
ExponentialSmoothingTrend,validation,2021-10-04,8.366477263620906,8.01684065259839
ExponentialSmoothingTrend,validation,2021-10-05,8.376946781119507,8.01684065259839
ExponentialSmoothingTrend,validation,2021-10-06,8.381041180469131,8.01684065259839
ExponentialSmoothingTrend,validation,2021-10-07,8.389305219694197,8.01684065259839
ExponentialSmoothingTrend,validation,2021-10-08,8.387389663091776,8.01684065259839
ExponentialSmoothingTrend,validation,2021-10-11,8.380500221447436,8.01684065259839
ExponentialSmoothingTrend,validation,2021-10-12,8.378080515760882,8.01684065259839
ExponentialSmoothingTrend,validation,2021-10-13,8.381098471631113,8.01684065259839
ExponentialSmoothingTrend,validation,2021-10-14,8.398017633916824,8.01684065259839
ExponentialSmoothingTrend,validation,2021-10-15,8.405450154554014,8.01684065259839
ExponentialSmoothingTrend,validation,2021-10-18,8.408819242355818,8.01684065259839
ExponentialSmoothingTrend,validation,2021-10-19,8.416185385140054,8.01684065259839
ExponentialSmoothingTrend,validation,2021-10-20,8.419842718738614,8.01684065259839
ExponentialSmoothingTrend,validation,2021-10-21,8.422834111906974,8.01684065259839
ExponentialSmoothingTrend,validation,2021-10-22,8.421760982682311,8.01684065259839
ExponentialSmoothingTrend,validation,2021-10-25,8.426497942123165,8.01684065259839
ExponentialSmoothingTrend,validation,2021-10-26,8.428316083555409,8.01684065259839
ExponentialSmoothingTrend,validation,2021-10-27,8.423251713184303,8.01684065259839
ExponentialSmoothingTrend,validation,2021-10-28,8.433033001608488,8.01684065259839
ExponentialSmoothingTrend,validation,2021-10-29,8.434980438840205,8.01684065259839
ExponentialSmoothingTrend,validation,2021-11-01,8.436778897786107,8.01684065259839
ExponentialSmoothingTrend,validation,2021-11-02,8.440452504906496,8.01684065259839
ExponentialSmoothingTrend,validation,2021-11-03,8.446892999519385,8.01684065259839
ExponentialSmoothingTrend,validation,2021-11-04,8.451066221862202,8.01684065259839
ExponentialSmoothingTrend,validation,2021-11-05,8.454792071907487,8.01684065259839
ExponentialSmoothingTrend,validation,2021-11-08,8.455679465968188,8.01684065259839
ExponentialSmoothingTrend,validation,2021-11-09,8.45217455504179,8.01684065259839
ExponentialSmoothingTrend,validation,2021-11-10,8.443914712877929,8.01684065259839
ExponentialSmoothingTrend,validation,2021-11-11,8.444465501210917,8.01684065259839
ExponentialSmoothingTrend,validation,2021-11-12,8.451662198775047,8.01684065259839
ExponentialSmoothingTrend,validation,2021-11-15,8.45165145889703,8.01684065259839
ExponentialSmoothingTrend,validation,2021-11-16,8.455509237954157,8.01684065259839
ExponentialSmoothingTrend,validation,2021-11-17,8.452904222471261,8.01684065259839
ExponentialSmoothingTrend,validation,2021-11-18,8.456283287211432,8.01684065259839
ExponentialSmoothingTrend,validation,2021-11-19,8.454883642606445,8.01684065259839
ExponentialSmoothingTrend,validation,2021-11-22,8.451681384289484,8.01684065259839
ExponentialSmoothingTrend,validation,2021-11-23,8.453337145672679,8.01684065259839
ExponentialSmoothingTrend,validation,2021-11-24,8.455628369449347,8.01684065259839
ExponentialSmoothingTrend,validation,2021-11-26,8.432641358290025,8.01684065259839
ExponentialSmoothingTrend,validation,2021-11-29,8.445755194372849,8.01684065259839
ExponentialSmoothingTrend,validation,2021-11-30,8.426611813185,8.01684065259839
ExponentialSmoothingTrend,validation,2021-12-01,8.414726271727043,8.01684065259839
ExponentialSmoothingTrend,validation,2021-12-02,8.4288209101231,8.01684065259839
ExponentialSmoothingTrend,validation,2021-12-03,8.420336454981362,8.01684065259839
ExponentialSmoothingTrend,validation,2021-12-06,8.431999054291047,8.01684065259839
ExponentialSmoothingTrend,validation,2021-12-07,8.4524946574773,8.01684065259839
ExponentialSmoothingTrend,validation,2021-12-08,8.455575193063886,8.01684065259839
ExponentialSmoothingTrend,validation,2021-12-09,8.448368204831363,8.01684065259839
ExponentialSmoothingTrend,validation,2021-12-10,8.457871973949572,8.01684065259839
ExponentialSmoothingTrend,validation,2021-12-13,8.448693815606779,8.01684065259839
ExponentialSmoothingTrend,validation,2021-12-14,8.441195092752155,8.01684065259839
ExponentialSmoothingTrend,validation,2021-12-15,8.457411360104047,8.01684065259839
ExponentialSmoothingTrend,validation,2021-12-16,8.448629496792934,8.01684065259839
ExponentialSmoothingTrend,validation,2021-12-17,8.43828853220888,8.01684065259839
ExponentialSmoothingTrend,validation,2021-12-20,8.426835133885623,8.01684065259839
ExponentialSmoothingTrend,validation,2021-12-21,8.44445688927082,8.01684065259839
ExponentialSmoothingTrend,validation,2021-12-22,8.454585617299946,8.01684065259839
ExponentialSmoothingTrend,validation,2021-12-23,8.460790029985198,8.01684065259839
ExponentialSmoothingTrend,validation,2021-12-27,8.474534081558804,8.01684065259839
ExponentialSmoothingTrend,validation,2021-12-28,8.473523416159917,8.01684065259839
ExponentialSmoothingTrend,validation,2021-12-29,8.474924329561775,8.01684065259839
ExponentialSmoothingTrend,validation,2021-12-30,8.47193009571987,8.01684065259839
ExponentialSmoothingTrend,validation,2021-12-31,8.469300461346396,8.01684065259839
ExponentialSmoothingTrend,validation,2022-01-03,8.475654285516784,8.01684065259839
ExponentialSmoothingTrend,validation,2022-01-04,8.47502446526458,8.01684065259839
ExponentialSmoothingTrend,validation,2022-01-05,8.45544120096008,8.01684065259839
ExponentialSmoothingTrend,validation,2022-01-06,8.454476967219898,8.01684065259839
ExponentialSmoothingTrend,validation,2022-01-07,8.450418526137563,8.01684065259839
ExponentialSmoothingTrend,validation,2022-01-10,8.448976455600024,8.01684065259839
ExponentialSmoothingTrend,validation,2022-01-11,8.458094742052422,8.01684065259839
ExponentialSmoothingTrend,validation,2022-01-12,8.460908534067089,8.01684065259839
ExponentialSmoothingTrend,validation,2022-01-13,8.44656250483269,8.01684065259839
ExponentialSmoothingTrend,validation,2022-01-14,8.44738214910228,8.01684065259839
ExponentialSmoothingTrend,validation,2022-01-18,8.428823043704272,8.01684065259839
ExponentialSmoothingTrend,validation,2022-01-19,8.419086252762812,8.01684065259839
ExponentialSmoothingTrend,validation,2022-01-20,8.40798751045848,8.01684065259839
ExponentialSmoothingTrend,validation,2022-01-21,8.388891515133844,8.01684065259839
ExponentialSmoothingTrend,validation,2022-01-24,8.391659419892115,8.01684065259839
ExponentialSmoothingTrend,validation,2022-01-25,8.379412829335248,8.01684065259839
ExponentialSmoothingTrend,validation,2022-01-26,8.377915072409362,8.01684065259839
ExponentialSmoothingTrend,validation,2022-01-27,8.372516437209391,8.01684065259839
ExponentialSmoothingTrend,validation,2022-01-28,8.396572405124127,8.01684065259839
ExponentialSmoothingTrend,validation,2022-01-31,8.415282231347112,8.01684065259839
ExponentialSmoothingTrend,validation,2022-02-01,8.42212179169543,8.01684065259839
ExponentialSmoothingTrend,validation,2022-02-02,8.431500192143753,8.01684065259839
ExponentialSmoothingTrend,validation,2022-02-03,8.406806720423633,8.01684065259839
ExponentialSmoothingTrend,validation,2022-02-04,8.411950398863496,8.01684065259839
ExponentialSmoothingTrend,validation,2022-02-07,8.408241817935668,8.01684065259839
ExponentialSmoothingTrend,validation,2022-02-08,8.416607931402302,8.01684065259839
ExponentialSmoothingTrend,validation,2022-02-09,8.431020773481567,8.01684065259839
ExponentialSmoothingTrend,validation,2022-02-10,8.41273894899651,8.01684065259839
ExponentialSmoothingTrend,validation,2022-02-11,8.393587266358425,8.01684065259839
ExponentialSmoothingTrend,validation,2022-02-14,8.389739275602796,8.01684065259839
ExponentialSmoothingTrend,validation,2022-02-15,8.40538299324886,8.01684065259839
ExponentialSmoothingTrend,validation,2022-02-16,8.406263812969144,8.01684065259839
ExponentialSmoothingTrend,validation,2022-02-17,8.384863308832207,8.01684065259839
ExponentialSmoothingTrend,validation,2022-02-18,8.377671347168341,8.01684065259839
ExponentialSmoothingTrend,validation,2022-02-22,8.367476611733325,8.01684065259839
ExponentialSmoothingTrend,validation,2022-02-23,8.348892875984538,8.01684065259839
ExponentialSmoothingTrend,validation,2022-02-24,8.363738981237262,8.01684065259839
ExponentialSmoothingTrend,validation,2022-02-25,8.385865061788527,8.01684065259839
ExponentialSmoothingTrend,validation,2022-02-28,8.3834194703254,8.01684065259839
ExponentialSmoothingTrend,validation,2022-03-01,8.367825002538789,8.01684065259839
ExponentialSmoothingTrend,validation,2022-03-02,8.386296049319439,8.01684065259839
ExponentialSmoothingTrend,validation,2022-03-03,8.381027528575194,8.01684065259839
ExponentialSmoothingTrend,validation,2022-03-04,8.373061844032192,8.01684065259839
ExponentialSmoothingTrend,validation,2022-03-07,8.343099257217776,8.01684065259839
ExponentialSmoothingTrend,validation,2022-03-08,8.335839213242078,8.01684065259839
ExponentialSmoothingTrend,validation,2022-03-09,8.361212811364219,8.01684065259839
ExponentialSmoothingTrend,validation,2022-03-10,8.356911761443971,8.01684065259839
ExponentialSmoothingTrend,validation,2022-03-11,8.343865482510733,8.01684065259839
ExponentialSmoothingTrend,validation,2022-03-14,8.3364168074152,8.01684065259839
ExponentialSmoothingTrend,validation,2022-03-15,8.357599437139346,8.01684065259839
ExponentialSmoothingTrend,validation,2022-03-16,8.379736358787738,8.01684065259839
ExponentialSmoothingTrend,validation,2022-03-17,8.39200856385644,8.01684065259839
ExponentialSmoothingTrend,validation,2022-03-18,8.403603378268327,8.01684065259839
ExponentialSmoothingTrend,validation,2022-03-21,8.403168623414025,8.01684065259839
ExponentialSmoothingTrend,validation,2022-03-22,8.4144093229681,8.01684065259839
ExponentialSmoothingTrend,validation,2022-03-23,8.402060692715605,8.01684065259839
ExponentialSmoothingTrend,validation,2022-03-24,8.416302704997223,8.01684065259839
ExponentialSmoothingTrend,validation,2022-03-25,8.42135608570146,8.01684065259839
ExponentialSmoothingTrend,validation,2022-03-28,8.428475636721503,8.01684065259839
ExponentialSmoothingTrend,validation,2022-03-29,8.440657680822895,8.01684065259839
ExponentialSmoothingTrend,validation,2022-03-30,8.434344091823805,8.01684065259839
ExponentialSmoothingTrend,validation,2022-03-31,8.418567756596923,8.01684065259839
ExponentialSmoothingTrend,validation,2022-04-01,8.421972177558386,8.01684065259839
ExponentialSmoothingTrend,validation,2022-04-04,8.43003056009052,8.01684065259839
ExponentialSmoothingTrend,validation,2022-04-05,8.417399401016514,8.01684065259839
ExponentialSmoothingTrend,validation,2022-04-06,8.407634967104036,8.01684065259839
ExponentialSmoothingTrend,validation,2022-04-07,8.411879332656072,8.01684065259839
ExponentialSmoothingTrend,validation,2022-04-08,8.40922478598052,8.01684065259839
ExponentialSmoothingTrend,validation,2022-04-11,8.392203451395824,8.01684065259839
ExponentialSmoothingTrend,validation,2022-04-12,8.38878015086537,8.01684065259839
ExponentialSmoothingTrend,validation,2022-04-13,8.399892754134273,8.01684065259839
ExponentialSmoothingTrend,validation,2022-04-14,8.387674273750765,8.01684065259839
ExponentialSmoothingTrend,validation,2022-04-18,8.387469384478358,8.01684065259839
ExponentialSmoothingTrend,validation,2022-04-19,8.403399429227745,8.01684065259839
ExponentialSmoothingTrend,validation,2022-04-20,8.402780762821562,8.01684065259839
ExponentialSmoothingTrend,validation,2022-04-21,8.387917907270252,8.01684065259839
ExponentialSmoothingTrend,validation,2022-04-22,8.359785830892884,8.01684065259839
ExponentialSmoothingTrend,validation,2022-04-25,8.365467596036996,8.01684065259839
ExponentialSmoothingTrend,validation,2022-04-26,8.336917587108399,8.01684065259839
ExponentialSmoothingTrend,validation,2022-04-27,8.339013436133364,8.01684065259839
ExponentialSmoothingTrend,validation,2022-04-28,8.363459091474196,8.01684065259839
ExponentialSmoothingTrend,validation,2022-04-29,8.3264999316895,8.01684065259839
ExponentialSmoothingTrend,validation,2022-05-02,8.33215913098332,8.01684065259839
ExponentialSmoothingTrend,validation,2022-05-03,8.336984596058679,8.01684065259839
ExponentialSmoothingTrend,validation,2022-05-04,8.366409817616006,8.01684065259839
ExponentialSmoothingTrend,validation,2022-05-05,8.330109140051906,8.01684065259839
ExponentialSmoothingTrend,validation,2022-05-06,8.324418755637954,8.01684065259839
ExponentialSmoothingTrend,validation,2022-05-09,8.29185723609835,8.01684065259839
ExponentialSmoothingTrend,validation,2022-05-10,8.294312117858759,8.01684065259839
ExponentialSmoothingTrend,validation,2022-05-11,8.277711885763061,8.01684065259839
ExponentialSmoothingTrend,validation,2022-05-12,8.276415080768949,8.01684065259839
ExponentialSmoothingTrend,validation,2022-05-13,8.300004348725817,8.01684065259839
ExponentialSmoothingTrend,validation,2022-05-16,8.296050140208095,8.01684065259839
ExponentialSmoothingTrend,validation,2022-05-17,8.316019059789557,8.01684065259839
ExponentialSmoothingTrend,validation,2022-05-18,8.27478525049831,8.01684065259839
ExponentialSmoothingTrend,validation,2022-05-19,8.26893438572096,8.01684065259839
ExponentialSmoothingTrend,validation,2022-05-20,8.269080516812952,8.01684065259839
ExponentialSmoothingTrend,validation,2022-05-23,8.287465512225012,8.01684065259839
ExponentialSmoothingTrend,validation,2022-05-24,8.279311561321455,8.01684065259839
ExponentialSmoothingTrend,validation,2022-05-25,8.288717946970387,8.01684065259839
ExponentialSmoothingTrend,validation,2022-05-26,8.308406112978107,8.01684065259839
ExponentialSmoothingTrend,validation,2022-05-27,8.332847243173928,8.01684065259839
ExponentialSmoothingTrend,validation,2022-05-31,8.326553107980262,8.01684065259839
ExponentialSmoothingTrend,validation,2022-06-01,8.319042202939107,8.01684065259839
ExponentialSmoothingTrend,validation,2022-06-02,8.337305428354652,8.01684065259839
ExponentialSmoothingTrend,validation,2022-06-03,8.320823022744834,8.01684065259839
ExponentialSmoothingTrend,validation,2022-06-06,8.323955512151871,8.01684065259839
ExponentialSmoothingTrend,validation,2022-06-07,8.33343384368359,8.01684065259839
ExponentialSmoothingTrend,validation,2022-06-08,8.322581220643436,8.01684065259839
ExponentialSmoothingTrend,validation,2022-06-09,8.29849476297828,8.01684065259839
ExponentialSmoothingTrend,validation,2022-06-10,8.26895234816687,8.01684065259839
ExponentialSmoothingTrend,validation,2022-06-13,8.22941241617683,8.01684065259839
ExponentialSmoothingTrend,validation,2022-06-14,8.22563159813734,8.01684065259839
ExponentialSmoothingTrend,validation,2022-06-15,8.240118656973875,8.01684065259839
ExponentialSmoothingTrend,validation,2022-06-16,8.207066449860035,8.01684065259839
ExponentialSmoothingTrend,validation,2022-06-17,8.209264897201047,8.01684065259839
ExponentialSmoothingTrend,validation,2022-06-21,8.23344737216172,8.01684065259839
ExponentialSmoothingTrend,validation,2022-06-22,8.232144952066362,8.01684065259839
ExponentialSmoothingTrend,validation,2022-06-23,8.241632024551919,8.01684065259839
ExponentialSmoothingTrend,validation,2022-06-24,8.27173756428182,8.01684065259839
ExponentialSmoothingTrend,validation,2022-06-27,8.26876006439148,8.01684065259839
ExponentialSmoothingTrend,validation,2022-06-28,8.248411391241984,8.01684065259839
ExponentialSmoothingTrend,validation,2022-06-29,8.247699392421811,8.01684065259839
ExponentialSmoothingTrend,validation,2022-06-30,8.238901526175443,8.01684065259839
ExponentialSmoothingTrend,validation,2022-07-01,8.249400037472084,8.01684065259839
ExponentialSmoothingTrend,validation,2022-07-05,8.250982912578277,8.01684065259839
ExponentialSmoothingTrend,validation,2022-07-06,8.254549708283342,8.01684065259839
ExponentialSmoothingTrend,validation,2022-07-07,8.269403431464273,8.01684065259839
ExponentialSmoothingTrend,validation,2022-07-08,8.268572815068145,8.01684065259839
ExponentialSmoothingTrend,validation,2022-07-11,8.25697839740762,8.01684065259839
ExponentialSmoothingTrend,validation,2022-07-12,8.247691528910126,8.01684065259839
ExponentialSmoothingTrend,validation,2022-07-13,8.24322466479831,8.01684065259839
ExponentialSmoothingTrend,validation,2022-07-14,8.240221525985545,8.01684065259839
ExponentialSmoothingTrend,validation,2022-07-15,8.259240757644179,8.01684065259839
ExponentialSmoothingTrend,validation,2022-07-18,8.250842015158343,8.01684065259839
ExponentialSmoothingTrend,validation,2022-07-19,8.278095532802073,8.01684065259839
ExponentialSmoothingTrend,validation,2022-07-20,8.283974026743131,8.01684065259839
ExponentialSmoothingTrend,validation,2022-07-21,8.293787093432636,8.01684065259839
ExponentialSmoothingTrend,validation,2022-07-22,8.284410806138823,8.01684065259839
ExponentialSmoothingTrend,validation,2022-07-25,8.285725109112128,8.01684065259839
ExponentialSmoothingTrend,validation,2022-07-26,8.274114766512865,8.01684065259839
ExponentialSmoothingTrend,validation,2022-07-27,8.299934815291493,8.01684065259839
ExponentialSmoothingTrend,validation,2022-07-28,8.311995135083405,8.01684065259839
ExponentialSmoothingTrend,validation,2022-07-29,8.32610291086516,8.01684065259839
ExponentialSmoothingTrend,validation,2022-08-01,8.323275834320244,8.01684065259839
ExponentialSmoothingTrend,validation,2022-08-02,8.316591145941372,8.01684065259839
ExponentialSmoothingTrend,validation,2022-08-03,8.332108602211463,8.01684065259839
ExponentialSmoothingTrend,validation,2022-08-04,8.331330959761878,8.01684065259839
ExponentialSmoothingTrend,validation,2022-08-05,8.32970389074296,8.01684065259839
ExponentialSmoothingTrend,validation,2022-08-08,8.32846557362084,8.01684065259839
ExponentialSmoothingTrend,validation,2022-08-09,8.324207829384912,8.01684065259839
ExponentialSmoothingTrend,validation,2022-08-10,8.34527498784532,8.01684065259839
ExponentialSmoothingTrend,validation,2022-08-11,8.344569264923118,8.01684065259839
ExponentialSmoothingTrend,validation,2022-08-12,8.36174331187461,8.01684065259839
ExponentialSmoothingTrend,validation,2022-08-15,8.365704995930844,8.01684065259839
ExponentialSmoothingTrend,validation,2022-08-16,8.367578918756791,8.01684065259839
ExponentialSmoothingTrend,validation,2022-08-17,8.360314803889144,8.01684065259839
ExponentialSmoothingTrend,validation,2022-08-18,8.36258179349553,8.01684065259839
ExponentialSmoothingTrend,validation,2022-08-19,8.34959786478249,8.01684065259839
ExponentialSmoothingTrend,validation,2022-08-22,8.327965498315995,8.01684065259839
ExponentialSmoothingTrend,validation,2022-08-23,8.325725127881558,8.01684065259839
ExponentialSmoothingTrend,validation,2022-08-24,8.328637044580281,8.01684065259839
ExponentialSmoothingTrend,validation,2022-08-25,8.342630286416389,8.01684065259839
ExponentialSmoothingTrend,validation,2022-08-26,8.30836171009935,8.01684065259839
ExponentialSmoothingTrend,validation,2022-08-29,8.301673034902024,8.01684065259839
ExponentialSmoothingTrend,validation,2022-08-30,8.290583618409908,8.01684065259839
ExponentialSmoothingTrend,validation,2022-08-31,8.282735880201754,8.01684065259839
ExponentialSmoothingTrend,validation,2022-09-01,8.28572763246895,8.01684065259839
ExponentialSmoothingTrend,validation,2022-09-02,8.274933079898226,8.01684065259839
ExponentialSmoothingTrend,validation,2022-09-06,8.27082961520733,8.01684065259839
ExponentialSmoothingTrend,validation,2022-09-07,8.2890044638735,8.01684065259839
ExponentialSmoothingTrend,validation,2022-09-08,8.295593430753941,8.01684065259839
ExponentialSmoothingTrend,validation,2022-09-09,8.310749445735153,8.01684065259839
ExponentialSmoothingTrend,validation,2022-09-12,8.32127809721915,8.01684065259839
ExponentialSmoothingTrend,validation,2022-09-13,8.277078934187175,8.01684065259839
ExponentialSmoothingTrend,validation,2022-09-14,8.28046022326602,8.01684065259839
ExponentialSmoothingTrend,validation,2022-09-15,8.26907795109787,8.01684065259839
ExponentialSmoothingTrend,validation,2022-09-16,8.261869901322207,8.01684065259839
ExponentialSmoothingTrend,validation,2022-09-19,8.268703599046912,8.01684065259839
ExponentialSmoothingTrend,validation,2022-09-20,8.257367484310313,8.01684065259839
ExponentialSmoothingTrend,validation,2022-09-21,8.240102810211805,8.01684065259839
ExponentialSmoothingTrend,validation,2022-09-22,8.231639516381351,8.01684065259839
ExponentialSmoothingTrend,validation,2022-09-23,8.214256687614022,8.01684065259839
ExponentialSmoothingTrend,validation,2022-09-26,8.20386232672374,8.01684065259839
ExponentialSmoothingTrend,validation,2022-09-27,8.201739715768916,8.01684065259839
ExponentialSmoothingTrend,validation,2022-09-28,8.22122085995007,8.01684065259839
ExponentialSmoothingTrend,validation,2022-09-29,8.19986806512697,8.01684065259839
ExponentialSmoothingTrend,validation,2022-09-30,8.184686713580762,8.01684065259839
ExponentialSmoothingTrend,validation,2022-10-03,8.210241291111691,8.01684065259839
ExponentialSmoothingTrend,validation,2022-10-04,8.240366632528492,8.01684065259839
ExponentialSmoothingTrend,validation,2022-10-05,8.238346644969553,8.01684065259839
ExponentialSmoothingTrend,validation,2022-10-06,8.228048722058158,8.01684065259839
ExponentialSmoothingTrend,validation,2022-10-07,8.19964552552668,8.01684065259839
ExponentialSmoothingTrend,validation,2022-10-10,8.192124852393027,8.01684065259839
ExponentialSmoothingTrend,validation,2022-10-11,8.185584333980703,8.01684065259839
ExponentialSmoothingTrend,validation,2022-10-12,8.182288134330538,8.01684065259839
ExponentialSmoothingTrend,validation,2022-10-13,8.207922393638169,8.01684065259839
ExponentialSmoothingTrend,validation,2022-10-14,8.18397527289364,8.01684065259839
ExponentialSmoothingTrend,validation,2022-10-17,8.210110797451202,8.01684065259839
ExponentialSmoothingTrend,validation,2022-10-18,8.22147356565829,8.01684065259839
ExponentialSmoothingTrend,validation,2022-10-19,8.214779110418604,8.01684065259839
ExponentialSmoothingTrend,validation,2022-10-20,8.206796423679839,8.01684065259839
ExponentialSmoothingTrend,validation,2022-10-21,8.230244183540286,8.01684065259839
ExponentialSmoothingTrend,validation,2022-10-24,8.242056123745398,8.01684065259839
ExponentialSmoothingTrend,validation,2022-10-25,8.258191893761271,8.01684065259839
ExponentialSmoothingTrend,validation,2022-10-26,8.250776753362283,8.01684065259839
ExponentialSmoothingTrend,validation,2022-10-27,8.244675568309098,8.01684065259839
ExponentialSmoothingTrend,validation,2022-10-28,8.269003605079954,8.01684065259839
ExponentialSmoothingTrend,validation,2022-10-31,8.261521278049617,8.01684065259839
ExponentialSmoothingTrend,validation,2022-11-01,8.257411614329259,8.01684065259839
ExponentialSmoothingTrend,validation,2022-11-02,8.232091770591776,8.01684065259839
ExponentialSmoothingTrend,validation,2022-11-03,8.221449348059819,8.01684065259839
ExponentialSmoothingTrend,validation,2022-11-04,8.234976171345382,8.01684065259839
ExponentialSmoothingTrend,validation,2022-11-07,8.244544233024742,8.01684065259839
ExponentialSmoothingTrend,validation,2022-11-08,8.250126515853502,8.01684065259839
ExponentialSmoothingTrend,validation,2022-11-09,8.2291297311412,8.01684065259839
ExponentialSmoothingTrend,validation,2022-11-10,8.283082246805996,8.01684065259839
ExponentialSmoothingTrend,validation,2022-11-11,8.292280559110766,8.01684065259839
ExponentialSmoothingTrend,validation,2022-11-14,8.283304618565849,8.01684065259839
ExponentialSmoothingTrend,validation,2022-11-15,8.291979994980517,8.01684065259839
ExponentialSmoothingTrend,validation,2022-11-16,8.283693711868644,8.01684065259839
ExponentialSmoothingTrend,validation,2022-11-17,8.280599607224413,8.01684065259839
ExponentialSmoothingTrend,validation,2022-11-18,8.285346902872572,8.01684065259839
ExponentialSmoothingTrend,validation,2022-11-21,8.281455653072296,8.01684065259839
ExponentialSmoothingTrend,validation,2022-11-22,8.294944259342126,8.01684065259839
ExponentialSmoothingTrend,validation,2022-11-23,8.300841525383863,8.01684065259839
ExponentialSmoothingTrend,validation,2022-11-25,8.30055844112166,8.01684065259839
ExponentialSmoothingTrend,validation,2022-11-28,8.284993744327595,8.01684065259839
ExponentialSmoothingTrend,validation,2022-11-29,8.283400610625971,8.01684065259839
ExponentialSmoothingTrend,validation,2022-11-30,8.313879254147267,8.01684065259839
ExponentialSmoothingTrend,validation,2022-12-01,8.31301124431766,8.01684065259839
ExponentialSmoothingTrend,validation,2022-12-02,8.311815869653898,8.01684065259839
ExponentialSmoothingTrend,validation,2022-12-05,8.293759620022927,8.01684065259839
ExponentialSmoothingTrend,validation,2022-12-06,8.27925575059994,8.01684065259839
ExponentialSmoothingTrend,validation,2022-12-07,8.277391643346558,8.01684065259839
ExponentialSmoothingTrend,validation,2022-12-08,8.284885277760491,8.01684065259839
ExponentialSmoothingTrend,validation,2022-12-09,8.27750855829628,8.01684065259839
ExponentialSmoothingTrend,validation,2022-12-12,8.29168686559593,8.01684065259839
ExponentialSmoothingTrend,validation,2022-12-13,8.298950088851386,8.01684065259839
ExponentialSmoothingTrend,validation,2022-12-14,8.29287897222755,8.01684065259839
ExponentialSmoothingTrend,validation,2022-12-15,8.267641494325725,8.01684065259839
ExponentialSmoothingTrend,validation,2022-12-16,8.256441254379713,8.01684065259839
ExponentialSmoothingTrend,validation,2022-12-19,8.247392925438609,8.01684065259839
ExponentialSmoothingTrend,validation,2022-12-20,8.248429726136498,8.01684065259839
ExponentialSmoothingTrend,validation,2022-12-21,8.263188274805554,8.01684065259839
ExponentialSmoothingTrend,validation,2022-12-22,8.248631132307407,8.01684065259839
ExponentialSmoothingTrend,validation,2022-12-23,8.254482084579323,8.01684065259839
ExponentialSmoothingTrend,validation,2022-12-27,8.250424240544664,8.01684065259839
ExponentialSmoothingTrend,validation,2022-12-28,8.238330770101715,8.01684065259839
ExponentialSmoothingTrend,validation,2022-12-29,8.255641404416709,8.01684065259839
ExponentialSmoothingTrend,validation,2022-12-30,8.253097428770598,8.01684065259839
ExponentialSmoothingTrend,validation,2023-01-03,8.249088856289324,8.01684065259839
ExponentialSmoothingTrend,validation,2023-01-04,8.256599550851464,8.01684065259839
ExponentialSmoothingTrend,validation,2023-01-05,8.244885681715006,8.01684065259839
ExponentialSmoothingTrend,validation,2023-01-06,8.267469517304038,8.01684065259839
ExponentialSmoothingTrend,validation,2023-01-09,8.266701589978046,8.01684065259839
ExponentialSmoothingTrend,validation,2023-01-10,8.27365558794864,8.01684065259839
ExponentialSmoothingTrend,validation,2023-01-11,8.286423159140934,8.01684065259839
ExponentialSmoothingTrend,validation,2023-01-12,8.289833244052977,8.01684065259839
ExponentialSmoothingTrend,validation,2023-01-13,8.293822136197633,8.01684065259839
ExponentialSmoothingTrend,validation,2023-01-17,8.291789580766636,8.01684065259839
ExponentialSmoothingTrend,validation,2023-01-18,8.276104613788892,8.01684065259839
ExponentialSmoothingTrend,validation,2023-01-19,8.26843694188708,8.01684065259839
ExponentialSmoothingTrend,validation,2023-01-20,8.287178615439432,8.01684065259839
ExponentialSmoothingTrend,validation,2023-01-23,8.29898993139076,8.01684065259839
ExponentialSmoothingTrend,validation,2023-01-24,8.298278175026468,8.01684065259839
ExponentialSmoothingTrend,validation,2023-01-25,8.298096433453003,8.01684065259839
ExponentialSmoothingTrend,validation,2023-01-26,8.309044141482117,8.01684065259839
ExponentialSmoothingTrend,validation,2023-01-27,8.311535875503822,8.01684065259839
ExponentialSmoothingTrend,validation,2023-01-30,8.298482306188529,8.01684065259839
ExponentialSmoothingTrend,validation,2023-01-31,8.313018610604948,8.01684065259839
ExponentialSmoothingTrend,validation,2023-02-01,8.323416666901833,8.01684065259839
ExponentialSmoothingTrend,validation,2023-02-02,8.338009051528687,8.01684065259839
ExponentialSmoothingTrend,validation,2023-02-03,8.327600458891402,8.01684065259839
ExponentialSmoothingTrend,validation,2023-02-06,8.321441065697462,8.01684065259839
ExponentialSmoothingTrend,validation,2023-02-07,8.33423142973486,8.01684065259839
ExponentialSmoothingTrend,validation,2023-02-08,8.323088856722448,8.01684065259839
ExponentialSmoothingTrend,validation,2023-02-09,8.31421984689141,8.01684065259839
ExponentialSmoothingTrend,validation,2023-02-10,8.316412702600628,8.01684065259839
ExponentialSmoothingTrend,validation,2023-02-13,8.327796272551783,8.01684065259839
ExponentialSmoothingTrend,test,2023-02-14,8.32751581869629,8.320394350448598
ExponentialSmoothingTrend,test,2023-02-15,8.330285156229365,8.320394350448598
ExponentialSmoothingTrend,test,2023-02-16,8.316400467024485,8.320394350448598
ExponentialSmoothingTrend,test,2023-02-17,8.313629224852201,8.320394350448598
ExponentialSmoothingTrend,test,2023-02-21,8.29338444087873,8.320394350448598
ExponentialSmoothingTrend,test,2023-02-22,8.291809645393087,8.320394350448598
ExponentialSmoothingTrend,test,2023-02-23,8.297124923656325,8.320394350448598
ExponentialSmoothingTrend,test,2023-02-24,8.28653145903655,8.320394350448598
ExponentialSmoothingTrend,test,2023-02-27,8.289599751576102,8.320394350448598
ExponentialSmoothingTrend,test,2023-02-28,8.286559131745154,8.320394350448598
ExponentialSmoothingTrend,test,2023-03-01,8.281822667541661,8.320394350448598
ExponentialSmoothingTrend,test,2023-03-02,8.289376261272858,8.320394350448598
ExponentialSmoothingTrend,test,2023-03-03,8.305395010449342,8.320394350448598
ExponentialSmoothingTrend,test,2023-03-06,8.30608194122819,8.320394350448598
ExponentialSmoothingTrend,test,2023-03-07,8.290636350748926,8.320394350448598
ExponentialSmoothingTrend,test,2023-03-08,8.292050144884529,8.320394350448598
ExponentialSmoothingTrend,test,2023-03-09,8.273418286939048,8.320394350448598
ExponentialSmoothingTrend,test,2023-03-10,8.25883431750298,8.320394350448598
ExponentialSmoothingTrend,test,2023-03-13,8.257323415662242,8.320394350448598
ExponentialSmoothingTrend,test,2023-03-14,8.273665803897606,8.320394350448598
ExponentialSmoothingTrend,test,2023-03-15,8.266660439968252,8.320394350448598
ExponentialSmoothingTrend,test,2023-03-16,8.284070016217283,8.320394350448598
ExponentialSmoothingTrend,test,2023-03-17,8.27298939494333,8.320394350448598
ExponentialSmoothingTrend,test,2023-03-20,8.281868264579272,8.320394350448598
ExponentialSmoothingTrend,test,2023-03-21,8.29476691209783,8.320394350448598
ExponentialSmoothingTrend,test,2023-03-22,8.278166663457988,8.320394350448598
ExponentialSmoothingTrend,test,2023-03-23,8.28114674732717,8.320394350448598
ExponentialSmoothingTrend,test,2023-03-24,8.286770710411473,8.320394350448598
ExponentialSmoothingTrend,test,2023-03-27,8.28841630997524,8.320394350448598
ExponentialSmoothingTrend,test,2023-03-28,8.286841226686851,8.320394350448598
ExponentialSmoothingTrend,test,2023-03-29,8.300978097461899,8.320394350448598
ExponentialSmoothingTrend,test,2023-03-30,8.306677096661382,8.320394350448598
ExponentialSmoothingTrend,test,2023-03-31,8.321010424443418,8.320394350448598
ExponentialSmoothingTrend,test,2023-04-03,8.324702447009221,8.320394350448598
ExponentialSmoothingTrend,test,2023-04-04,8.318888607264059,8.320394350448598
ExponentialSmoothingTrend,test,2023-04-05,8.316393125606938,8.320394350448598
ExponentialSmoothingTrend,test,2023-04-06,8.31996589873974,8.320394350448598
ExponentialSmoothingTrend,test,2023-04-10,8.32096170575675,8.320394350448598
ExponentialSmoothingTrend,test,2023-04-11,8.320920352423768,8.320394350448598
ExponentialSmoothingTrend,test,2023-04-12,8.316776896100306,8.320394350448598
ExponentialSmoothingTrend,test,2023-04-13,8.329952406598137,8.320394350448598
ExponentialSmoothingTrend,test,2023-04-14,8.327880889013558,8.320394350448598
ExponentialSmoothingTrend,test,2023-04-17,8.331181592596174,8.320394350448598
ExponentialSmoothingTrend,test,2023-04-18,8.33203644739964,8.320394350448598
ExponentialSmoothingTrend,test,2023-04-19,8.3319521818517,8.320394350448598
ExponentialSmoothingTrend,test,2023-04-20,8.325981846663389,8.320394350448598
ExponentialSmoothingTrend,test,2023-04-21,8.32688462792069,8.320394350448598
ExponentialSmoothingTrend,test,2023-04-24,8.327735844698962,8.320394350448598
ExponentialSmoothingTrend,test,2023-04-25,8.311798660880385,8.320394350448598
ExponentialSmoothingTrend,test,2023-04-26,8.30795007737704,8.320394350448598
ExponentialSmoothingTrend,test,2023-04-27,8.327327270779737,8.320394350448598
ExponentialSmoothingTrend,test,2023-04-28,8.33554660209298,8.320394350448598
ExponentialSmoothingTrend,test,2023-05-01,8.33516042104447,8.320394350448598
ExponentialSmoothingTrend,test,2023-05-02,8.323506514363897,8.320394350448598
ExponentialSmoothingTrend,test,2023-05-03,8.316483606309005,8.320394350448598
ExponentialSmoothingTrend,test,2023-05-04,8.309238692853942,8.320394350448598
ExponentialSmoothingTrend,test,2023-05-05,8.327544859235822,8.320394350448598
ExponentialSmoothingTrend,test,2023-05-08,8.327996885720705,8.320394350448598
ExponentialSmoothingTrend,test,2023-05-09,8.323406946771644,8.320394350448598
ExponentialSmoothingTrend,test,2023-05-10,8.327880889013558,8.320394350448598
ExponentialSmoothingTrend,test,2023-05-11,8.326182824123853,8.320394350448598
ExponentialSmoothingTrend,test,2023-05-12,8.324598262534414,8.320394350448598
ExponentialSmoothingTrend,test,2023-05-15,8.32755206021473,8.320394350448598
ExponentialSmoothingTrend,test,2023-05-16,8.321153952532812,8.320394350448598
ExponentialSmoothingTrend,test,2023-05-17,8.332974641154884,8.320394350448598
ExponentialSmoothingTrend,test,2023-05-18,8.342375364218611,8.320394350448598
ExponentialSmoothingTrend,test,2023-05-19,8.340928450337936,8.320394350448598
ExponentialSmoothingTrend,test,2023-05-22,8.341083473017738,8.320394350448598
ExponentialSmoothingTrend,test,2023-05-23,8.329798004249454,8.320394350448598
ExponentialSmoothingTrend,test,2023-05-24,8.322452491571148,8.320394350448598
ExponentialSmoothingTrend,test,2023-05-25,8.33117194765016,8.320394350448598
ExponentialSmoothingTrend,test,2023-05-26,8.3441366285818,8.320394350448598
ExponentialSmoothingTrend,test,2023-05-30,8.344153231712466,8.320394350448598
ExponentialSmoothingTrend,test,2023-05-31,8.338025873526252,8.320394350448598
ExponentialSmoothingTrend,test,2023-06-01,8.347832088612106,8.320394350448598
ExponentialSmoothingTrend,test,2023-06-02,8.362261901002213,8.320394350448598
ExponentialSmoothingTrend,test,2023-06-05,8.360256309511556,8.320394350448598
ExponentialSmoothingTrend,test,2023-06-06,8.362607439745407,8.320394350448598
ExponentialSmoothingTrend,test,2023-06-07,8.358788145818986,8.320394350448598
ExponentialSmoothingTrend,test,2023-06-08,8.36495771742651,8.320394350448598
ExponentialSmoothingTrend,test,2023-06-09,8.36610511844956,8.320394350448598
ExponentialSmoothingTrend,test,2023-06-12,8.375383093431315,8.320394350448598
ExponentialSmoothingTrend,test,2023-06-13,8.382291664157224,8.320394350448598
ExponentialSmoothingTrend,test,2023-06-14,8.38311075413735,8.320394350448598
ExponentialSmoothingTrend,test,2023-06-15,8.39521533463094,8.320394350448598
ExponentialSmoothingTrend,test,2023-06-16,8.391536958163188,8.320394350448598
ExponentialSmoothingTrend,test,2023-06-20,8.386790604327953,8.320394350448598
ExponentialSmoothingTrend,test,2023-06-21,8.381531517961028,8.320394350448598
ExponentialSmoothingTrend,test,2023-06-22,8.385235448348363,8.320394350448598
ExponentialSmoothingTrend,test,2023-06-23,8.37754716029186,8.320394350448598
ExponentialSmoothingTrend,test,2023-06-26,8.373050225928727,8.320394350448598
ExponentialSmoothingTrend,test,2023-06-27,8.38444095945291,8.320394350448598
ExponentialSmoothingTrend,test,2023-06-28,8.38408682006452,8.320394350448598
ExponentialSmoothingTrend,test,2023-06-29,8.38855038817901,8.320394350448598
ExponentialSmoothingTrend,test,2023-06-30,8.400744738440896,8.320394350448598
ExponentialSmoothingTrend,test,2023-07-03,8.401914731533568,8.320394350448598
ExponentialSmoothingTrend,test,2023-07-05,8.399944473435955,8.320394350448598
ExponentialSmoothingTrend,test,2023-07-06,8.39199041226006,8.320394350448598
ExponentialSmoothingTrend,test,2023-07-07,8.389121199464327,8.320394350448598
ExponentialSmoothingTrend,test,2023-07-10,8.391523338074954,8.320394350448598
ExponentialSmoothingTrend,test,2023-07-11,8.398242922073209,8.320394350448598
ExponentialSmoothingTrend,test,2023-07-12,8.405626827308598,8.320394350448598
ExponentialSmoothingTrend,test,2023-07-13,8.414061310298225,8.320394350448598
ExponentialSmoothingTrend,test,2023-07-14,8.413036378101317,8.320394350448598
ExponentialSmoothingTrend,test,2023-07-17,8.416884347675738,8.320394350448598
ExponentialSmoothingTrend,test,2023-07-18,8.423976414617167,8.320394350448598
ExponentialSmoothingTrend,test,2023-07-19,8.4263315494444,8.320394350448598
ExponentialSmoothingTrend,test,2023-07-20,8.419551722048142,8.320394350448598
ExponentialSmoothingTrend,test,2023-07-21,8.419875764062756,8.320394350448598
ExponentialSmoothingTrend,test,2023-07-24,8.42390180255963,8.320394350448598
ExponentialSmoothingTrend,test,2023-07-25,8.42671252213547,8.320394350448598
ExponentialSmoothingTrend,test,2023-07-26,8.426557071156793,8.320394350448598
ExponentialSmoothingTrend,test,2023-07-27,8.420111678101597,8.320394350448598
ExponentialSmoothingTrend,test,2023-07-28,8.42994105391203,8.320394350448598
ExponentialSmoothingTrend,test,2023-07-31,8.431408689348599,8.320394350448598
ExponentialSmoothingTrend,test,2023-08-01,8.428740044040916,8.320394350448598
ExponentialSmoothingTrend,test,2023-08-02,8.41480384340258,8.320394350448598
ExponentialSmoothingTrend,test,2023-08-03,8.412252617952289,8.320394350448598
ExponentialSmoothingTrend,test,2023-08-04,8.40693844857835,8.320394350448598
ExponentialSmoothingTrend,test,2023-08-07,8.415922067543207,8.320394350448598
ExponentialSmoothingTrend,test,2023-08-08,8.411694862443149,8.320394350448598
ExponentialSmoothingTrend,test,2023-08-09,8.404631243341102,8.320394350448598
ExponentialSmoothingTrend,test,2023-08-10,8.404881925862183,8.320394350448598
ExponentialSmoothingTrend,test,2023-08-11,8.403811660962955,8.320394350448598
ExponentialSmoothingTrend,test,2023-08-14,8.409545665842373,8.320394350448598
ExponentialSmoothingTrend,test,2023-08-15,8.397927526446276,8.320394350448598
ExponentialSmoothingTrend,test,2023-08-16,8.390343444653652,8.320394350448598
ExponentialSmoothingTrend,test,2023-08-17,8.382600633276123,8.320394350448598
ExponentialSmoothingTrend,test,2023-08-18,8.382451915392165,8.320394350448598
ExponentialSmoothingTrend,test,2023-08-21,8.389307550251965,8.320394350448598
ExponentialSmoothingTrend,test,2023-08-22,8.38652621920542,8.320394350448598
ExponentialSmoothingTrend,test,2023-08-23,8.39751054991621,8.320394350448598
ExponentialSmoothingTrend,test,2023-08-24,8.383961195932203,8.320394350448598
ExponentialSmoothingTrend,test,2023-08-25,8.3906566969925,8.320394350448598
ExponentialSmoothingTrend,test,2023-08-28,8.396901775586695,8.320394350448598
ExponentialSmoothingTrend,test,2023-08-29,8.411305844298752,8.320394350448598
ExponentialSmoothingTrend,test,2023-08-30,8.415131698479945,8.320394350448598
ExponentialSmoothingTrend,test,2023-08-31,8.413533485505605,8.320394350448598
ExponentialSmoothingTrend,test,2023-09-01,8.415330998271124,8.320394350448598
ExponentialSmoothingTrend,test,2023-09-05,8.411128000449741,8.320394350448598
ExponentialSmoothingTrend,test,2023-09-06,8.40413198595831,8.320394350448598
ExponentialSmoothingTrend,test,2023-09-07,8.400915552842577,8.320394350448598
ExponentialSmoothingTrend,test,2023-09-08,8.402341158904834,8.320394350448598
ExponentialSmoothingTrend,test,2023-09-11,8.40904211040297,8.320394350448598
ExponentialSmoothingTrend,test,2023-09-12,8.403329941379965,8.320394350448598
ExponentialSmoothingTrend,test,2023-09-13,8.4045708034975,8.320394350448598
ExponentialSmoothingTrend,test,2023-09-14,8.412965389031166,8.320394350448598
ExponentialSmoothingTrend,test,2023-09-15,8.400731243188673,8.320394350448598
ExponentialSmoothingTrend,test,2023-09-18,8.401452270882848,8.320394350448598
ExponentialSmoothingTrend,test,2023-09-19,8.399298943521314,8.320394350448598
ExponentialSmoothingTrend,test,2023-09-20,8.389859739315023,8.320394350448598
ExponentialSmoothingTrend,test,2023-09-21,8.373322820996535,8.320394350448598
ExponentialSmoothingTrend,test,2023-09-22,8.371024583593774,8.320394350448598
ExponentialSmoothingTrend,test,2023-09-25,8.375039577797581,8.320394350448598
ExponentialSmoothingTrend,test,2023-09-26,8.360195412315317,8.320394350448598
ExponentialSmoothingTrend,test,2023-09-27,8.360424700087611,8.320394350448598
ExponentialSmoothingTrend,test,2023-09-28,8.366300577230612,8.320394350448598
ExponentialSmoothingTrend,test,2023-09-29,8.363587317582322,8.320394350448598
ExponentialSmoothingTrend,test,2023-10-02,8.363666681988475,8.320394350448598
ExponentialSmoothingTrend,test,2023-10-03,8.349827286125027,8.320394350448598
ExponentialSmoothingTrend,test,2023-10-04,8.357904333732856,8.320394350448598
ExponentialSmoothingTrend,test,2023-10-05,8.35659945258586,8.320394350448598
ExponentialSmoothingTrend,test,2023-10-06,8.368345094679821,8.320394350448598
ExponentialSmoothingTrend,test,2023-10-09,8.37462916279921,8.320394350448598
ExponentialSmoothingTrend,test,2023-10-10,8.379823638899195,8.320394350448598
ExponentialSmoothingTrend,test,2023-10-11,8.38410745839929,8.320394350448598
ExponentialSmoothingTrend,test,2023-10-12,8.377841433458634,8.320394350448598
ExponentialSmoothingTrend,test,2023-10-13,8.372809937798415,8.320394350448598
ExponentialSmoothingTrend,test,2023-10-16,8.383348580101005,8.320394350448598
ExponentialSmoothingTrend,test,2023-10-17,8.38325033022156,8.320394350448598
ExponentialSmoothingTrend,test,2023-10-18,8.36975992197041,8.320394350448598
ExponentialSmoothingTrend,test,2023-10-19,8.361240889642351,8.320394350448598
ExponentialSmoothingTrend,test,2023-10-20,8.348575740446195,8.320394350448598
ExponentialSmoothingTrend,test,2023-10-23,8.34688874838076,8.320394350448598
ExponentialSmoothingTrend,test,2023-10-24,8.35412827190039,8.320394350448598
ExponentialSmoothingTrend,test,2023-10-25,8.339684837243151,8.320394350448598
ExponentialSmoothingTrend,test,2023-10-26,8.327781756037567,8.320394350448598
ExponentialSmoothingTrend,test,2023-10-27,8.322969917458945,8.320394350448598
ExponentialSmoothingTrend,test,2023-10-30,8.334908391759232,8.320394350448598
ExponentialSmoothingTrend,test,2023-10-31,8.341362476580919,8.320394350448598
ExponentialSmoothingTrend,test,2023-11-01,8.351813671571112,8.320394350448598
ExponentialSmoothingTrend,test,2023-11-02,8.370496610505198,8.320394350448598
ExponentialSmoothingTrend,test,2023-11-03,8.37984649404975,8.320394350448598
ExponentialSmoothingTrend,test,2023-11-06,8.38159795177385,8.320394350448598
ExponentialSmoothingTrend,test,2023-11-07,8.384434045175562,8.320394350448598
ExponentialSmoothingTrend,test,2023-11-08,8.385438456207982,8.320394350448598
ExponentialSmoothingTrend,test,2023-11-09,8.377321765508913,8.320394350448598
ExponentialSmoothingTrend,test,2023-11-10,8.392817524779685,8.320394350448598
ExponentialSmoothingTrend,test,2023-11-13,8.391981336338315,8.320394350448598
ExponentialSmoothingTrend,test,2023-11-14,8.410876706812893,8.320394350448598
ExponentialSmoothingTrend,test,2023-11-15,8.41247244502074,8.320394350448598
ExponentialSmoothingTrend,test,2023-11-16,8.413662164417453,8.320394350448598
ExponentialSmoothingTrend,test,2023-11-17,8.414943392354632,8.320394350448598
ExponentialSmoothingTrend,test,2023-11-20,8.422306496148426,8.320394350448598
ExponentialSmoothingTrend,test,2023-11-21,8.42028352021667,8.320394350448598
ExponentialSmoothingTrend,test,2023-11-22,8.424336425310983,8.320394350448598
ExponentialSmoothingTrend,test,2023-11-24,8.424933120920628,8.320394350448598
ExponentialSmoothingTrend,test,2023-11-27,8.422977051603729,8.320394350448598
ExponentialSmoothingTrend,test,2023-11-28,8.42395669013178,8.320394350448598
ExponentialSmoothingTrend,test,2023-11-29,8.423009993516677,8.320394350448598
ExponentialSmoothingTrend,test,2023-11-30,8.426786924781672,8.320394350448598
ExponentialSmoothingTrend,test,2023-12-01,8.432643483735518,8.320394350448598
ExponentialSmoothingTrend,test,2023-12-04,8.427220295671692,8.320394350448598
ExponentialSmoothingTrend,test,2023-12-05,8.426651264077757,8.320394350448598
ExponentialSmoothingTrend,test,2023-12-06,8.422737412132813,8.320394350448598
ExponentialSmoothingTrend,test,2023-12-07,8.430674022817636,8.320394350448598
ExponentialSmoothingTrend,test,2023-12-08,8.43476115696414,8.320394350448598
ExponentialSmoothingTrend,test,2023-12-11,8.43867797051192,8.320394350448598
ExponentialSmoothingTrend,test,2023-12-12,8.443266783307612,8.320394350448598
ExponentialSmoothingTrend,test,2023-12-13,8.456825128482633,8.320394350448598
ExponentialSmoothingTrend,test,2023-12-14,8.459468693667787,8.320394350448598
ExponentialSmoothingTrend,test,2023-12-15,8.459392441267338,8.320394350448598
ExponentialSmoothingTrend,test,2023-12-18,8.463910563530739,8.320394350448598
ExponentialSmoothingTrend,test,2023-12-19,8.469759830981559,8.320394350448598
ExponentialSmoothingTrend,test,2023-12-20,8.454966683016252,8.320394350448598
ExponentialSmoothingTrend,test,2023-12-21,8.465215452323525,8.320394350448598
ExponentialSmoothingTrend,test,2023-12-22,8.466874134476285,8.320394350448598
ExponentialSmoothingTrend,test,2023-12-26,8.471096895523264,8.320394350448598
ExponentialSmoothingTrend,test,2023-12-27,8.472526331139687,8.320394350448598
ExponentialSmoothingTrend,test,2023-12-28,8.472896437250014,8.320394350448598
ExponentialSmoothingTrend,test,2023-12-29,8.47006596021328,8.320394350448598
ExponentialSmoothingTrend,test,2024-01-02,8.464389299413558,8.320394350448598
ExponentialSmoothingTrend,test,2024-01-03,8.45634068108636,8.320394350448598
ExponentialSmoothingTrend,test,2024-01-04,8.452906409423042,8.320394350448598
ExponentialSmoothingTrend,test,2024-01-05,8.454730431062476,8.320394350448598
ExponentialSmoothingTrend,test,2024-01-08,8.46874637649883,8.320394350448598
ExponentialSmoothingTrend,test,2024-01-09,8.467267382646511,8.320394350448598
ExponentialSmoothingTrend,test,2024-01-10,8.472917363297007,8.320394350448598
ExponentialSmoothingTrend,test,2024-01-11,8.472246082460046,8.320394350448598
ExponentialSmoothingTrend,test,2024-01-12,8.47299677621308,8.320394350448598
ExponentialSmoothingTrend,test,2024-01-16,8.469258457160723,8.320394350448598
ExponentialSmoothingTrend,test,2024-01-17,8.463625725889615,8.320394350448598
ExponentialSmoothingTrend,test,2024-01-18,8.472392446615858,8.320394350448598
ExponentialSmoothingTrend,test,2024-01-19,8.484630754848407,8.320394350448598
ExponentialSmoothingTrend,test,2024-01-22,8.486822676035638,8.320394350448598
ExponentialSmoothingTrend,test,2024-01-23,8.489739791376403,8.320394350448598
ExponentialSmoothingTrend,test,2024-01-24,8.49055139035262,8.320394350448598
ExponentialSmoothingTrend,test,2024-01-25,8.495797968487599,8.320394350448598
ExponentialSmoothingTrend,test,2024-01-26,8.495145970732173,8.320394350448598
ExponentialSmoothingTrend,test,2024-01-29,8.502674336237419,8.320394350448598
ExponentialSmoothingTrend,test,2024-01-30,8.502073505840439,8.320394350448598
ExponentialSmoothingTrend,test,2024-01-31,8.485836654099707,8.320394350448598
ExponentialSmoothingTrend,test,2024-02-01,8.498252940213757,8.320394350448598
ExponentialSmoothingTrend,test,2024-02-02,8.508880710936388,8.320394350448598
ExponentialSmoothingTrend,test,2024-02-05,8.505689286227105,8.320394350448598
ExponentialSmoothingTrend,test,2024-02-06,8.507997032158853,8.320394350448598
ExponentialSmoothingTrend,test,2024-02-07,8.516204714752861,8.320394350448598
ExponentialSmoothingTrend,test,2024-02-08,8.516775135292953,8.320394350448598
ExponentialSmoothingTrend,test,2024-02-09,8.522501052421747,8.320394350448598
ExponentialSmoothingTrend,test,2024-02-12,8.521551648279095,8.320394350448598
ExponentialSmoothingTrend,test,2024-02-13,8.50778303885925,8.320394350448598
ExponentialSmoothingTrend,test,2024-02-14,8.517317207163467,8.320394350448598
ExponentialSmoothingTrend,test,2024-02-15,8.523121579837508,8.320394350448598
ExponentialSmoothingTrend,test,2024-02-16,8.518306536261546,8.320394350448598
ExponentialSmoothingTrend,test,2024-02-20,8.512283109795728,8.320394350448598
ExponentialSmoothingTrend,test,2024-02-21,8.513546511290832,8.320394350448598
ExponentialSmoothingTrend,test,2024-02-22,8.534449399957236,8.320394350448598
ExponentialSmoothingTrend,test,2024-02-23,8.534797286983737,8.320394350448598
ExponentialSmoothingTrend,test,2024-02-26,8.53100334773907,8.320394350448598
ExponentialSmoothingTrend,test,2024-02-27,8.53270824327779,8.320394350448598
ExponentialSmoothingTrend,test,2024-02-28,8.531048711956679,8.320394350448598
ExponentialSmoothingTrend,test,2024-02-29,8.536264182412477,8.320394350448598
ExponentialSmoothingTrend,test,2024-03-01,8.544240118845865,8.320394350448598
ExponentialSmoothingTrend,test,2024-03-04,8.543046144270903,8.320394350448598
ExponentialSmoothingTrend,test,2024-03-05,8.532800737994984,8.320394350448598
ExponentialSmoothingTrend,test,2024-03-06,8.537928670847986,8.320394350448598
ExponentialSmoothingTrend,test,2024-03-07,8.54818007313297,8.320394350448598
ExponentialSmoothingTrend,test,2024-03-08,8.54163015014092,8.320394350448598
ExponentialSmoothingTrend,test,2024-03-11,8.540507281872891,8.320394350448598
ExponentialSmoothingTrend,test,2024-03-12,8.55164679445956,8.320394350448598
ExponentialSmoothingTrend,test,2024-03-13,8.549720410457438,8.320394350448598
ExponentialSmoothingTrend,test,2024-03-14,8.546845189405943,8.320394350448598
ExponentialSmoothingTrend,test,2024-03-15,8.540341166546204,8.320394350448598
ExponentialSmoothingTrend,test,2024-03-18,8.546639350784686,8.320394350448598
ExponentialSmoothingTrend,test,2024-03-19,8.552272603829028,8.320394350448598
ExponentialSmoothingTrend,test,2024-03-20,8.561137369345388,8.320394350448598
ExponentialSmoothingTrend,test,2024-03-21,8.564368678439918,8.320394350448598
ExponentialSmoothingTrend,test,2024-03-22,8.562965506605591,8.320394350448598
ExponentialSmoothingTrend,test,2024-03-25,8.55990586622356,8.320394350448598
ExponentialSmoothingTrend,test,2024-03-26,8.557102144240753,8.320394350448598
ExponentialSmoothingTrend,test,2024-03-27,8.56569573982346,8.320394350448598
ExponentialSmoothingTrend,test,2024-03-28,8.56681160252422,8.320394350448598
ExponentialSmoothingTrend,test,2024-04-01,8.564795987997263,8.320394350448598
ExponentialSmoothingTrend,test,2024-04-02,8.55753059979359,8.320394350448598
ExponentialSmoothingTrend,test,2024-04-03,8.558621127316929,8.320394350448598
ExponentialSmoothingTrend,test,2024-04-04,8.546210091697667,8.320394350448598
ExponentialSmoothingTrend,test,2024-04-05,8.557248141833366,8.320394350448598
ExponentialSmoothingTrend,test,2024-04-08,8.556873440643324,8.320394350448598
ExponentialSmoothingTrend,test,2024-04-09,8.558317890116959,8.320394350448598
ExponentialSmoothingTrend,test,2024-04-10,8.548815908284746,8.320394350448598
ExponentialSmoothingTrend,test,2024-04-11,8.556233130268089,8.320394350448598
ExponentialSmoothingTrend,test,2024-04-12,8.541575542465841,8.320394350448598
ExponentialSmoothingTrend,test,2024-04-15,8.52948134667838,8.320394350448598
ExponentialSmoothingTrend,test,2024-04-16,8.527422722150877,8.320394350448598
ExponentialSmoothingTrend,test,2024-04-17,8.521625347074872,8.320394350448598
ExponentialSmoothingTrend,test,2024-04-18,8.519414745374387,8.320394350448598
ExponentialSmoothingTrend,test,2024-04-19,8.510617615720331,8.320394350448598
ExponentialSmoothingTrend,test,2024-04-22,8.51931096687717,8.320394350448598
ExponentialSmoothingTrend,test,2024-04-23,8.531204533444892,8.320394350448598
ExponentialSmoothingTrend,test,2024-04-24,8.531417520822824,8.320394350448598
ExponentialSmoothingTrend,test,2024-04-25,8.526830586552705,8.320394350448598
ExponentialSmoothingTrend,test,2024-04-26,8.53698796788503,8.320394350448598
ExponentialSmoothingTrend,test,2024-04-29,8.54016137596167,8.320394350448598
ExponentialSmoothingTrend,test,2024-04-30,8.524305824842742,8.320394350448598
ExponentialSmoothingTrend,test,2024-05-01,8.520864471357111,8.320394350448598
ExponentialSmoothingTrend,test,2024-05-02,8.529951496082194,8.320394350448598
ExponentialSmoothingTrend,test,2024-05-03,8.542430053741704,8.320394350448598
ExponentialSmoothingTrend,test,2024-05-06,8.552703227432952,8.320394350448598
ExponentialSmoothingTrend,test,2024-05-07,8.554045755661777,8.320394350448598
ExponentialSmoothingTrend,test,2024-05-08,8.554039920026582,8.320394350448598
ExponentialSmoothingTrend,test,2024-05-09,8.55911795266569,8.320394350448598
ExponentialSmoothingTrend,test,2024-05-10,8.560765992745857,8.320394350448598
ExponentialSmoothingTrend,test,2024-05-13,8.56052465957199,8.320394350448598
ExponentialSmoothingTrend,test,2024-05-14,8.565350808099446,8.320394350448598
ExponentialSmoothingTrend,test,2024-05-15,8.576998635886746,8.320394350448598
ExponentialSmoothingTrend,test,2024-05-16,8.574914798412657,8.320394350448598
ExponentialSmoothingTrend,test,2024-05-17,8.57607889410055,8.320394350448598
ExponentialSmoothingTrend,test,2024-05-20,8.576994864409041,8.320394350448598
ExponentialSmoothingTrend,test,2024-05-21,8.579493614175934,8.320394350448598
ExponentialSmoothingTrend,test,2024-05-22,8.576783822966583,8.320394350448598
ExponentialSmoothingTrend,test,2024-05-23,8.56937566068311,8.320394350448598
ExponentialSmoothingTrend,test,2024-05-24,8.576352309759784,8.320394350448598
ExponentialSmoothingTrend,test,2024-05-28,8.57660108066667,8.320394350448598
ExponentialSmoothingTrend,test,2024-05-29,8.569206763450927,8.320394350448598
ExponentialSmoothingTrend,test,2024-05-30,8.563213805915174,8.320394350448598
ExponentialSmoothingTrend,test,2024-05-31,8.571209630147102,8.320394350448598
ExponentialSmoothingTrend,test,2024-06-03,8.572325090370637,8.320394350448598
ExponentialSmoothingTrend,test,2024-06-04,8.57382677137442,8.320394350448598
ExponentialSmoothingTrend,test,2024-06-05,8.585604787224376,8.320394350448598
ExponentialSmoothingTrend,test,2024-06-06,8.58540495062274,8.320394350448598
ExponentialSmoothingTrend,test,2024-06-07,8.584289108572461,8.320394350448598
ExponentialSmoothingTrend,test,2024-06-10,8.586866638550703,8.320394350448598
ExponentialSmoothingTrend,test,2024-06-11,8.589573353405912,8.320394350448598
ExponentialSmoothingTrend,test,2024-06-12,8.5980410736478,8.320394350448598
ExponentialSmoothingTrend,test,2024-06-13,8.600382985084916,8.320394350448598
ExponentialSmoothingTrend,test,2024-06-14,8.599989046803918,8.320394350448598
ExponentialSmoothingTrend,test,2024-06-17,8.607624211176239,8.320394350448598
ExponentialSmoothingTrend,test,2024-06-18,8.610142365357756,8.320394350448598
ExponentialSmoothingTrend,test,2024-06-20,8.607613237962344,8.320394350448598
ExponentialSmoothingTrend,test,2024-06-21,8.60604988624352,8.320394350448598
ExponentialSmoothingTrend,test,2024-06-24,8.602980007087652,8.320394350448598
ExponentialSmoothingTrend,test,2024-06-25,8.606905880766835,8.320394350448598
ExponentialSmoothingTrend,test,2024-06-26,8.608477076991555,8.320394350448598
ExponentialSmoothingTrend,test,2024-06-27,8.609383986848353,8.320394350448598
ExponentialSmoothingTrend,test,2024-06-28,8.605291973385985,8.320394350448598
ExponentialSmoothingTrend,test,2024-07-01,8.607963964367414,8.320394350448598
ExponentialSmoothingTrend,test,2024-07-02,8.6141401701386,8.320394350448598
ExponentialSmoothingTrend,test,2024-07-03,8.619211732408132,8.320394350448598
ExponentialSmoothingTrend,test,2024-07-05,8.624645706769101,8.320394350448598
ExponentialSmoothingTrend,test,2024-07-08,8.625661889245507,8.320394350448598
ExponentialSmoothingTrend,test,2024-07-09,8.626402686723571,8.320394350448598
ExponentialSmoothingTrend,test,2024-07-10,8.636559001601677,8.320394350448598
ExponentialSmoothingTrend,test,2024-07-11,8.627757351632411,8.320394350448598
ExponentialSmoothingTrend,test,2024-07-12,8.633259215657375,8.320394350448598
ExponentialSmoothingTrend,test,2024-07-15,8.63608143208073,8.320394350448598
ExponentialSmoothingTrend,test,2024-07-16,8.642450482052181,8.320394350448598
ExponentialSmoothingTrend,test,2024-07-17,8.628425040528537,8.320394350448598
ExponentialSmoothingTrend,test,2024-07-18,8.620577928383186,8.320394350448598
ExponentialSmoothingTrend,test,2024-07-19,8.61341204915678,8.320394350448598
ExponentialSmoothingTrend,test,2024-07-22,8.624146266403,8.320394350448598
ExponentialSmoothingTrend,test,2024-07-23,8.622586948709055,8.320394350448598
ExponentialSmoothingTrend,test,2024-07-24,8.599165706486161,8.320394350448598
ExponentialSmoothingTrend,test,2024-07-25,8.594009817466445,8.320394350448598
ExponentialSmoothingTrend,test,2024-07-26,8.605039237876015,8.320394350448598
ExponentialSmoothingTrend,test,2024-07-29,8.605852217447843,8.320394350448598
ExponentialSmoothingTrend,test,2024-07-30,8.600879703086477,8.320394350448598
ExponentialSmoothingTrend,test,2024-07-31,8.616549683788394,8.320394350448598
ExponentialSmoothingTrend,test,2024-08-01,8.602761559996404,8.320394350448598
ExponentialSmoothingTrend,test,2024-08-02,8.58420865338785,8.320394350448598
ExponentialSmoothingTrend,test,2024-08-05,8.553781611995458,8.320394350448598
ExponentialSmoothingTrend,test,2024-08-06,8.564082461489058,8.320394350448598
ExponentialSmoothingTrend,test,2024-08-07,8.556317746100287,8.320394350448598
ExponentialSmoothingTrend,test,2024-08-08,8.579098885691186,8.320394350448598
ExponentialSmoothingTrend,test,2024-08-09,8.583759684125567,8.320394350448598
ExponentialSmoothingTrend,test,2024-08-12,8.583802717177289,8.320394350448598
ExponentialSmoothingTrend,test,2024-08-13,8.600509950596338,8.320394350448598
ExponentialSmoothingTrend,test,2024-08-14,8.604326387157537,8.320394350448598
ExponentialSmoothingTrend,test,2024-08-15,8.620330877088842,8.320394350448598
ExponentialSmoothingTrend,test,2024-08-16,8.622318679457237,8.320394350448598
ExponentialSmoothingTrend,test,2024-08-19,8.631994006893414,8.320394350448598
ExponentialSmoothingTrend,test,2024-08-20,8.630007479655806,8.320394350448598
ExponentialSmoothingTrend,test,2024-08-21,8.634238194376811,8.320394350448598
ExponentialSmoothingTrend,test,2024-08-22,8.625265252120155,8.320394350448598
ExponentialSmoothingTrend,test,2024-08-23,8.636683189521818,8.320394350448598
ExponentialSmoothingTrend,test,2024-08-26,8.633524479352213,8.320394350448598
ExponentialSmoothingTrend,test,2024-08-27,8.635118404464937,8.320394350448598
ExponentialSmoothingTrend,test,2024-08-28,8.629124503670202,8.320394350448598
ExponentialSmoothingTrend,test,2024-08-29,8.629085123826764,8.320394350448598
ExponentialSmoothingTrend,test,2024-08-30,8.639127580905908,8.320394350448598
ExponentialSmoothingTrend,test,2024-09-03,8.61774961753351,8.320394350448598
ExponentialSmoothingTrend,test,2024-09-04,8.61614578850613,8.320394350448598
ExponentialSmoothingTrend,test,2024-09-05,8.613123207491455,8.320394350448598
ExponentialSmoothingTrend,test,2024-09-06,8.595712262984032,8.320394350448598
ExponentialSmoothingTrend,test,2024-09-09,8.607225797419849,8.320394350448598
ExponentialSmoothingTrend,test,2024-09-10,8.611688497397644,8.320394350448598
ExponentialSmoothingTrend,test,2024-09-11,8.622297053047486,8.320394350448598
ExponentialSmoothingTrend,test,2024-09-12,8.62976440520429,8.320394350448598
ExponentialSmoothingTrend,test,2024-09-13,8.635157547438645,8.320394350448598
ExponentialSmoothingTrend,test,2024-09-16,8.636413388305956,8.320394350448598
ExponentialSmoothingTrend,test,2024-09-17,8.636677903399852,8.320394350448598
ExponentialSmoothingTrend,test,2024-09-18,8.633777244691538,8.320394350448598
ExponentialSmoothingTrend,test,2024-09-19,8.650611601584265,8.320394350448598
ExponentialSmoothingTrend,test,2024-09-20,8.648668687954249,8.320394350448598
ExponentialSmoothingTrend,test,2024-09-23,8.651474022379961,8.320394350448598
ExponentialSmoothingTrend,test,2024-09-24,8.653982053483308,8.320394350448598
ExponentialSmoothingTrend,test,2024-09-25,8.652119070277095,8.320394350448598
ExponentialSmoothingTrend,test,2024-09-26,8.656149612435295,8.320394350448598
ExponentialSmoothingTrend,test,2024-09-27,8.654895609535222,8.320394350448598
ExponentialSmoothingTrend,test,2024-09-30,8.659123213193663,8.320394350448598
ExponentialSmoothingTrend,test,2024-10-01,8.649755364499208,8.320394350448598
ExponentialSmoothingTrend,test,2024-10-02,8.649893745826196,8.320394350448598
ExponentialSmoothingTrend,test,2024-10-03,8.648210917171737,8.320394350448598
ExponentialSmoothingTrend,test,2024-10-04,8.657141172870922,8.320394350448598
ExponentialSmoothingTrend,test,2024-10-07,8.647508909041534,8.320394350448598
ExponentialSmoothingTrend,test,2024-10-08,8.657151615846228,8.320394350448598
ExponentialSmoothingTrend,test,2024-10-09,8.664239846863223,8.320394350448598
ExponentialSmoothingTrend,test,2024-10-10,8.662167578357241,8.320394350448598
ExponentialSmoothingTrend,test,2024-10-11,8.66820118706454,8.320394350448598
ExponentialSmoothingTrend,test,2024-10-14,8.675879301639133,8.320394350448598
ExponentialSmoothingTrend,test,2024-10-15,8.66824073560162,8.320394350448598
ExponentialSmoothingTrend,test,2024-10-16,8.6729089683844,8.320394350448598
ExponentialSmoothingTrend,test,2024-10-17,8.672737793255862,8.320394350448598
ExponentialSmoothingTrend,test,2024-10-18,8.676701480198636,8.320394350448598
ExponentialSmoothingTrend,test,2024-10-21,8.674877047442218,8.320394350448598
ExponentialSmoothingTrend,test,2024-10-22,8.674402080775021,8.320394350448598
ExponentialSmoothingTrend,test,2024-10-23,8.665168256507341,8.320394350448598
ExponentialSmoothingTrend,test,2024-10-24,8.667311729637898,8.320394350448598
ExponentialSmoothingTrend,test,2024-10-25,8.667012237624713,8.320394350448598
ExponentialSmoothingTrend,test,2024-10-28,8.669660172251445,8.320394350448598
ExponentialSmoothingTrend,test,2024-10-29,8.671272998196347,8.320394350448598
ExponentialSmoothingTrend,test,2024-10-30,8.667967306523858,8.320394350448598
ExponentialSmoothingTrend,test,2024-10-31,8.649177171595113,8.320394350448598
ExponentialSmoothingTrend,test,2024-11-01,8.653261329599639,8.320394350448598
ExponentialSmoothingTrend,test,2024-11-04,8.650445284786448,8.320394350448598
ExponentialSmoothingTrend,test,2024-11-05,8.66263631581601,8.320394350448598
ExponentialSmoothingTrend,test,2024-11-06,8.687617596773197,8.320394350448598
ExponentialSmoothingTrend,test,2024-11-07,8.695021350947194,8.320394350448598
ExponentialSmoothingTrend,test,2024-11-08,8.698771144982912,8.320394350448598
ExponentialSmoothingTrend,test,2024-11-11,8.699739739173868,8.320394350448598
ExponentialSmoothingTrend,test,2024-11-12,8.696842887696931,8.320394350448598
ExponentialSmoothingTrend,test,2024-11-13,8.697075088461073,8.320394350448598
ExponentialSmoothingTrend,test,2024-11-14,8.691006979878829,8.320394350448598
ExponentialSmoothingTrend,test,2024-11-15,8.677715549012035,8.320394350448598
ExponentialSmoothingTrend,test,2024-11-18,8.681625708758242,8.320394350448598
ExponentialSmoothingTrend,test,2024-11-19,8.685581459278838,8.320394350448598
ExponentialSmoothingTrend,test,2024-11-20,8.685603409900173,8.320394350448598
ExponentialSmoothingTrend,test,2024-11-21,8.69092966174446,8.320394350448598
ExponentialSmoothingTrend,test,2024-11-22,8.694391621335997,8.320394350448598
ExponentialSmoothingTrend,test,2024-11-25,8.697407549156123,8.320394350448598
ExponentialSmoothingTrend,test,2024-11-26,8.703113246311386,8.320394350448598
ExponentialSmoothingTrend,test,2024-11-27,8.699304765227808,8.320394350448598
ExponentialSmoothingTrend,test,2024-11-29,8.70489688562461,8.320394350448598
ExponentialSmoothingTrend,test,2024-12-02,8.707342349505192,8.320394350448598
ExponentialSmoothingTrend,test,2024-12-03,8.707793696747213,8.320394350448598
ExponentialSmoothingTrend,test,2024-12-04,8.71382687837535,8.320394350448598
ExponentialSmoothingTrend,test,2024-12-05,8.711955352535968,8.320394350448598
ExponentialSmoothingTrend,test,2024-12-06,8.714447697903505,8.320394350448598
ExponentialSmoothingTrend,test,2024-12-09,8.708284530618279,8.320394350448598
ExponentialSmoothingTrend,test,2024-12-10,8.705316246304,8.320394350448598
ExponentialSmoothingTrend,test,2024-12-11,8.713448872715368,8.320394350448598
ExponentialSmoothingTrend,test,2024-12-12,8.708020141253904,8.320394350448598
ExponentialSmoothingTrend,test,2024-12-13,8.707993674264532,8.320394350448598
ExponentialSmoothingTrend,test,2024-12-16,8.711785829273317,8.320394350448598
ExponentialSmoothingTrend,test,2024-12-17,8.707914349792661,8.320394350448598
ExponentialSmoothingTrend,test,2024-12-18,8.677977844488144,8.320394350448598
ExponentialSmoothingTrend,test,2024-12-19,8.677112357737606,8.320394350448598
ExponentialSmoothingTrend,test,2024-12-20,8.687922837140004,8.320394350448598
ExponentialSmoothingTrend,test,2024-12-23,8.69518368672562,8.320394350448598
ExponentialSmoothingTrend,test,2024-12-24,8.706165919890747,8.320394350448598
ExponentialSmoothingTrend,test,2024-12-26,8.705760178802489,8.320394350448598
ExponentialSmoothingTrend,test,2024-12-27,8.694642873837577,8.320394350448598
ExponentialSmoothingTrend,test,2024-12-30,8.683883199895847,8.320394350448598
ExponentialSmoothingTrend,test,2024-12-31,8.679589193436865,8.320394350448598
ExponentialSmoothingTrend,test,2025-01-02,8.677362830287416,8.320394350448598
ExponentialSmoothingTrend,test,2025-01-03,8.689880186995241,8.320394350448598
ExponentialSmoothingTrend,test,2025-01-06,8.69540295349206,8.320394350448598
ExponentialSmoothingTrend,test,2025-01-07,8.684236931975423,8.320394350448598
ExponentialSmoothingTrend,test,2025-01-08,8.685796076069254,8.320394350448598
ExponentialSmoothingTrend,test,2025-01-10,8.670264438419022,8.320394350448598
ExponentialSmoothingTrend,test,2025-01-13,8.671838642797075,8.320394350448598
ExponentialSmoothingTrend,test,2025-01-14,8.67298426613124,8.320394350448598
ExponentialSmoothingTrend,test,2025-01-15,8.691131398635756,8.320394350448598
ExponentialSmoothingTrend,test,2025-01-16,8.68901647429489,8.320394350448598
ExponentialSmoothingTrend,test,2025-01-17,8.698957952603283,8.320394350448598
ExponentialSmoothingTrend,test,2025-01-21,8.70768796204388,8.320394350448598
ExponentialSmoothingTrend,test,2025-01-22,8.713807143130873,8.320394350448598
ExponentialSmoothingTrend,test,2025-01-23,8.719106562590403,8.320394350448598
ExponentialSmoothingTrend,test,2025-01-24,8.716247346605936,8.320394350448598
ExponentialSmoothingTrend,test,2025-01-27,8.701559287573824,8.320394350448598
ExponentialSmoothingTrend,test,2025-01-28,8.71073493175154,8.320394350448598
ExponentialSmoothingTrend,test,2025-01-29,8.70604505569462,8.320394350448598
ExponentialSmoothingTrend,test,2025-01-30,8.7113066038468,8.320394350448598
ExponentialSmoothingTrend,test,2025-01-31,8.706246999856534,8.320394350448598
ExponentialSmoothingTrend,test,2025-02-03,8.698609309127038,8.320394350448598
ExponentialSmoothingTrend,test,2025-02-04,8.705808216530068,8.320394350448598
ExponentialSmoothingTrend,test,2025-02-05,8.709709270445682,8.320394350448598
ExponentialSmoothingTrend,test,2025-02-06,8.713346944800948,8.320394350448598
ExponentialSmoothingTrend,test,2025-02-07,8.703837099107288,8.320394350448598
ExponentialSmoothingTrend,test,2025-02-10,8.710527211402741,8.320394350448598
ExponentialSmoothingTrend,test,2025-02-11,8.710866736546416,8.320394350448598
ExponentialSmoothingTrend,test,2025-02-12,8.708139153356768,8.320394350448598
ExponentialSmoothingTrend,test,2025-02-13,8.718511466571004,8.320394350448598
ExponentialSmoothingTrend,test,2025-02-14,8.71843952017543,8.320394350448598
ExponentialSmoothingTrend,test,2025-02-18,8.72088152383098,8.320394350448598
ExponentialSmoothingTrend,test,2025-02-19,8.723255672697805,8.320394350448598
ExponentialSmoothingTrend,test,2025-02-20,8.718912067813516,8.320394350448598
ExponentialSmoothingTrend,test,2025-02-21,8.701700671140976,8.320394350448598
ExponentialSmoothingTrend,test,2025-02-24,8.696719177574725,8.320394350448598
ExponentialSmoothingTrend,test,2025-02-25,8.692028462436328,8.320394350448598
ExponentialSmoothingTrend,test,2025-02-26,8.692164477465912,8.320394350448598
ExponentialSmoothingTrend,test,2025-02-27,8.676172734787388,8.320394350448598
ExponentialSmoothingTrend,test,2025-02-28,8.691902515208051,8.320394350448598
ExponentialSmoothingTrend,test,2025-03-03,8.674149112559741,8.320394350448598
ExponentialSmoothingTrend,test,2025-03-04,8.661838824328235,8.320394350448598
ExponentialSmoothingTrend,test,2025-03-05,8.672936296856971,8.320394350448598
ExponentialSmoothingTrend,test,2025-03-06,8.654956619749516,8.320394350448598
ExponentialSmoothingTrend,test,2025-03-07,8.660462054794971,8.320394350448598
ExponentialSmoothingTrend,test,2025-03-10,8.633118513006542,8.320394350448598
ExponentialSmoothingTrend,test,2025-03-11,8.625521866088006,8.320394350448598
ExponentialSmoothingTrend,test,2025-03-12,8.630396834028497,8.320394350448598
ExponentialSmoothingTrend,test,2025-03-13,8.616408467222032,8.320394350448598
ExponentialSmoothingTrend,test,2025-03-14,8.63745137317523,8.320394350448598
ExponentialSmoothingTrend,test,2025-03-17,8.643847008149836,8.320394350448598
ExponentialSmoothingTrend,test,2025-03-18,8.633136341075515,8.320394350448598
ExponentialSmoothingTrend,test,2025-03-19,8.643876949248469,8.320394350448598
ExponentialSmoothingTrend,test,2025-03-20,8.641689665734686,8.320394350448598
ExponentialSmoothingTrend,test,2025-03-21,8.64251397934252,8.320394350448598
ExponentialSmoothingTrend,test,2025-03-24,8.660006096471157,8.320394350448598
ExponentialSmoothingTrend,test,2025-03-25,8.661579191961811,8.320394350448598
ExponentialSmoothingTrend,test,2025-03-26,8.650359551604213,8.320394350448598
ExponentialSmoothingTrend,test,2025-03-27,8.64704709059708,8.320394350448598
ExponentialSmoothingTrend,test,2025-03-28,8.627112489470228,8.320394350448598
ExponentialSmoothingTrend,test,2025-03-31,8.632635729827873,8.320394350448598
ExponentialSmoothingTrend,test,2025-04-01,8.636409834383086,8.320394350448598
ExponentialSmoothingTrend,test,2025-04-02,8.64311549581257,8.320394350448598
ExponentialSmoothingTrend,test,2025-04-03,8.593509583983574,8.320394350448598
ExponentialSmoothingTrend,test,2025-04-04,8.531900522085342,8.320394350448598
ExponentialSmoothingTrend,test,2025-04-07,8.52956632747938,8.320394350448598
ExponentialSmoothingTrend,test,2025-04-08,8.513741244202324,8.320394350448598
ExponentialSmoothingTrend,test,2025-04-09,8.60463612403536,8.320394350448598
ExponentialSmoothingTrend,test,2025-04-10,8.56941551701125,8.320394350448598
ExponentialSmoothingTrend,test,2025-04-11,8.587345897847026,8.320394350448598
ExponentialSmoothingTrend,test,2025-04-14,8.59525921717337,8.320394350448598
ExponentialSmoothingTrend,test,2025-04-15,8.593529941948068,8.320394350448598
ExponentialSmoothingTrend,test,2025-04-16,8.570866687983166,8.320394350448598
ExponentialSmoothingTrend,test,2025-04-17,8.57219264660694,8.320394350448598
ExponentialSmoothingTrend,test,2025-04-21,8.54834299827292,8.320394350448598
ExponentialSmoothingTrend,test,2025-04-22,8.57314995039837,8.320394350448598
ExponentialSmoothingTrend,test,2025-04-23,8.58967381476525,8.320394350448598
ExponentialSmoothingTrend,test,2025-04-24,8.609730442847834,8.320394350448598
ExponentialSmoothingTrend,test,2025-04-25,8.617076527643535,8.320394350448598
ExponentialSmoothingTrend,test,2025-04-28,8.617717029182536,8.320394350448598
ExponentialSmoothingTrend,test,2025-04-29,8.623502670728094,8.320394350448598
ExponentialSmoothingTrend,test,2025-04-30,8.624981567980026,8.320394350448598
ExponentialSmoothingTrend,test,2025-05-01,8.631260913696478,8.320394350448598
ExponentialSmoothingTrend,test,2025-05-02,8.645880104805592,8.320394350448598
ExponentialSmoothingTrend,test,2025-05-05,8.639478057776273,8.320394350448598
ExponentialSmoothingTrend,test,2025-05-06,8.631755072497882,8.320394350448598
ExponentialSmoothingTrend,test,2025-05-07,8.63609201060459,8.320394350448598
ExponentialSmoothingTrend,test,2025-05-08,8.641875031752058,8.320394350448598
ExponentialSmoothingTrend,test,2025-05-09,8.641163297617181,8.320394350448598
ExponentialSmoothingTrend,test,2025-05-12,8.6732032742942,8.320394350448598
ExponentialSmoothingTrend,test,2025-05-13,8.680425333314448,8.320394350448598
ExponentialSmoothingTrend,test,2025-05-14,8.681449224556724,8.320394350448598
ExponentialSmoothingTrend,test,2025-05-15,8.68557304199548,8.320394350448598
ExponentialSmoothingTrend,test,2025-05-16,8.69255389136358,8.320394350448598
ExponentialSmoothingTrend,test,2025-05-19,8.69342962092963,8.320394350448598
ExponentialSmoothingTrend,test,2025-05-20,8.689541843860058,8.320394350448598
ExponentialSmoothingTrend,test,2025-05-21,8.673275124592298,8.320394350448598
ExponentialSmoothingTrend,test,2025-05-22,8.672830154569876,8.320394350448598
ExponentialSmoothingTrend,test,2025-05-23,8.666099254978404,8.320394350448598
ExponentialSmoothingTrend,test,2025-05-27,8.686351835780588,8.320394350448598
ExponentialSmoothingTrend,test,2025-05-28,8.680765033204143,8.320394350448598
ExponentialSmoothingTrend,test,2025-05-29,8.684768204074775,8.320394350448598
ExponentialSmoothingTrend,test,2025-05-30,8.68468701561778,8.320394350448598
ExponentialSmoothingTrend,test,2025-06-02,8.688780667108405,8.320394350448598
ExponentialSmoothingTrend,test,2025-06-03,8.694564200643775,8.320394350448598
ExponentialSmoothingTrend,test,2025-06-04,8.694637885388493,8.320394350448598
ExponentialSmoothingTrend,test,2025-06-05,8.689346527409796,8.320394350448598
ExponentialSmoothingTrend,test,2025-06-06,8.699574723625172,8.320394350448598
ExponentialSmoothingTrend,test,2025-06-09,8.700494248811564,8.320394350448598
ExponentialSmoothingTrend,test,2025-06-10,8.70596226135321,8.320394350448598
ExponentialSmoothingTrend,test,2025-06-11,8.703214601034924,8.320394350448598
ExponentialSmoothingTrend,test,2025-06-12,8.7070297341066,8.320394350448598
ExponentialSmoothingTrend,test,2025-06-13,8.695669065516498,8.320394350448598
ExponentialSmoothingTrend,test,2025-06-16,8.705017888664687,8.320394350448598
ExponentialSmoothingTrend,test,2025-06-17,8.696630628941042,8.320394350448598
ExponentialSmoothingTrend,test,2025-06-18,8.696321340906323,8.320394350448598
ExponentialSmoothingTrend,test,2025-06-20,8.694140305690734,8.320394350448598
ExponentialSmoothingTrend,test,2025-06-23,8.703700960761994,8.320394350448598
ExponentialSmoothingTrend,test,2025-06-24,8.714761289378952,8.320394350448598
ExponentialSmoothingTrend,test,2025-06-25,8.714758003270603,8.320394350448598
ExponentialSmoothingTrend,test,2025-06-26,8.72274613430312,8.320394350448598
ExponentialSmoothingTrend,test,2025-06-27,8.72795153355927,8.320394350448598
ExponentialSmoothingTrend,test,2025-06-30,8.7331026710654,8.320394350448598
ExponentialSmoothingTrend,test,2025-07-01,8.73198351395552,8.320394350448598
ExponentialSmoothingTrend,test,2025-07-02,8.73671738826201,8.320394350448598
ExponentialSmoothingTrend,test,2025-07-03,8.745021766472675,8.320394350448598
ExponentialSmoothingTrend,test,2025-07-07,8.73712839836843,8.320394350448598
ExponentialSmoothingTrend,test,2025-07-08,8.73641225511796,8.320394350448598
ExponentialSmoothingTrend,test,2025-07-09,8.74245605789474,8.320394350448598
ExponentialSmoothingTrend,test,2025-07-10,8.745198498967666,8.320394350448598
ExponentialSmoothingTrend,test,2025-07-11,8.74189552719444,8.320394350448598
ExponentialSmoothingTrend,test,2025-07-14,8.743301951525376,8.320394350448598
ExponentialSmoothingTrend,test,2025-07-15,8.739337806459705,8.320394350448598
ExponentialSmoothingTrend,test,2025-07-16,8.742526374985088,8.320394350448598
ExponentialSmoothingTrend,test,2025-07-17,8.7478857552251,8.320394350448598
ExponentialSmoothingTrend,test,2025-07-18,8.747795264922292,8.320394350448598
ExponentialSmoothingTrend,test,2025-07-21,8.749193421927965,8.320394350448598
ExponentialSmoothingTrend,test,2025-07-22,8.749830750424632,8.320394350448598
ExponentialSmoothingTrend,test,2025-07-23,8.757612282570335,8.320394350448598
ExponentialSmoothingTrend,test,2025-07-24,8.758310262567267,8.320394350448598
ExponentialSmoothingTrend,test,2025-07-25,8.762276713568948,8.320394350448598
ExponentialSmoothingTrend,test,2025-07-28,8.762453556040215,8.320394350448598
ExponentialSmoothingTrend,test,2025-07-29,8.759489725842748,8.320394350448598
ExponentialSmoothingTrend,test,2025-07-30,8.758239511904238,8.320394350448598
ExponentialSmoothingTrend,test,2025-07-31,8.754537849857863,8.320394350448598
ExponentialSmoothingTrend,test,2025-08-01,8.738416462672294,8.320394350448598
ExponentialSmoothingTrend,test,2025-08-04,8.753046027163709,8.320394350448598
ExponentialSmoothingTrend,test,2025-08-05,8.748176323383246,8.320394350448598
ExponentialSmoothingTrend,test,2025-08-06,8.7554318456031,8.320394350448598
ExponentialSmoothingTrend,test,2025-08-07,8.754634047431272,8.320394350448598
ExponentialSmoothingTrend,test,2025-08-08,8.762403502247661,8.320394350448598
ExponentialSmoothingTrend,test,2025-08-11,8.759896233853777,8.320394350448598
ExponentialSmoothingTrend,test,2025-08-12,8.771177792928947,8.320394350448598
ExponentialSmoothingTrend,test,2025-08-13,8.774402666312993,8.320394350448598
ExponentialSmoothingTrend,test,2025-08-14,8.774705711191547,8.320394350448598
ExponentialSmoothingTrend,test,2025-08-15,8.771804371275183,8.320394350448598
ExponentialSmoothingTrend,test,2025-08-18,8.771703603017446,8.320394350448598
ExponentialSmoothingTrend,test,2025-08-19,8.765828273905239,8.320394350448598
ExponentialSmoothingTrend,test,2025-08-20,8.763393643272975,8.320394350448598
ExponentialSmoothingTrend,test,2025-08-21,8.759381423544024,8.320394350448598
ExponentialSmoothingTrend,test,2025-08-22,8.774453708702803,8.320394350448598
ExponentialSmoothingTrend,test,2025-08-25,8.770178196163156,8.320394350448598
ExponentialSmoothingTrend,test,2025-08-26,8.774303669873273,8.320394350448598
ExponentialSmoothingTrend,test,2025-08-27,8.776691800326576,8.320394350448598
ExponentialSmoothingTrend,test,2025-08-28,8.779843547768042,8.320394350448598
ExponentialSmoothingTrend,test,2025-08-29,8.77342480736525,8.320394350448598
ExponentialSmoothingTrend,test,2025-09-02,8.766478457304219,8.320394350448598
ExponentialSmoothingTrend,test,2025-09-03,8.77156556960716,8.320394350448598
ExponentialSmoothingTrend,test,2025-09-04,8.779877416710034,8.320394350448598
ExponentialSmoothingTrend,test,2025-09-05,8.776707244040098,8.320394350448598
ExponentialSmoothingTrend,test,2025-09-08,8.778811008490987,8.320394350448598
ExponentialSmoothingTrend,test,2025-09-09,8.78149555552106,8.320394350448598
ExponentialSmoothingTrend,test,2025-09-10,8.784474583750457,8.320394350448598
ExponentialSmoothingTrend,test,2025-09-11,8.792924671373552,8.320394350448598
ExponentialSmoothingTrend,test,2025-09-12,8.792441793492124,8.320394350448598
ExponentialSmoothingTrend,test,2025-09-15,8.797137371218684,8.320394350448598
ExponentialSmoothingTrend,test,2025-09-16,8.795848610785352,8.320394350448598
ExponentialSmoothingTrend,test,2025-09-17,8.794877971707107,8.320394350448598
ExponentialSmoothingTrend,test,2025-09-18,8.799655659543815,8.320394350448598
ExponentialSmoothingTrend,test,2025-09-19,8.804529183481296,8.320394350448598
ExponentialSmoothingTrend,test,2025-09-22,8.808929534196059,8.320394350448598
ExponentialSmoothingTrend,test,2025-09-23,8.80341218236732,8.320394350448598
ExponentialSmoothingTrend,test,2025-09-24,8.800561505202024,8.320394350448598
ExponentialSmoothingTrend,test,2025-09-25,8.795539856459497,8.320394350448598
ExponentialSmoothingTrend,test,2025-09-26,8.801424345589911,8.320394350448598
ExponentialSmoothingTrend,test,2025-09-29,8.804056422849824,8.320394350448598
ExponentialSmoothingTrend,test,2025-09-30,8.808138926463332,8.320394350448598
ExponentialSmoothingTrend,test,2025-10-01,8.811533080634556,8.320394350448598
ExponentialSmoothingTrend,test,2025-10-02,8.812151244255938,8.320394350448598
ExponentialSmoothingTrend,test,2025-10-03,8.812216754912805,8.320394350448598
ExponentialSmoothingTrend,test,2025-10-06,8.815856714195567,8.320394350448598
ExponentialSmoothingTrend,test,2025-10-07,8.812038026488715,8.320394350448598
ExponentialSmoothingTrend,test,2025-10-08,8.817848774982902,8.320394350448598
ExponentialSmoothingTrend,test,2025-10-09,8.815089401002624,8.320394350448598
ExponentialSmoothingTrend,test,2025-10-10,8.787603425562724,8.320394350448598
ExponentialSmoothingTrend,test,2025-10-13,8.803081688599658,8.320394350448598
ExponentialSmoothingTrend,test,2025-10-14,8.801516137102714,8.320394350448598
ExponentialSmoothingTrend,test,2025-10-15,8.805534055606143,8.320394350448598
ExponentialSmoothingTrend,test,2025-10-16,8.799219775331,8.320394350448598
ExponentialSmoothingTrend,test,2025-10-17,8.804476649275527,8.320394350448598
ExponentialSmoothingTrend,test,2025-10-20,8.815092373411671,8.320394350448598
ExponentialSmoothingTrend,test,2025-10-21,8.815125069328088,8.320394350448598
ExponentialSmoothingTrend,test,2025-10-22,8.809773234553345,8.320394350448598
ExponentialSmoothingTrend,test,2025-10-23,8.815583714415359,8.320394350448598
ExponentialSmoothingTrend,test,2025-10-24,8.823455076390603,8.320394350448598
ExponentialSmoothingTrend,test,2025-10-27,8.835670217717983,8.320394350448598
ExponentialSmoothingTrend,test,2025-10-28,8.837955548220213,8.320394350448598
ExponentialSmoothingTrend,test,2025-10-29,8.83791196901548,8.320394350448598
ExponentialSmoothingTrend,test,2025-10-30,8.827957777590944,8.320394350448598
ExponentialSmoothingTrend,test,2025-10-31,8.830572278508829,8.320394350448598
ExponentialSmoothingTrend,test,2025-11-03,8.832291512505746,8.320394350448598
ExponentialSmoothingTrend,test,2025-11-04,8.820485262113419,8.320394350448598
ExponentialSmoothingTrend,test,2025-11-05,8.824132159789107,8.320394350448598
ExponentialSmoothingTrend,test,2025-11-06,8.812891025274384,8.320394350448598
ExponentialSmoothingTrend,test,2025-11-07,8.814152071621878,8.320394350448598
ExponentialSmoothingTrend,test,2025-11-10,8.82943569832538,8.320394350448598
ExponentialSmoothingTrend,test,2025-11-11,8.831508898277772,8.320394350448598
ExponentialSmoothingTrend,test,2025-11-12,8.832138217403717,8.320394350448598
ExponentialSmoothingTrend,test,2025-11-13,8.815442765772788,8.320394350448598
ExponentialSmoothingTrend,test,2025-11-14,8.814940914301516,8.320394350448598
ExponentialSmoothingTrend,test,2025-11-17,8.805736416407212,8.320394350448598
ExponentialSmoothingTrend,test,2025-11-18,8.797445706563042,8.320394350448598
ExponentialSmoothingTrend,test,2025-11-19,8.801192514300308,8.320394350448598
ExponentialSmoothingTrend,test,2025-11-20,8.785502788183992,8.320394350448598
ExponentialSmoothingTrend,test,2025-11-21,8.795277891225584,8.320394350448598
ExponentialSmoothingTrend,test,2025-11-24,8.810626710124666,8.320394350448598
ExponentialSmoothingTrend,test,2025-11-25,8.819647596125499,8.320394350448598
ExponentialSmoothingTrend,test,2025-11-26,8.826530565561649,8.320394350448598
ExponentialSmoothingTrend,test,2025-11-28,8.831871052902786,8.320394350448598
ExponentialSmoothingTrend,test,2025-12-01,8.82653350415673,8.320394350448598
ExponentialSmoothingTrend,test,2025-12-02,8.828987725352667,8.320394350448598
ExponentialSmoothingTrend,test,2025-12-03,8.831963085873753,8.320394350448598
ExponentialSmoothingTrend,test,2025-12-04,8.833042824585727,8.320394350448598
ExponentialSmoothingTrend,test,2025-12-05,8.834977593470406,8.320394350448598
ExponentialSmoothingTrend,test,2025-12-08,8.831494278138758,8.320394350448598
ExponentialSmoothingTrend,test,2025-12-09,8.830617534977744,8.320394350448598
ExponentialSmoothingTrend,test,2025-12-10,8.837344415636885,8.320394350448598
ExponentialSmoothingTrend,test,2025-12-11,8.839421607620602,8.320394350448598
ExponentialSmoothingTrend,test,2025-12-12,8.828700694162047,8.320394350448598
ExponentialSmoothingTrend,test,2025-12-15,8.82710285527021,8.320394350448598
ExponentialSmoothingTrend,test,2025-12-16,8.82471609126177,8.320394350448598
ExponentialSmoothingTrend,test,2025-12-17,8.8130562346504,8.320394350448598
ExponentialSmoothingTrend,test,2025-12-18,8.820959186170878,8.320394350448598
ExponentialSmoothingTrend,test,2025-12-19,8.829738593592708,8.320394350448598
ExponentialSmoothingTrend,test,2025-12-22,8.836154464168269,8.320394350448598
ExponentialSmoothingTrend,test,2025-12-23,8.840694531215059,8.320394350448598
ExponentialSmoothingTrend,test,2025-12-24,8.84391083555976,8.320394350448598
ExponentialSmoothingTrend,test,2025-12-26,8.84360642568265,8.320394350448598
ExponentialSmoothingTrend,test,2025-12-29,8.840108262758713,8.320394350448598
ExponentialSmoothingTrend,test,2025-12-30,8.838731648508059,8.320394350448598
ExponentialSmoothingTrend,test,2025-12-31,8.83134678107381,8.320394350448598
ExponentialSmoothingTrend,test,2026-01-02,8.833239695099927,8.320394350448598
ExponentialSmoothingTrend,test,2026-01-05,8.839573719610978,8.320394350448598
ExponentialSmoothingTrend,test,2026-01-06,8.84575131161487,8.320394350448598
ExponentialSmoothingTrend,test,2026-01-07,8.842305458043862,8.320394350448598
ExponentialSmoothingTrend,test,2026-01-08,8.842382003373285,8.320394350448598
ExponentialSmoothingTrend,test,2026-01-09,8.848836614511605,8.320394350448598
ExponentialSmoothingTrend,test,2026-01-12,8.850413004570786,8.320394350448598
ExponentialSmoothingTrend,test,2026-01-13,8.848471998982578,8.320394350448598
ExponentialSmoothingTrend,test,2026-01-14,8.843124365398443,8.320394350448598
ExponentialSmoothingTrend,test,2026-01-15,8.845700969318887,8.320394350448598
ExponentialSmoothingTrend,test,2026-01-16,8.845058460650437,8.320394350448598
ExponentialSmoothingTrend,test,2026-01-20,8.824215999697175,8.320394350448598
ExponentialSmoothingTrend,test,2026-01-21,8.835737117330735,8.320394350448598
ExponentialSmoothingTrend,test,2026-01-22,8.841209618038638,8.320394350448598
ExponentialSmoothingTrend,test,2026-01-23,8.84153643446612,8.320394350448598
ExponentialSmoothingTrend,test,2026-01-26,8.84653002872628,8.320394350448598
ExponentialSmoothingTrend,test,2026-01-27,8.85060361656672,8.320394350448598
ExponentialSmoothingTrend,test,2026-01-28,8.85052189017502,8.320394350448598
ExponentialSmoothingTrend,test,2026-01-29,8.849228422732558,8.320394350448598
ExponentialSmoothingTrend,test,2026-01-30,8.8449172433181,8.320394350448598
ExponentialSmoothingTrend,test,2026-02-02,8.850294028595464,8.320394350448598
ExponentialSmoothingTrend,test,2026-02-03,8.8418545330048,8.320394350448598
ExponentialSmoothingTrend,test,2026-02-04,8.836769232849786,8.320394350448598
ExponentialSmoothingTrend,test,2026-02-05,8.824442554995954,8.320394350448598
ExponentialSmoothingTrend,test,2026-02-06,8.843946899278155,8.320394350448598
ExponentialSmoothingTrend,test,2026-02-09,8.848627017138277,8.320394350448598
ExponentialSmoothingTrend,test,2026-02-10,8.845317834853768,8.320394350448598
ExponentialSmoothingTrend,test,2026-02-11,8.845268877583818,8.320394350448598
ExponentialSmoothingTrend,test,2026-02-12,8.8294839361977,8.320394350448598
ExponentialSmoothingTrend,test,2026-02-13,8.829982900842147,8.320394350448598
ExponentialSmoothingTrend,test,2026-02-17,8.831013691472803,8.320394350448598
ExponentialSmoothingTrend,test,2026-02-18,8.836564328293939,8.320394350448598
ExponentialSmoothingTrend,test,2026-02-19,8.833738212902404,8.320394350448598
ExponentialSmoothingTrend,test,2026-02-20,8.840653968604578,8.320394350448598
ExponentialSmoothingTrend,test,2026-02-23,8.830214009133122,8.320394350448598
ExponentialSmoothingTrend,test,2026-02-24,8.837836498095506,8.320394350448598
ExponentialSmoothingTrend,test,2026-02-25,8.845939932065635,8.320394350448598
ExponentialSmoothingTrend,test,2026-02-26,8.840559905070068,8.320394350448598
ExponentialSmoothingTrend,test,2026-02-27,8.836211109942031,8.320394350448598
ExponentialSmoothingTrend,test,2026-03-02,8.836609385355166,8.320394350448598
ExponentialSmoothingTrend,test,2026-03-03,8.827120476623854,8.320394350448598
ExponentialSmoothingTrend,test,2026-03-04,8.834846602364003,8.320394350448598
ExponentialSmoothingTrend,test,2026-03-05,8.8291838945913,8.320394350448598
ExponentialSmoothingTrend,test,2026-03-06,8.815818174158803,8.320394350448598
ExponentialSmoothingTrend,test,2026-03-09,8.824088045824192,8.320394350448598
ExponentialSmoothingTrend,test,2026-03-10,8.821950643318305,8.320394350448598
ExponentialSmoothingTrend,test,2026-03-11,8.821112691132669,8.320394350448598
ExponentialSmoothingTrend,test,2026-03-12,8.805767882943176,8.320394350448598
ExponentialSmoothingTrend,test,2026-03-13,8.799690336544673,8.320394350448598
ExponentialSmoothingTrend,test,2026-03-16,8.809770246291492,8.320394350448598
ExponentialSmoothingTrend,test,2026-03-17,8.812261395676446,8.320394350448598
ExponentialSmoothingTrend,test,2026-03-18,8.798560396292714,8.320394350448598
ExponentialSmoothingTrend,test,2026-03-19,8.795807813668816,8.320394350448598
ExponentialSmoothingTrend,test,2026-03-20,8.780553879361046,8.320394350448598
ExponentialSmoothingTrend,test,2026-03-23,8.791941988456118,8.320394350448598
ExponentialSmoothingTrend,test,2026-03-24,8.788192392996798,8.320394350448598
ExponentialSmoothingTrend,test,2026-03-25,8.793596886756747,8.320394350448598
ExponentialSmoothingTrend,test,2026-03-26,8.776037445795538,8.320394350448598
ExponentialSmoothingTrend,test,2026-03-27,8.759174213849487,8.320394350448598
ExponentialSmoothingTrend,test,2026-03-30,8.75522066001613,8.320394350448598
ExponentialSmoothingTrend,test,2026-03-31,8.78393555332593,8.320394350448598
ExponentialSmoothingTrend,test,2026-04-01,8.79107849832969,8.320394350448598
ExponentialSmoothingTrend,test,2026-04-02,8.792198746465926,8.320394350448598
ExponentialSmoothingTrend,test,2026-04-06,8.79661575959753,8.320394350448598
ExponentialSmoothingTrend,test,2026-04-07,8.797374719630659,8.320394350448598
ExponentialSmoothingTrend,test,2026-04-08,8.822146757987843,8.320394350448598
ExponentialSmoothingTrend,test,2026-04-09,8.828297824857357,8.320394350448598
ExponentialSmoothingTrend,test,2026-04-10,8.827158655158216,8.320394350448598
ExponentialSmoothingTrend,test,2026-04-13,8.837280530651958,8.320394350448598
ExponentialSmoothingTrend,test,2026-04-14,8.848994519568102,8.320394350448598
ExponentialSmoothingTrend,test,2026-04-15,8.856938664479667,8.320394350448598
ExponentialSmoothingTrend,test,2026-04-16,8.859545220294953,8.320394350448598
ExponentialSmoothingTrend,test,2026-04-17,8.87151377422369,8.320394350448598
ExponentialSmoothingTrend,test,2026-04-20,8.869136578313439,8.320394350448598
ExponentialSmoothingTrend,test,2026-04-21,8.862768124732586,8.320394350448598
ExponentialSmoothingTrend,test,2026-04-22,8.873173880744122,8.320394350448598
ExponentialSmoothingTrend,test,2026-04-23,8.869032448573183,8.320394350448598
ExponentialSmoothingTrend,test,2026-04-24,8.876974516490815,8.320394350448598
ExponentialSmoothingTrend,test,2026-04-27,8.878206134491366,8.320394350448598
ExponentialSmoothingTrend,test,2026-04-28,8.87329994662257,8.320394350448598
ExponentialSmoothingTrend,test,2026-04-29,8.872900694879057,8.320394350448598
ExponentialSmoothingTrend,test,2026-04-30,8.883086879047163,8.320394350448598
ExponentialSmoothingTrend,test,2026-05-01,8.886010928733684,8.320394350448598
ExponentialSmoothingTrend,test,2026-05-04,8.881940466245842,8.320394350448598
ExponentialSmoothingTrend,test,2026-05-05,8.890027693626418,8.320394350448598
ExponentialSmoothingTrend,test,2026-05-06,8.904510637954164,8.320394350448598
ExponentialSmoothingTrend,test,2026-05-07,8.900700292471486,8.320394350448598
ExponentialSmoothingTrend,test,2026-05-08,8.909090697900519,8.320394350448598
ExponentialSmoothingTrend,test,2026-05-11,8.910968889641193,8.320394350448598
ExponentialSmoothingTrend,test,2026-05-12,8.909364995229785,8.320394350448598
ExponentialSmoothingTrend,test,2026-05-13,8.91519720129278,8.320394350448598
ExponentialSmoothingTrend,test,2026-05-14,8.92282365043652,8.320394350448598
ExponentialSmoothingTrend,test,2026-05-15,8.91038326864879,8.320394350448598
ExponentialSmoothingTrend,test,2026-05-18,8.909647330056224,8.320394350448598
ExponentialSmoothingTrend,test,2026-05-19,8.902946609499553,8.320394350448598
ExponentialSmoothingTrend,test,2026-05-20,8.91368081756588,8.320394350448598
ExponentialSmoothingTrend,test,2026-05-21,8.915394678497545,8.320394350448598
ExponentialSmoothingTrend,test,2026-05-22,8.919114723781886,8.320394350448598
ExponentialSmoothingTrend,test,2026-05-26,8.925204404405033,8.320394350448598
ExponentialSmoothingTrend,test,2026-05-27,8.925369269958653,8.320394350448598
ExponentialSmoothingTrend,test,2026-05-28,8.93110649717087,8.320394350448598
ExponentialSmoothingTrend,test,2026-05-29,8.933276401902356,8.320394350448598
ExponentialSmoothingTrend,test,2026-06-01,8.935898257962847,8.320394350448598
ExponentialSmoothingTrend,test,2026-06-02,8.937189512875436,8.320394350448598
PolynomialTrendForecaster,validation,2019-11-04,8.032123036194836,8.004824397451763
PolynomialTrendForecaster,validation,2019-11-05,8.030936633483016,8.00514040803501
PolynomialTrendForecaster,validation,2019-11-06,8.031638884075305,8.005456333757675
PolynomialTrendForecaster,validation,2019-11-07,8.034365259319586,8.005772174619759
PolynomialTrendForecaster,validation,2019-11-08,8.036922662464702,8.006087930621263
PolynomialTrendForecaster,validation,2019-11-11,8.034958267051364,8.006403601762186
PolynomialTrendForecaster,validation,2019-11-12,8.036521690352627,8.00671918804253
PolynomialTrendForecaster,validation,2019-11-13,8.037232971922744,8.00703468946229
PolynomialTrendForecaster,validation,2019-11-14,8.0380696645372,8.007350106021473
PolynomialTrendForecaster,validation,2019-11-15,8.045735693315173,8.007665437720073
PolynomialTrendForecaster,validation,2019-11-18,8.046238719637984,8.007980684558094
PolynomialTrendForecaster,validation,2019-11-19,8.04564594953829,8.008295846535534
PolynomialTrendForecaster,validation,2019-11-20,8.04188269311735,8.008610923652393
PolynomialTrendForecaster,validation,2019-11-21,8.04029868703116,8.00892591590867
PolynomialTrendForecaster,validation,2019-11-22,8.042471260973537,8.009240823304369
PolynomialTrendForecaster,validation,2019-11-25,8.049950512861004,8.009555645839486
PolynomialTrendForecaster,validation,2019-11-26,8.052143676505944,8.009870383514022
PolynomialTrendForecaster,validation,2019-11-27,8.056309412131244,8.010185036327979
PolynomialTrendForecaster,validation,2019-11-29,8.052290125901255,8.010499604281353
PolynomialTrendForecaster,validation,2019-12-02,8.04362164220729,8.010814087374147
PolynomialTrendForecaster,validation,2019-12-03,8.036961416949246,8.011128485606362
PolynomialTrendForecaster,validation,2019-12-04,8.043265074558017,8.011442798977995
PolynomialTrendForecaster,validation,2019-12-05,8.044764201484647,8.011757027489049
PolynomialTrendForecaster,validation,2019-12-06,8.053858447515072,8.012071171139521
PolynomialTrendForecaster,validation,2019-12-09,8.050690613830596,8.01238522992941
PolynomialTrendForecaster,validation,2019-12-10,8.049593077661614,8.012699203858723
PolynomialTrendForecaster,validation,2019-12-11,8.052497015190964,8.013013092927453
PolynomialTrendForecaster,validation,2019-12-12,8.06103568256652,8.013326897135602
PolynomialTrendForecaster,validation,2019-12-13,8.061108261716734,8.01364061648317
PolynomialTrendForecaster,validation,2019-12-16,8.068230622659277,8.01395425097016
PolynomialTrendForecaster,validation,2019-12-17,8.068565858687737,8.014267800596567
PolynomialTrendForecaster,validation,2019-12-18,8.068133465047215,8.014581265362395
PolynomialTrendForecaster,validation,2019-12-19,8.07258284386908,8.014894645267642
PolynomialTrendForecaster,validation,2019-12-20,8.077515439673414,8.015207940312308
PolynomialTrendForecaster,validation,2019-12-23,8.078381208387713,8.015521150496394
PolynomialTrendForecaster,validation,2019-12-24,8.078185741085244,8.015834275819898
PolynomialTrendForecaster,validation,2019-12-26,8.083300803495298,8.016147316282822
PolynomialTrendForecaster,validation,2019-12-27,8.083334787634955,8.016460271885165
PolynomialTrendForecaster,validation,2019-12-30,8.077537191555606,8.016773142626928
PolynomialTrendForecaster,validation,2019-12-31,8.080478882199797,8.017085928508111
PolynomialTrendForecaster,validation,2020-01-02,8.088822777562113,8.017398629528712
PolynomialTrendForecaster,validation,2020-01-03,8.081737868197159,8.017711245688734
PolynomialTrendForecaster,validation,2020-01-06,8.085265013391432,8.018023776988175
PolynomialTrendForecaster,validation,2020-01-07,8.082457838306837,8.018336223427035
PolynomialTrendForecaster,validation,2020-01-08,8.087348311792478,8.018648585005312
PolynomialTrendForecaster,validation,2020-01-09,8.093981525909385,8.018960861723011
PolynomialTrendForecaster,validation,2020-01-10,8.091122263421878,8.019273053580129
PolynomialTrendForecaster,validation,2020-01-13,8.098074257467813,8.019585160576668
PolynomialTrendForecaster,validation,2020-01-14,8.096558576630917,8.019897182712624
PolynomialTrendForecaster,validation,2020-01-15,8.098427026874605,8.020209119988
PolynomialTrendForecaster,validation,2020-01-16,8.106758774296837,8.020520972402796
PolynomialTrendForecaster,validation,2020-01-17,8.110613497544321,8.02083273995701
PolynomialTrendForecaster,validation,2020-01-21,8.107957997174736,8.021144422650645
PolynomialTrendForecaster,validation,2020-01-22,8.108247031471418,8.021456020483697
PolynomialTrendForecaster,validation,2020-01-23,8.109387357664776,8.02176753345617
PolynomialTrendForecaster,validation,2020-01-24,8.100304068238582,8.022078961568063
PolynomialTrendForecaster,validation,2020-01-27,8.084448315881739,8.022390304819375
PolynomialTrendForecaster,validation,2020-01-28,8.094451699382091,8.022701563210106
PolynomialTrendForecaster,validation,2020-01-29,8.093584449238506,8.023012736740258
PolynomialTrendForecaster,validation,2020-01-30,8.096713906168716,8.023323825409827
PolynomialTrendForecaster,validation,2020-01-31,8.078849462597354,8.023634829218816
PolynomialTrendForecaster,validation,2020-02-03,8.086077888358586,8.023945748167225
PolynomialTrendForecaster,validation,2020-02-04,8.100947204276093,8.024256582255052
PolynomialTrendForecaster,validation,2020-02-05,8.112134982935066,8.0245673314823
PolynomialTrendForecaster,validation,2020-02-06,8.115455137992068,8.024877995848968
PolynomialTrendForecaster,validation,2020-02-07,8.110039646982608,8.025188575355054
PolynomialTrendForecaster,validation,2020-02-10,8.117339337103182,8.02549907000056
PolynomialTrendForecaster,validation,2020-02-11,8.119026385789185,8.025809479785485
PolynomialTrendForecaster,validation,2020-02-12,8.125468238894388,8.026119804709829
PolynomialTrendForecaster,validation,2020-02-13,8.123836462534399,8.026430044773592
PolynomialTrendForecaster,validation,2020-02-14,8.125678298632884,8.026740199976775
PolynomialTrendForecaster,validation,2020-02-18,8.122754084646736,8.027050270319378
PolynomialTrendForecaster,validation,2020-02-19,8.127448832931021,8.0273602558014
PolynomialTrendForecaster,validation,2020-02-20,8.123626015503024,8.027670156422841
PolynomialTrendForecaster,validation,2020-02-21,8.113052206270204,8.027979972183703
PolynomialTrendForecaster,validation,2020-02-24,8.078964126849764,8.028289703083983
PolynomialTrendForecaster,validation,2020-02-25,8.04821622247441,8.028599349123681
PolynomialTrendForecaster,validation,2020-02-26,8.044430525150881,8.0289089103028
PolynomialTrendForecaster,validation,2020-02-27,7.999262388798619,8.029218386621338
PolynomialTrendForecaster,validation,2020-02-28,7.990989925688966,8.029527778079297
PolynomialTrendForecaster,validation,2020-03-02,8.03600079445838,8.029837084676673
PolynomialTrendForecaster,validation,2020-03-03,8.007490309535465,8.030146306413469
PolynomialTrendForecaster,validation,2020-03-04,8.048826658896099,8.030455443289686
PolynomialTrendForecaster,validation,2020-03-05,8.014315876456116,8.03076449530532
PolynomialTrendForecaster,validation,2020-03-06,7.997114932803731,8.031073462460375
PolynomialTrendForecaster,validation,2020-03-09,7.918104519863359,8.03138234475485
PolynomialTrendForecaster,validation,2020-03-10,7.966319572289218,8.031691142188743
PolynomialTrendForecaster,validation,2020-03-11,7.916216679480613,8.031999854762056
PolynomialTrendForecaster,validation,2020-03-12,7.81627182707814,8.032308482474788
PolynomialTrendForecaster,validation,2020-03-13,7.905080234027375,8.032617025326939
PolynomialTrendForecaster,validation,2020-03-16,7.777428036554558,8.03292548331851
PolynomialTrendForecaster,validation,2020-03-17,7.83565434919025,8.033233856449499
PolynomialTrendForecaster,validation,2020-03-18,7.78243207685817,8.03354214471991
PolynomialTrendForecaster,validation,2020-03-19,7.787128837828571,8.033850348129738
PolynomialTrendForecaster,validation,2020-03-20,7.742801213775204,8.034158466678987
PolynomialTrendForecaster,validation,2020-03-23,7.713069712765627,8.034466500367653
PolynomialTrendForecaster,validation,2020-03-24,7.80275294528359,8.03477444919574
PolynomialTrendForecaster,validation,2020-03-25,7.8142219357044125,8.035082313163247
PolynomialTrendForecaster,validation,2020-03-26,7.874765766778659,8.035390092270173
PolynomialTrendForecaster,validation,2020-03-27,7.840497921237032,8.035697786516518
PolynomialTrendForecaster,validation,2020-03-30,7.873464511807008,8.036005395902283
PolynomialTrendForecaster,validation,2020-03-31,7.857322201018592,8.036312920427466
PolynomialTrendForecaster,validation,2020-04-01,7.812175838285805,8.036620360092071
PolynomialTrendForecaster,validation,2020-04-02,7.834748495342765,8.036927714896093
PolynomialTrendForecaster,validation,2020-04-03,7.81949563451682,8.037234984839536
PolynomialTrendForecaster,validation,2020-04-06,7.887463878661651,8.037542169922396
PolynomialTrendForecaster,validation,2020-04-07,7.885859539613288,8.037849270144678
PolynomialTrendForecaster,validation,2020-04-08,7.919348910804573,8.038156285506378
PolynomialTrendForecaster,validation,2020-04-09,7.933732381108273,8.038463216007498
PolynomialTrendForecaster,validation,2020-04-13,7.923576321663596,8.038770061648037
PolynomialTrendForecaster,validation,2020-04-14,7.953690881235903,8.039076822427996
PolynomialTrendForecaster,validation,2020-04-15,7.931414148563534,8.039383498347373
PolynomialTrendForecaster,validation,2020-04-16,7.9372139864030755,8.039690089406172
PolynomialTrendForecaster,validation,2020-04-17,7.963654918424396,8.039996595604388
PolynomialTrendForecaster,validation,2020-04-20,7.945612072809048,8.040303016942023
PolynomialTrendForecaster,validation,2020-04-21,7.914456957572717,8.040609353419079
PolynomialTrendForecaster,validation,2020-04-22,7.937128258154854,8.040915605035554
PolynomialTrendForecaster,validation,2020-04-23,7.936588690494658,8.041221771791447
PolynomialTrendForecaster,validation,2020-04-24,7.950410781061498,8.04152785368676
PolynomialTrendForecaster,validation,2020-04-27,7.965017649243234,8.041833850721494
PolynomialTrendForecaster,validation,2020-04-28,7.95976147905275,8.042139762895646
PolynomialTrendForecaster,validation,2020-04-29,7.985998183097823,8.042445590209217
PolynomialTrendForecaster,validation,2020-04-30,7.976743039778769,8.04275133266221
PolynomialTrendForecaster,validation,2020-05-01,7.948282828763992,8.04305699025462
PolynomialTrendForecaster,validation,2020-05-04,7.952523651342842,8.043362562986449
PolynomialTrendForecaster,validation,2020-05-05,7.961523586540622,8.043668050857699
PolynomialTrendForecaster,validation,2020-05-06,7.954519706141579,8.043973453868368
PolynomialTrendForecaster,validation,2020-05-07,7.96595866189647,8.044278772018455
PolynomialTrendForecaster,validation,2020-05-08,7.982689456961696,8.044584005307962
PolynomialTrendForecaster,validation,2020-05-11,7.982822526328487,8.04488915373689
PolynomialTrendForecaster,validation,2020-05-12,7.962109160556439,8.045194217305236
PolynomialTrendForecaster,validation,2020-05-13,7.944492163932159,8.045499196013001
PolynomialTrendForecaster,validation,2020-05-14,7.955951081736231,8.045804089860185
PolynomialTrendForecaster,validation,2020-05-15,7.959869756939954,8.04610889884679
PolynomialTrendForecaster,validation,2020-05-18,7.990884965710027,8.046413622972814
PolynomialTrendForecaster,validation,2020-05-19,7.980345217998428,8.046718262238256
PolynomialTrendForecaster,validation,2020-05-20,7.996859208611843,8.04702281664312
PolynomialTrendForecaster,validation,2020-05-21,7.98905524030189,8.0473272861874
PolynomialTrendForecaster,validation,2020-05-22,7.991406185988702,8.047631670871102
PolynomialTrendForecaster,validation,2020-05-26,8.003620471010162,8.047935970694223
PolynomialTrendForecaster,validation,2020-05-27,8.018338918500477,8.048240185656763
PolynomialTrendForecaster,validation,2020-05-28,8.016228779175558,8.048544315758722
PolynomialTrendForecaster,validation,2020-05-29,8.021029572727866,8.0488483610001
PolynomialTrendForecaster,validation,2020-06-01,8.024773789206229,8.049152321380898
PolynomialTrendForecaster,validation,2020-06-02,8.03295109648863,8.049456196901115
PolynomialTrendForecaster,validation,2020-06-03,8.046507767301192,8.049759987560753
PolynomialTrendForecaster,validation,2020-06-04,8.043133378217583,8.05006369335981
PolynomialTrendForecaster,validation,2020-06-05,8.06900739103922,8.050367314298285
PolynomialTrendForecaster,validation,2020-06-08,8.080977047445025,8.05067085037618
PolynomialTrendForecaster,validation,2020-06-09,8.073147304025303,8.050974301593495
PolynomialTrendForecaster,validation,2020-06-10,8.067820048290121,8.051277667950227
PolynomialTrendForecaster,validation,2020-06-11,8.007067355293833,8.05158094944638
PolynomialTrendForecaster,validation,2020-06-12,8.020043641899044,8.051884146081953
PolynomialTrendForecaster,validation,2020-06-15,8.028321502717219,8.052187257856946
PolynomialTrendForecaster,validation,2020-06-16,8.04710635558393,8.052490284771357
PolynomialTrendForecaster,validation,2020-06-17,8.0434995593513,8.052793226825187
PolynomialTrendForecaster,validation,2020-06-18,8.044093602755103,8.053096084018438
PolynomialTrendForecaster,validation,2020-06-19,8.038428089189429,8.053398856351107
PolynomialTrendForecaster,validation,2020-06-22,8.044902182486087,8.053701543823196
PolynomialTrendForecaster,validation,2020-06-23,8.049200351677571,8.054004146434703
PolynomialTrendForecaster,validation,2020-06-24,8.023005086081909,8.054306664185631
PolynomialTrendForecaster,validation,2020-06-25,8.033904913810126,8.054609097075978
PolynomialTrendForecaster,validation,2020-06-26,8.009379709535295,8.054911445105745
PolynomialTrendForecaster,validation,2020-06-29,8.023958597648829,8.05521370827493
PolynomialTrendForecaster,validation,2020-06-30,8.039250947084584,8.055515886583535
PolynomialTrendForecaster,validation,2020-07-01,8.044260511060456,8.055817980031561
PolynomialTrendForecaster,validation,2020-07-02,8.048791481537272,8.056119988619004
PolynomialTrendForecaster,validation,2020-07-06,8.064548412369435,8.056421912345867
PolynomialTrendForecaster,validation,2020-07-07,8.053670934499792,8.05672375121215
PolynomialTrendForecaster,validation,2020-07-08,8.061467920763222,8.057025505217853
PolynomialTrendForecaster,validation,2020-07-09,8.055808329287027,8.057327174362973
PolynomialTrendForecaster,validation,2020-07-10,8.066220139061471,8.057628758647514
PolynomialTrendForecaster,validation,2020-07-13,8.056813493845413,8.057930258071474
PolynomialTrendForecaster,validation,2020-07-14,8.070130794428316,8.058231672634854
PolynomialTrendForecaster,validation,2020-07-15,8.07917185136467,8.058533002337652
PolynomialTrendForecaster,validation,2020-07-16,8.075759936150556,8.05883424717987
PolynomialTrendForecaster,validation,2020-07-17,8.07860449873814,8.05913540716151
PolynomialTrendForecaster,validation,2020-07-20,8.08697629599328,8.059436482282566
PolynomialTrendForecaster,validation,2020-07-21,8.08865392532784,8.059737472543043
PolynomialTrendForecaster,validation,2020-07-22,8.094384555922312,8.060038377942938
PolynomialTrendForecaster,validation,2020-07-23,8.081988177510066,8.060339198482254
PolynomialTrendForecaster,validation,2020-07-24,8.07577853748579,8.060639934160989
PolynomialTrendForecaster,validation,2020-07-27,8.083146466307273,8.060940584979143
PolynomialTrendForecaster,validation,2020-07-28,8.076652030888626,8.061241150936716
PolynomialTrendForecaster,validation,2020-07-29,8.08900381424037,8.061541632033709
PolynomialTrendForecaster,validation,2020-07-30,8.085246512476914,8.06184202827012
PolynomialTrendForecaster,validation,2020-07-31,8.09288774871909,8.062142339645952
PolynomialTrendForecaster,validation,2020-08-03,8.10004311138345,8.062442566161204
PolynomialTrendForecaster,validation,2020-08-04,8.103648534409583,8.062742707815874
PolynomialTrendForecaster,validation,2020-08-05,8.1100576948451,8.063042764609964
PolynomialTrendForecaster,validation,2020-08-06,8.116464820865765,8.063342736543472
PolynomialTrendForecaster,validation,2020-08-07,8.117097650135722,8.063642623616401
PolynomialTrendForecaster,validation,2020-08-10,8.119836115409115,8.063942425828749
PolynomialTrendForecaster,validation,2020-08-11,8.111835060007737,8.064242143180516
PolynomialTrendForecaster,validation,2020-08-12,8.12573456230135,8.064541775671703
PolynomialTrendForecaster,validation,2020-08-13,8.123685289625193,8.064841323302309
PolynomialTrendForecaster,validation,2020-08-14,8.123513392228915,8.065140786072334
PolynomialTrendForecaster,validation,2020-08-17,8.126219569736339,8.065440163981778
PolynomialTrendForecaster,validation,2020-08-18,8.128520310156155,8.065739457030643
PolynomialTrendForecaster,validation,2020-08-19,8.124106186810973,8.066038665218926
PolynomialTrendForecaster,validation,2020-08-20,8.127259841579319,8.06633778854663
PolynomialTrendForecaster,validation,2020-08-21,8.130695041562293,8.06663682701375
PolynomialTrendForecaster,validation,2020-08-24,8.140688656927194,8.066935780620293
PolynomialTrendForecaster,validation,2020-08-25,8.144278556672734,8.067234649366254
PolynomialTrendForecaster,validation,2020-08-26,8.154422558017577,8.067533433251635
PolynomialTrendForecaster,validation,2020-08-27,8.156094204049387,8.067832132276434
PolynomialTrendForecaster,validation,2020-08-28,8.162804206898956,8.068130746440653
PolynomialTrendForecaster,validation,2020-08-31,8.160606831723447,8.068429275744291
PolynomialTrendForecaster,validation,2020-09-01,8.168103663144153,8.06872772018735
PolynomialTrendForecaster,validation,2020-09-02,8.183352713288023,8.069026079769827
PolynomialTrendForecaster,validation,2020-09-03,8.147595119145837,8.069324354491723
PolynomialTrendForecaster,validation,2020-09-04,8.139428838391563,8.06962254435304
PolynomialTrendForecaster,validation,2020-09-08,8.111280009305096,8.069920649353776
PolynomialTrendForecaster,validation,2020-09-09,8.131224769967277,8.070218669493931
PolynomialTrendForecaster,validation,2020-09-10,8.11348352404188,8.070516604773506
PolynomialTrendForecaster,validation,2020-09-11,8.114016454199968,8.070814455192497
PolynomialTrendForecaster,validation,2020-09-14,8.126677789224992,8.071112220750912
PolynomialTrendForecaster,validation,2020-09-15,8.131883575155491,8.071409901448744
PolynomialTrendForecaster,validation,2020-09-16,8.12725392826334,8.071707497285995
PolynomialTrendForecaster,validation,2020-09-17,8.118805978734787,8.072005008262668
PolynomialTrendForecaster,validation,2020-09-18,8.107560401786959,8.072302434378757
PolynomialTrendForecaster,validation,2020-09-21,8.09592183775966,8.072599775634266
PolynomialTrendForecaster,validation,2020-09-22,8.106384854158037,8.072897032029196
PolynomialTrendForecaster,validation,2020-09-23,8.082377515243662,8.073194203563546
PolynomialTrendForecaster,validation,2020-09-24,8.085360520798291,8.073491290237314
PolynomialTrendForecaster,validation,2020-09-25,8.10121096002248,8.073788292050502
PolynomialTrendForecaster,validation,2020-09-28,8.117193151876334,8.074085209003108
PolynomialTrendForecaster,validation,2020-09-29,8.11236886917189,8.074382041095134
PolynomialTrendForecaster,validation,2020-09-30,8.12058871174027,8.07467878832658
PolynomialTrendForecaster,validation,2020-10-01,8.125867661304564,8.074975450697444
PolynomialTrendForecaster,validation,2020-10-02,8.116243848438193,8.07527202820773
PolynomialTrendForecaster,validation,2020-10-05,8.134056957441095,8.075568520857432
PolynomialTrendForecaster,validation,2020-10-06,8.119984893053571,8.075864928646556
PolynomialTrendForecaster,validation,2020-10-07,8.137232056823812,8.076161251575098
PolynomialTrendForecaster,validation,2020-10-08,8.145210269718682,8.07645748964306
PolynomialTrendForecaster,validation,2020-10-09,8.153965364899435,8.076753642850441
PolynomialTrendForecaster,validation,2020-10-12,8.17024789505776,8.077049711197242
PolynomialTrendForecaster,validation,2020-10-13,8.163921003428596,8.077345694683462
PolynomialTrendForecaster,validation,2020-10-14,8.157275831344537,8.077641593309101
PolynomialTrendForecaster,validation,2020-10-15,8.155746907830324,8.07793740707416
PolynomialTrendForecaster,validation,2020-10-16,8.155881818286954,8.078233135978639
PolynomialTrendForecaster,validation,2020-10-19,8.139417154772012,8.078528780022536
PolynomialTrendForecaster,validation,2020-10-20,8.144133350092012,8.078824339205854
PolynomialTrendForecaster,validation,2020-10-21,8.141935236080442,8.079119813528589
PolynomialTrendForecaster,validation,2020-10-22,8.147140590083934,8.079415202990745
PolynomialTrendForecaster,validation,2020-10-23,8.150580428404323,8.07971050759232
PolynomialTrendForecaster,validation,2020-10-26,8.131815955419002,8.080005727333315
PolynomialTrendForecaster,validation,2020-10-27,8.128785750068555,8.08030086221373
PolynomialTrendForecaster,validation,2020-10-28,8.092860207959978,8.080595912233562
PolynomialTrendForecaster,validation,2020-10-29,8.104736732899976,8.080890877392815
PolynomialTrendForecaster,validation,2020-10-30,8.092533019454715,8.081185757691486
PolynomialTrendForecaster,validation,2020-11-02,8.104775970345306,8.081480553129579
PolynomialTrendForecaster,validation,2020-11-03,8.122418708029384,8.081775263707089
PolynomialTrendForecaster,validation,2020-11-04,8.144226233684476,8.08206988942402
PolynomialTrendForecaster,validation,2020-11-05,8.163499499461178,8.082364430280368
PolynomialTrendForecaster,validation,2020-11-06,8.163211742875804,8.082658886276137
PolynomialTrendForecaster,validation,2020-11-09,8.174843717622148,8.082953257411326
PolynomialTrendForecaster,validation,2020-11-10,8.17344294240128,8.083247543685934
PolynomialTrendForecaster,validation,2020-11-11,8.181065670764273,8.08354174509996
PolynomialTrendForecaster,validation,2020-11-12,8.171037019217202,8.083835861653407
PolynomialTrendForecaster,validation,2020-11-13,8.184555565923496,8.084129893346272
PolynomialTrendForecaster,validation,2020-11-16,8.196136300846328,8.084423840178559
PolynomialTrendForecaster,validation,2020-11-17,8.191332857061681,8.084717702150263
PolynomialTrendForecaster,validation,2020-11-18,8.1797016464142,8.085011479261386
PolynomialTrendForecaster,validation,2020-11-19,8.183640322104933,8.08530517151193
PolynomialTrendForecaster,validation,2020-11-20,8.176824584732014,8.085598778901893
PolynomialTrendForecaster,validation,2020-11-23,8.182444692913863,8.085892301431276
PolynomialTrendForecaster,validation,2020-11-24,8.198477151727896,8.086185739100078
PolynomialTrendForecaster,validation,2020-11-25,8.196891476972386,8.086479091908298
PolynomialTrendForecaster,validation,2020-11-27,8.199285587998288,8.086772359855939
PolynomialTrendForecaster,validation,2020-11-30,8.194679447361315,8.087065542942998
PolynomialTrendForecaster,validation,2020-12-01,8.20588758802291,8.087358641169477
PolynomialTrendForecaster,validation,2020-12-02,8.207677152551513,8.087651654535374
PolynomialTrendForecaster,validation,2020-12-03,8.207052800471219,8.087944583040693
PolynomialTrendForecaster,validation,2020-12-04,8.215850264186406,8.08823742668543
PolynomialTrendForecaster,validation,2020-12-07,8.213912750747442,8.088530185469587
PolynomialTrendForecaster,validation,2020-12-08,8.216696021917613,8.088822859393163
PolynomialTrendForecaster,validation,2020-12-09,8.20871505696914,8.089115448456159
PolynomialTrendForecaster,validation,2020-12-10,8.207429122441368,8.089407952658572
PolynomialTrendForecaster,validation,2020-12-11,8.206163324357137,8.089700372000406
PolynomialTrendForecaster,validation,2020-12-14,8.20179453611199,8.08999270648166
PolynomialTrendForecaster,validation,2020-12-15,8.214633018134208,8.090284956102334
PolynomialTrendForecaster,validation,2020-12-16,8.216404243754532,8.090577120862426
PolynomialTrendForecaster,validation,2020-12-17,8.222145386563515,8.090869200761936
PolynomialTrendForecaster,validation,2020-12-18,8.218628089611366,8.091161195800868
PolynomialTrendForecaster,validation,2020-12-21,8.214714161124457,8.091453105979218
PolynomialTrendForecaster,validation,2020-12-22,8.212638916432686,8.091744931296988
PolynomialTrendForecaster,validation,2020-12-23,8.213384449704504,8.092036671754178
PolynomialTrendForecaster,validation,2020-12-24,8.216914799683991,8.092328327350787
PolynomialTrendForecaster,validation,2020-12-28,8.225599507222404,8.092619898086815
PolynomialTrendForecaster,validation,2020-12-29,8.223369642395124,8.092911383962262
PolynomialTrendForecaster,validation,2020-12-30,8.224710290490204,8.093202784977128
PolynomialTrendForecaster,validation,2020-12-31,8.231128495201908,8.093494101131414
PolynomialTrendForecaster,validation,2021-01-04,8.216263732489882,8.093785332425119
PolynomialTrendForecaster,validation,2021-01-05,8.223321363873243,8.094076478858245
PolynomialTrendForecaster,validation,2021-01-06,8.229014967255718,8.094367540430788
PolynomialTrendForecaster,validation,2021-01-07,8.24375322736347,8.094658517142753
PolynomialTrendForecaster,validation,2021-01-08,8.249230064756986,8.094949408994136
PolynomialTrendForecaster,validation,2021-01-11,8.242653737140365,8.095240215984937
PolynomialTrendForecaster,validation,2021-01-12,8.243069439170934,8.095530938115159
PolynomialTrendForecaster,validation,2021-01-13,8.24534249555766,8.0958215753848
PolynomialTrendForecaster,validation,2021-01-14,8.241581982488917,8.09611212779386
PolynomialTrendForecaster,validation,2021-01-15,8.234365981690638,8.09640259534234
PolynomialTrendForecaster,validation,2021-01-19,8.2424694393264,8.09669297803024
PolynomialTrendForecaster,validation,2021-01-20,8.256308856702912,8.096983275857559
PolynomialTrendForecaster,validation,2021-01-21,8.256625529864225,8.097273488824298
PolynomialTrendForecaster,validation,2021-01-22,8.253610377201287,8.097563616930454
PolynomialTrendForecaster,validation,2021-01-25,8.257219694714305,8.097853660176032
PolynomialTrendForecaster,validation,2021-01-26,8.255729751553151,8.098143618561028
PolynomialTrendForecaster,validation,2021-01-27,8.22971643642705,8.098433492085443
PolynomialTrendForecaster,validation,2021-01-28,8.23942973520581,8.098723280749278
PolynomialTrendForecaster,validation,2021-01-29,8.219929357551019,8.099012984552532
PolynomialTrendForecaster,validation,2021-02-01,8.235853657785697,8.099302603495206
PolynomialTrendForecaster,validation,2021-02-02,8.249656186600008,8.0995921375773
PolynomialTrendForecaster,validation,2021-02-03,8.250664447215353,8.099881586798812
PolynomialTrendForecaster,validation,2021-02-04,8.261459294859275,8.100170951159743
PolynomialTrendForecaster,validation,2021-02-05,8.265349214467038,8.100460230660095
PolynomialTrendForecaster,validation,2021-02-08,8.272721321943328,8.100749425299867
PolynomialTrendForecaster,validation,2021-02-09,8.271607176521606,8.101038535079056
PolynomialTrendForecaster,validation,2021-02-10,8.271261931999215,8.101327559997666
PolynomialTrendForecaster,validation,2021-02-11,8.272923006813803,8.101616500055695
PolynomialTrendForecaster,validation,2021-02-12,8.277622977739965,8.101905355253143
PolynomialTrendForecaster,validation,2021-02-16,8.27705354322455,8.10219412559001
PolynomialTrendForecaster,validation,2021-02-17,8.276733089875632,8.102482811066297
PolynomialTrendForecaster,validation,2021-02-18,8.27230747564839,8.102771411682003
PolynomialTrendForecaster,validation,2021-02-19,8.270450856552724,8.10305992743713
PolynomialTrendForecaster,validation,2021-02-22,8.262687963659014,8.103348358331674
PolynomialTrendForecaster,validation,2021-02-23,8.26394349327054,8.103636704365638
PolynomialTrendForecaster,validation,2021-02-24,8.275231160941527,8.103924965539022
PolynomialTrendForecaster,validation,2021-02-25,8.250447766517354,8.104213141851826
PolynomialTrendForecaster,validation,2021-02-26,8.245686234223555,8.104501233304049
PolynomialTrendForecaster,validation,2021-03-01,8.269198407449249,8.104789239895691
PolynomialTrendForecaster,validation,2021-03-02,8.26108472870974,8.105077161626753
PolynomialTrendForecaster,validation,2021-03-03,8.247932392814938,8.105364998497233
PolynomialTrendForecaster,validation,2021-03-04,8.234424354750548,8.105652750507133
PolynomialTrendForecaster,validation,2021-03-05,8.253732711089258,8.105940417656452
PolynomialTrendForecaster,validation,2021-03-08,8.248359067865232,8.10622799994519
PolynomialTrendForecaster,validation,2021-03-09,8.262414468609164,8.10651549737335
PolynomialTrendForecaster,validation,2021-03-10,8.268426672380151,8.106802909940928
PolynomialTrendForecaster,validation,2021-03-11,8.278768497880808,8.107090237647924
PolynomialTrendForecaster,validation,2021-03-12,8.27978338120834,8.10737748049434
PolynomialTrendForecaster,validation,2021-03-15,8.286254320747753,8.107664638480177
PolynomialTrendForecaster,validation,2021-03-16,8.284683403769156,8.107951711605432
PolynomialTrendForecaster,validation,2021-03-17,8.287558648419315,8.108238699870107
PolynomialTrendForecaster,validation,2021-03-18,8.272688088353368,8.1085256032742
PolynomialTrendForecaster,validation,2021-03-19,8.272085202679614,8.108812421817714
PolynomialTrendForecaster,validation,2021-03-22,8.279085759577956,8.109099155500646
PolynomialTrendForecaster,validation,2021-03-23,8.271425641458622,8.109385804322999
PolynomialTrendForecaster,validation,2021-03-24,8.265943304858274,8.10967236828477
PolynomialTrendForecaster,validation,2021-03-25,8.271169888291002,8.109958847385961
PolynomialTrendForecaster,validation,2021-03-26,8.287664306949718,8.110245241626572
PolynomialTrendForecaster,validation,2021-03-29,8.286795917323332,8.1105315510066
PolynomialTrendForecaster,validation,2021-03-30,8.283633087913682,8.11081777552605
PolynomialTrendForecaster,validation,2021-03-31,8.287249041506103,8.111103915184918
PolynomialTrendForecaster,validation,2021-04-01,8.299004871933777,8.111389969983206
PolynomialTrendForecaster,validation,2021-04-05,8.31333985969602,8.111675939920914
PolynomialTrendForecaster,validation,2021-04-06,8.312365854755223,8.11196182499804
PolynomialTrendForecaster,validation,2021-04-07,8.31384000045333,8.112247625214586
PolynomialTrendForecaster,validation,2021-04-08,8.318051751393922,8.11253334057055
PolynomialTrendForecaster,validation,2021-04-09,8.32574203952961,8.112818971065936
PolynomialTrendForecaster,validation,2021-04-12,8.32554594145487,8.11310451670074
PolynomialTrendForecaster,validation,2021-04-13,8.328835013331933,8.113389977474963
PolynomialTrendForecaster,validation,2021-04-14,8.324738909011202,8.113675353388606
PolynomialTrendForecaster,validation,2021-04-15,8.335772010412322,8.113960644441669
PolynomialTrendForecaster,validation,2021-04-16,8.339374333802839,8.11424585063415
PolynomialTrendForecaster,validation,2021-04-19,8.334053643909082,8.114530971966051
PolynomialTrendForecaster,validation,2021-04-20,8.327228082904004,8.114816008437373
PolynomialTrendForecaster,validation,2021-04-21,8.336491103823857,8.115100960048112
PolynomialTrendForecaster,validation,2021-04-22,8.327237765963302,8.11538582679827
PolynomialTrendForecaster,validation,2021-04-23,8.338107175858834,8.11567060868785
PolynomialTrendForecaster,validation,2021-04-26,8.339887860423417,8.115955305716847
PolynomialTrendForecaster,validation,2021-04-27,8.339672941441972,8.116239917885265
PolynomialTrendForecaster,validation,2021-04-28,8.338827043854575,8.116524445193102
PolynomialTrendForecaster,validation,2021-04-29,8.345567085391279,8.116808887640357
PolynomialTrendForecaster,validation,2021-04-30,8.338346371974158,8.117093245227032
PolynomialTrendForecaster,validation,2021-05-03,8.34109069362367,8.117377517953127
PolynomialTrendForecaster,validation,2021-05-04,8.334389956133823,8.117661705818643
PolynomialTrendForecaster,validation,2021-05-05,8.335093172580937,8.117945808823576
PolynomialTrendForecaster,validation,2021-05-06,8.343225472079569,8.118229826967928
PolynomialTrendForecaster,validation,2021-05-07,8.350571763498756,8.118513760251702
PolynomialTrendForecaster,validation,2021-05-10,8.340081282995618,8.118797608674893
PolynomialTrendForecaster,validation,2021-05-11,8.331369532853836,8.119081372237504
PolynomialTrendForecaster,validation,2021-05-12,8.309686750495533,8.119365050939535
PolynomialTrendForecaster,validation,2021-05-13,8.321786395073627,8.119648644780984
PolynomialTrendForecaster,validation,2021-05-14,8.33659417363725,8.119932153761853
PolynomialTrendForecaster,validation,2021-05-17,8.33406091545329,8.120215577882142
PolynomialTrendForecaster,validation,2021-05-18,8.325507143069256,8.12049891714185
PolynomialTrendForecaster,validation,2021-05-19,8.322559391257878,8.120782171540977
PolynomialTrendForecaster,validation,2021-05-20,8.333058820592386,8.121065341079525
PolynomialTrendForecaster,validation,2021-05-21,8.332274632517134,8.12134842575749
PolynomialTrendForecaster,validation,2021-05-24,8.342137129998349,8.121631425574876
PolynomialTrendForecaster,validation,2021-05-25,8.34000958459752,8.121914340531681
PolynomialTrendForecaster,validation,2021-05-26,8.341884642148132,8.122197170627906
PolynomialTrendForecaster,validation,2021-05-27,8.343049278237995,8.122479915863549
PolynomialTrendForecaster,validation,2021-05-28,8.343817864690882,8.122762576238612
PolynomialTrendForecaster,validation,2021-06-01,8.343325409932252,8.123045151753095
PolynomialTrendForecaster,validation,2021-06-02,8.344771298969153,8.123327642406997
PolynomialTrendForecaster,validation,2021-06-03,8.341135995913104,8.123610048200318
PolynomialTrendForecaster,validation,2021-06-04,8.34993129929612,8.12389236913306
PolynomialTrendForecaster,validation,2021-06-07,8.349134243026699,8.12417460520522
PolynomialTrendForecaster,validation,2021-06-08,8.34930925257614,8.124456756416798
PolynomialTrendForecaster,validation,2021-06-09,8.347483719985524,8.124738822767798
PolynomialTrendForecaster,validation,2021-06-10,8.352125174761987,8.125020804258215
PolynomialTrendForecaster,validation,2021-06-11,8.354071713694795,8.125302700888053
PolynomialTrendForecaster,validation,2021-06-14,8.355885270079932,8.12558451265731
PolynomialTrendForecaster,validation,2021-06-15,8.353871550125655,8.125866239565987
PolynomialTrendForecaster,validation,2021-06-16,8.34846684637863,8.126147881614083
PolynomialTrendForecaster,validation,2021-06-17,8.348031035834957,8.126429438801598
PolynomialTrendForecaster,validation,2021-06-18,8.334819680147673,8.126710911128532
PolynomialTrendForecaster,validation,2021-06-21,8.348724843659992,8.126992298594885
PolynomialTrendForecaster,validation,2021-06-22,8.353836250038983,8.12727360120066
PolynomialTrendForecaster,validation,2021-06-23,8.352752379520334,8.127554818945852
PolynomialTrendForecaster,validation,2021-06-24,8.358546809066251,8.127835951830463
PolynomialTrendForecaster,validation,2021-06-25,8.361871872230937,8.128116999854495
PolynomialTrendForecaster,validation,2021-06-28,8.36418416109141,8.128397963017946
PolynomialTrendForecaster,validation,2021-06-29,8.364461458834096,8.128678841320816
PolynomialTrendForecaster,validation,2021-06-30,8.365788737257004,8.128959634763104
PolynomialTrendForecaster,validation,2021-07-01,8.370996778689259,8.129240343344813
PolynomialTrendForecaster,validation,2021-07-02,8.37846887458395,8.129520967065943
PolynomialTrendForecaster,validation,2021-07-06,8.376444971813928,8.12980150592649
PolynomialTrendForecaster,validation,2021-07-07,8.379798318367591,8.130081959926457
PolynomialTrendForecaster,validation,2021-07-08,8.371200437358036,8.130362329065843
PolynomialTrendForecaster,validation,2021-07-09,8.38241526326045,8.13064261334465
PolynomialTrendForecaster,validation,2021-07-12,8.385860495956043,8.130922812762874
PolynomialTrendForecaster,validation,2021-07-13,8.382337484774878,8.131202927320519
PolynomialTrendForecaster,validation,2021-07-14,8.383501741340346,8.131482957017584
PolynomialTrendForecaster,validation,2021-07-15,8.380234167777601,8.131762901854067
PolynomialTrendForecaster,validation,2021-07-16,8.372666752770789,8.13204276182997
PolynomialTrendForecaster,validation,2021-07-19,8.356669971370804,8.132322536945292
PolynomialTrendForecaster,validation,2021-07-20,8.371718777375603,8.132602227200033
PolynomialTrendForecaster,validation,2021-07-21,8.379926819037747,8.132881832594194
PolynomialTrendForecaster,validation,2021-07-22,8.38194145824699,8.133161353127774
PolynomialTrendForecaster,validation,2021-07-23,8.392035790633246,8.133440788800774
PolynomialTrendForecaster,validation,2021-07-26,8.394415157555974,8.133720139613192
PolynomialTrendForecaster,validation,2021-07-27,8.389691574173797,8.133999405565032
PolynomialTrendForecaster,validation,2021-07-28,8.389505294942245,8.13427858665629
PolynomialTrendForecaster,validation,2021-07-29,8.393702626787517,8.134557682886966
PolynomialTrendForecaster,validation,2021-07-30,8.388281913179256,8.134836694257062
PolynomialTrendForecaster,validation,2021-08-02,8.386437407509195,8.135115620766578
PolynomialTrendForecaster,validation,2021-08-03,8.394607368848114,8.135394462415514
PolynomialTrendForecaster,validation,2021-08-04,8.389964218186817,8.135673219203868
PolynomialTrendForecaster,validation,2021-08-05,8.395951704177238,8.135951891131644
PolynomialTrendForecaster,validation,2021-08-06,8.397625568725767,8.136230478198836
PolynomialTrendForecaster,validation,2021-08-09,8.39668521846081,8.136508980405448
PolynomialTrendForecaster,validation,2021-08-10,8.397677405414674,8.136787397751482
PolynomialTrendForecaster,validation,2021-08-11,8.39895233613269,8.137065730236934
PolynomialTrendForecaster,validation,2021-08-12,8.403090143868168,8.137343977861804
PolynomialTrendForecaster,validation,2021-08-13,8.404696160189092,8.137622140626094
PolynomialTrendForecaster,validation,2021-08-16,8.407313582451085,8.137900218529804
PolynomialTrendForecaster,validation,2021-08-17,8.400227838943948,8.138178211572933
PolynomialTrendForecaster,validation,2021-08-18,8.389421186098692,8.138456119755482
PolynomialTrendForecaster,validation,2021-08-19,8.39067708935485,8.13873394307745
PolynomialTrendForecaster,validation,2021-08-20,8.398785693245593,8.139011681538838
PolynomialTrendForecaster,validation,2021-08-23,8.407273361230004,8.139289335139644
PolynomialTrendForecaster,validation,2021-08-24,8.408767980031966,8.13956690387987
PolynomialTrendForecaster,validation,2021-08-25,8.410985637435218,8.139844387759515
PolynomialTrendForecaster,validation,2021-08-26,8.405143687607614,8.14012178677858
PolynomialTrendForecaster,validation,2021-08-27,8.413912759148067,8.140399100937064
PolynomialTrendForecaster,validation,2021-08-30,8.418210083254941,8.140676330234967
PolynomialTrendForecaster,validation,2021-08-31,8.416860056339049,8.14095347467229
PolynomialTrendForecaster,validation,2021-09-01,8.4171716964,8.141230534249033
PolynomialTrendForecaster,validation,2021-09-02,8.420010302154406,8.141507508965196
PolynomialTrendForecaster,validation,2021-09-03,8.419675214893225,8.141784398820777
PolynomialTrendForecaster,validation,2021-09-07,8.416273862440903,8.142061203815777
PolynomialTrendForecaster,validation,2021-09-08,8.414954425627087,8.142337923950198
PolynomialTrendForecaster,validation,2021-09-09,8.410338178477085,8.142614559224036
PolynomialTrendForecaster,validation,2021-09-10,8.402585626190808,8.142891109637295
PolynomialTrendForecaster,validation,2021-09-13,8.404859526537178,8.143167575189972
PolynomialTrendForecaster,validation,2021-09-14,8.39909631257092,8.14344395588207
PolynomialTrendForecaster,validation,2021-09-15,8.407534606793,8.143720251713587
PolynomialTrendForecaster,validation,2021-09-16,8.405982262080235,8.143996462684523
PolynomialTrendForecaster,validation,2021-09-17,8.396829631804437,8.144272588794879
PolynomialTrendForecaster,validation,2021-09-20,8.379706554078055,8.144548630044653
PolynomialTrendForecaster,validation,2021-09-21,8.378893865419508,8.144824586433849
PolynomialTrendForecaster,validation,2021-09-22,8.388368450643727,8.145100457962462
PolynomialTrendForecaster,validation,2021-09-23,8.400430131013664,8.145376244630494
PolynomialTrendForecaster,validation,2021-09-24,8.401890073825028,8.145651946437948
PolynomialTrendForecaster,validation,2021-09-27,8.39910982990484,8.14592756338482
PolynomialTrendForecaster,validation,2021-09-28,8.378535512164946,8.14620309547111
PolynomialTrendForecaster,validation,2021-09-29,8.38010346650123,8.146478542696821
PolynomialTrendForecaster,validation,2021-09-30,8.368122263556215,8.146753905061951
PolynomialTrendForecaster,validation,2021-10-01,8.37954821566955,8.1470291825665
PolynomialTrendForecaster,validation,2021-10-04,8.366477263620906,8.147304375210469
PolynomialTrendForecaster,validation,2021-10-05,8.376946781119507,8.147579482993859
PolynomialTrendForecaster,validation,2021-10-06,8.381041180469131,8.147854505916666
PolynomialTrendForecaster,validation,2021-10-07,8.389305219694197,8.148129443978892
PolynomialTrendForecaster,validation,2021-10-08,8.387389663091776,8.148404297180539
PolynomialTrendForecaster,validation,2021-10-11,8.380500221447436,8.148679065521604
PolynomialTrendForecaster,validation,2021-10-12,8.378080515760882,8.14895374900209
PolynomialTrendForecaster,validation,2021-10-13,8.381098471631113,8.149228347621994
PolynomialTrendForecaster,validation,2021-10-14,8.398017633916824,8.149502861381318
PolynomialTrendForecaster,validation,2021-10-15,8.405450154554014,8.149777290280062
PolynomialTrendForecaster,validation,2021-10-18,8.408819242355818,8.150051634318224
PolynomialTrendForecaster,validation,2021-10-19,8.416185385140054,8.150325893495806
PolynomialTrendForecaster,validation,2021-10-20,8.419842718738614,8.150600067812807
PolynomialTrendForecaster,validation,2021-10-21,8.422834111906974,8.150874157269227
PolynomialTrendForecaster,validation,2021-10-22,8.421760982682311,8.151148161865068
PolynomialTrendForecaster,validation,2021-10-25,8.426497942123165,8.151422081600327
PolynomialTrendForecaster,validation,2021-10-26,8.428316083555409,8.151695916475006
PolynomialTrendForecaster,validation,2021-10-27,8.423251713184303,8.151969666489105
PolynomialTrendForecaster,validation,2021-10-28,8.433033001608488,8.152243331642623
PolynomialTrendForecaster,validation,2021-10-29,8.434980438840205,8.15251691193556
PolynomialTrendForecaster,validation,2021-11-01,8.436778897786107,8.152790407367917
PolynomialTrendForecaster,validation,2021-11-02,8.440452504906496,8.153063817939692
PolynomialTrendForecaster,validation,2021-11-03,8.446892999519385,8.153337143650887
PolynomialTrendForecaster,validation,2021-11-04,8.451066221862202,8.153610384501501
PolynomialTrendForecaster,validation,2021-11-05,8.454792071907487,8.153883540491535
PolynomialTrendForecaster,validation,2021-11-08,8.455679465968188,8.154156611620989
PolynomialTrendForecaster,validation,2021-11-09,8.45217455504179,8.15442959788986
PolynomialTrendForecaster,validation,2021-11-10,8.443914712877929,8.154702499298153
PolynomialTrendForecaster,validation,2021-11-11,8.444465501210917,8.154975315845865
PolynomialTrendForecaster,validation,2021-11-12,8.451662198775047,8.155248047532996
PolynomialTrendForecaster,validation,2021-11-15,8.45165145889703,8.155520694359547
PolynomialTrendForecaster,validation,2021-11-16,8.455509237954157,8.155793256325516
PolynomialTrendForecaster,validation,2021-11-17,8.452904222471261,8.156065733430905
PolynomialTrendForecaster,validation,2021-11-18,8.456283287211432,8.156338125675713
PolynomialTrendForecaster,validation,2021-11-19,8.454883642606445,8.15661043305994
PolynomialTrendForecaster,validation,2021-11-22,8.451681384289484,8.156882655583589
PolynomialTrendForecaster,validation,2021-11-23,8.453337145672679,8.157154793246654
PolynomialTrendForecaster,validation,2021-11-24,8.455628369449347,8.157426846049141
PolynomialTrendForecaster,validation,2021-11-26,8.432641358290025,8.157698813991047
PolynomialTrendForecaster,validation,2021-11-29,8.445755194372849,8.15797069707237
PolynomialTrendForecaster,validation,2021-11-30,8.426611813185,8.158242495293115
PolynomialTrendForecaster,validation,2021-12-01,8.414726271727043,8.158514208653278
PolynomialTrendForecaster,validation,2021-12-02,8.4288209101231,8.15878583715286
PolynomialTrendForecaster,validation,2021-12-03,8.420336454981362,8.159057380791864
PolynomialTrendForecaster,validation,2021-12-06,8.431999054291047,8.159328839570286
PolynomialTrendForecaster,validation,2021-12-07,8.4524946574773,8.159600213488126
PolynomialTrendForecaster,validation,2021-12-08,8.455575193063886,8.159871502545386
PolynomialTrendForecaster,validation,2021-12-09,8.448368204831363,8.160142706742066
PolynomialTrendForecaster,validation,2021-12-10,8.457871973949572,8.160413826078166
PolynomialTrendForecaster,validation,2021-12-13,8.448693815606779,8.160684860553683
PolynomialTrendForecaster,validation,2021-12-14,8.441195092752155,8.160955810168621
PolynomialTrendForecaster,validation,2021-12-15,8.457411360104047,8.161226674922979
PolynomialTrendForecaster,validation,2021-12-16,8.448629496792934,8.161497454816756
PolynomialTrendForecaster,validation,2021-12-17,8.43828853220888,8.161768149849951
PolynomialTrendForecaster,validation,2021-12-20,8.426835133885623,8.162038760022568
PolynomialTrendForecaster,validation,2021-12-21,8.44445688927082,8.162309285334603
PolynomialTrendForecaster,validation,2021-12-22,8.454585617299946,8.162579725786056
PolynomialTrendForecaster,validation,2021-12-23,8.460790029985198,8.16285008137693
PolynomialTrendForecaster,validation,2021-12-27,8.474534081558804,8.163120352107223
PolynomialTrendForecaster,validation,2021-12-28,8.473523416159917,8.163390537976936
PolynomialTrendForecaster,validation,2021-12-29,8.474924329561775,8.163660638986068
PolynomialTrendForecaster,validation,2021-12-30,8.47193009571987,8.163930655134617
PolynomialTrendForecaster,validation,2021-12-31,8.469300461346396,8.164200586422588
PolynomialTrendForecaster,validation,2022-01-03,8.475654285516784,8.164470432849978
PolynomialTrendForecaster,validation,2022-01-04,8.47502446526458,8.164740194416789
PolynomialTrendForecaster,validation,2022-01-05,8.45544120096008,8.165009871123017
PolynomialTrendForecaster,validation,2022-01-06,8.454476967219898,8.165279462968664
PolynomialTrendForecaster,validation,2022-01-07,8.450418526137563,8.165548969953733
PolynomialTrendForecaster,validation,2022-01-10,8.448976455600024,8.165818392078219
PolynomialTrendForecaster,validation,2022-01-11,8.458094742052422,8.166087729342125
PolynomialTrendForecaster,validation,2022-01-12,8.460908534067089,8.166356981745452
PolynomialTrendForecaster,validation,2022-01-13,8.44656250483269,8.166626149288195
PolynomialTrendForecaster,validation,2022-01-14,8.44738214910228,8.16689523197036
PolynomialTrendForecaster,validation,2022-01-18,8.428823043704272,8.167164229791943
PolynomialTrendForecaster,validation,2022-01-19,8.419086252762812,8.167433142752946
PolynomialTrendForecaster,validation,2022-01-20,8.40798751045848,8.167701970853368
PolynomialTrendForecaster,validation,2022-01-21,8.388891515133844,8.167970714093212
PolynomialTrendForecaster,validation,2022-01-24,8.391659419892115,8.168239372472472
PolynomialTrendForecaster,validation,2022-01-25,8.379412829335248,8.168507945991152
PolynomialTrendForecaster,validation,2022-01-26,8.377915072409362,8.168776434649253
PolynomialTrendForecaster,validation,2022-01-27,8.372516437209391,8.169044838446773
PolynomialTrendForecaster,validation,2022-01-28,8.396572405124127,8.16931315738371
PolynomialTrendForecaster,validation,2022-01-31,8.415282231347112,8.169581391460069
PolynomialTrendForecaster,validation,2022-02-01,8.42212179169543,8.169849540675846
PolynomialTrendForecaster,validation,2022-02-02,8.431500192143753,8.170117605031043
PolynomialTrendForecaster,validation,2022-02-03,8.406806720423633,8.17038558452566
PolynomialTrendForecaster,validation,2022-02-04,8.411950398863496,8.170653479159697
PolynomialTrendForecaster,validation,2022-02-07,8.408241817935668,8.170921288933151
PolynomialTrendForecaster,validation,2022-02-08,8.416607931402302,8.171189013846025
PolynomialTrendForecaster,validation,2022-02-09,8.431020773481567,8.17145665389832
PolynomialTrendForecaster,validation,2022-02-10,8.41273894899651,8.171724209090032
PolynomialTrendForecaster,validation,2022-02-11,8.393587266358425,8.171991679421165
PolynomialTrendForecaster,validation,2022-02-14,8.389739275602796,8.172259064891717
PolynomialTrendForecaster,validation,2022-02-15,8.40538299324886,8.172526365501689
PolynomialTrendForecaster,validation,2022-02-16,8.406263812969144,8.17279358125108
PolynomialTrendForecaster,validation,2022-02-17,8.384863308832207,8.17306071213989
PolynomialTrendForecaster,validation,2022-02-18,8.377671347168341,8.173327758168119
PolynomialTrendForecaster,validation,2022-02-22,8.367476611733325,8.173594719335767
PolynomialTrendForecaster,validation,2022-02-23,8.348892875984538,8.173861595642837
PolynomialTrendForecaster,validation,2022-02-24,8.363738981237262,8.174128387089324
PolynomialTrendForecaster,validation,2022-02-25,8.385865061788527,8.17439509367523
PolynomialTrendForecaster,validation,2022-02-28,8.3834194703254,8.174661715400557
PolynomialTrendForecaster,validation,2022-03-01,8.367825002538789,8.174928252265303
PolynomialTrendForecaster,validation,2022-03-02,8.386296049319439,8.175194704269469
PolynomialTrendForecaster,validation,2022-03-03,8.381027528575194,8.175461071413054
PolynomialTrendForecaster,validation,2022-03-04,8.373061844032192,8.175727353696058
PolynomialTrendForecaster,validation,2022-03-07,8.343099257217776,8.17599355111848
PolynomialTrendForecaster,validation,2022-03-08,8.335839213242078,8.176259663680323
PolynomialTrendForecaster,validation,2022-03-09,8.361212811364219,8.176525691381585
PolynomialTrendForecaster,validation,2022-03-10,8.356911761443971,8.176791634222266
PolynomialTrendForecaster,validation,2022-03-11,8.343865482510733,8.177057492202367
PolynomialTrendForecaster,validation,2022-03-14,8.3364168074152,8.177323265321888
PolynomialTrendForecaster,validation,2022-03-15,8.357599437139346,8.177588953580827
PolynomialTrendForecaster,validation,2022-03-16,8.379736358787738,8.177854556979186
PolynomialTrendForecaster,validation,2022-03-17,8.39200856385644,8.178120075516965
PolynomialTrendForecaster,validation,2022-03-18,8.403603378268327,8.178385509194163
PolynomialTrendForecaster,validation,2022-03-21,8.403168623414025,8.17865085801078
PolynomialTrendForecaster,validation,2022-03-22,8.4144093229681,8.178916121966816
PolynomialTrendForecaster,validation,2022-03-23,8.402060692715605,8.179181301062272
PolynomialTrendForecaster,validation,2022-03-24,8.416302704997223,8.179446395297147
PolynomialTrendForecaster,validation,2022-03-25,8.42135608570146,8.179711404671442
PolynomialTrendForecaster,validation,2022-03-28,8.428475636721503,8.179976329185155
PolynomialTrendForecaster,validation,2022-03-29,8.440657680822895,8.18024116883829
PolynomialTrendForecaster,validation,2022-03-30,8.434344091823805,8.180505923630843
PolynomialTrendForecaster,validation,2022-03-31,8.418567756596923,8.180770593562816
PolynomialTrendForecaster,validation,2022-04-01,8.421972177558386,8.181035178634206
PolynomialTrendForecaster,validation,2022-04-04,8.43003056009052,8.181299678845017
PolynomialTrendForecaster,validation,2022-04-05,8.417399401016514,8.181564094195247
PolynomialTrendForecaster,validation,2022-04-06,8.407634967104036,8.181828424684898
PolynomialTrendForecaster,validation,2022-04-07,8.411879332656072,8.182092670313967
PolynomialTrendForecaster,validation,2022-04-08,8.40922478598052,8.182356831082455
PolynomialTrendForecaster,validation,2022-04-11,8.392203451395824,8.182620906990364
PolynomialTrendForecaster,validation,2022-04-12,8.38878015086537,8.18288489803769
PolynomialTrendForecaster,validation,2022-04-13,8.399892754134273,8.183148804224437
PolynomialTrendForecaster,validation,2022-04-14,8.387674273750765,8.183412625550602
PolynomialTrendForecaster,validation,2022-04-18,8.387469384478358,8.183676362016188
PolynomialTrendForecaster,validation,2022-04-19,8.403399429227745,8.183940013621193
PolynomialTrendForecaster,validation,2022-04-20,8.402780762821562,8.184203580365617
PolynomialTrendForecaster,validation,2022-04-21,8.387917907270252,8.18446706224946
PolynomialTrendForecaster,validation,2022-04-22,8.359785830892884,8.184730459272725
PolynomialTrendForecaster,validation,2022-04-25,8.365467596036996,8.184993771435407
PolynomialTrendForecaster,validation,2022-04-26,8.336917587108399,8.185256998737508
PolynomialTrendForecaster,validation,2022-04-27,8.339013436133364,8.18552014117903
PolynomialTrendForecaster,validation,2022-04-28,8.363459091474196,8.18578319875997
PolynomialTrendForecaster,validation,2022-04-29,8.3264999316895,8.18604617148033
PolynomialTrendForecaster,validation,2022-05-02,8.33215913098332,8.18630905934011
PolynomialTrendForecaster,validation,2022-05-03,8.336984596058679,8.186571862339308
PolynomialTrendForecaster,validation,2022-05-04,8.366409817616006,8.186834580477926
PolynomialTrendForecaster,validation,2022-05-05,8.330109140051906,8.187097213755964
PolynomialTrendForecaster,validation,2022-05-06,8.324418755637954,8.18735976217342
PolynomialTrendForecaster,validation,2022-05-09,8.29185723609835,8.187622225730296
PolynomialTrendForecaster,validation,2022-05-10,8.294312117858759,8.187884604426591
PolynomialTrendForecaster,validation,2022-05-11,8.277711885763061,8.188146898262307
PolynomialTrendForecaster,validation,2022-05-12,8.276415080768949,8.18840910723744
PolynomialTrendForecaster,validation,2022-05-13,8.300004348725817,8.188671231351995
PolynomialTrendForecaster,validation,2022-05-16,8.296050140208095,8.188933270605968
PolynomialTrendForecaster,validation,2022-05-17,8.316019059789557,8.18919522499936
PolynomialTrendForecaster,validation,2022-05-18,8.27478525049831,8.189457094532171
PolynomialTrendForecaster,validation,2022-05-19,8.26893438572096,8.189718879204403
PolynomialTrendForecaster,validation,2022-05-20,8.269080516812952,8.189980579016053
PolynomialTrendForecaster,validation,2022-05-23,8.287465512225012,8.190242193967123
PolynomialTrendForecaster,validation,2022-05-24,8.279311561321455,8.190503724057614
PolynomialTrendForecaster,validation,2022-05-25,8.288717946970387,8.190765169287522
PolynomialTrendForecaster,validation,2022-05-26,8.308406112978107,8.19102652965685
PolynomialTrendForecaster,validation,2022-05-27,8.332847243173928,8.191287805165597
PolynomialTrendForecaster,validation,2022-05-31,8.326553107980262,8.191548995813765
PolynomialTrendForecaster,validation,2022-06-01,8.319042202939107,8.191810101601352
PolynomialTrendForecaster,validation,2022-06-02,8.337305428354652,8.192071122528358
PolynomialTrendForecaster,validation,2022-06-03,8.320823022744834,8.192332058594781
PolynomialTrendForecaster,validation,2022-06-06,8.323955512151871,8.192592909800625
PolynomialTrendForecaster,validation,2022-06-07,8.33343384368359,8.19285367614589
PolynomialTrendForecaster,validation,2022-06-08,8.322581220643436,8.193114357630574
PolynomialTrendForecaster,validation,2022-06-09,8.29849476297828,8.193374954254676
PolynomialTrendForecaster,validation,2022-06-10,8.26895234816687,8.193635466018197
PolynomialTrendForecaster,validation,2022-06-13,8.22941241617683,8.19389589292114
PolynomialTrendForecaster,validation,2022-06-14,8.22563159813734,8.1941562349635
PolynomialTrendForecaster,validation,2022-06-15,8.240118656973875,8.19441649214528
PolynomialTrendForecaster,validation,2022-06-16,8.207066449860035,8.19467666446648
PolynomialTrendForecaster,validation,2022-06-17,8.209264897201047,8.194936751927099
PolynomialTrendForecaster,validation,2022-06-21,8.23344737216172,8.195196754527137
PolynomialTrendForecaster,validation,2022-06-22,8.232144952066362,8.195456672266594
PolynomialTrendForecaster,validation,2022-06-23,8.241632024551919,8.195716505145471
PolynomialTrendForecaster,validation,2022-06-24,8.27173756428182,8.195976253163767
PolynomialTrendForecaster,validation,2022-06-27,8.26876006439148,8.196235916321484
PolynomialTrendForecaster,validation,2022-06-28,8.248411391241984,8.196495494618619
PolynomialTrendForecaster,validation,2022-06-29,8.247699392421811,8.196754988055174
PolynomialTrendForecaster,validation,2022-06-30,8.238901526175443,8.197014396631147
PolynomialTrendForecaster,validation,2022-07-01,8.249400037472084,8.19727372034654
PolynomialTrendForecaster,validation,2022-07-05,8.250982912578277,8.197532959201354
PolynomialTrendForecaster,validation,2022-07-06,8.254549708283342,8.197792113195586
PolynomialTrendForecaster,validation,2022-07-07,8.269403431464273,8.198051182329237
PolynomialTrendForecaster,validation,2022-07-08,8.268572815068145,8.198310166602308
PolynomialTrendForecaster,validation,2022-07-11,8.25697839740762,8.198569066014798
PolynomialTrendForecaster,validation,2022-07-12,8.247691528910126,8.198827880566707
PolynomialTrendForecaster,validation,2022-07-13,8.24322466479831,8.199086610258037
PolynomialTrendForecaster,validation,2022-07-14,8.240221525985545,8.199345255088785
PolynomialTrendForecaster,validation,2022-07-15,8.259240757644179,8.199603815058953
PolynomialTrendForecaster,validation,2022-07-18,8.250842015158343,8.19986229016854
PolynomialTrendForecaster,validation,2022-07-19,8.278095532802073,8.200120680417546
PolynomialTrendForecaster,validation,2022-07-20,8.283974026743131,8.200378985805973
PolynomialTrendForecaster,validation,2022-07-21,8.293787093432636,8.200637206333818
PolynomialTrendForecaster,validation,2022-07-22,8.284410806138823,8.200895342001083
PolynomialTrendForecaster,validation,2022-07-25,8.285725109112128,8.201153392807766
PolynomialTrendForecaster,validation,2022-07-26,8.274114766512865,8.20141135875387
PolynomialTrendForecaster,validation,2022-07-27,8.299934815291493,8.201669239839394
PolynomialTrendForecaster,validation,2022-07-28,8.311995135083405,8.201927036064335
PolynomialTrendForecaster,validation,2022-07-29,8.32610291086516,8.202184747428698
PolynomialTrendForecaster,validation,2022-08-01,8.323275834320244,8.202442373932477
PolynomialTrendForecaster,validation,2022-08-02,8.316591145941372,8.202699915575678
PolynomialTrendForecaster,validation,2022-08-03,8.332108602211463,8.202957372358298
PolynomialTrendForecaster,validation,2022-08-04,8.331330959761878,8.203214744280338
PolynomialTrendForecaster,validation,2022-08-05,8.32970389074296,8.203472031341796
PolynomialTrendForecaster,validation,2022-08-08,8.32846557362084,8.203729233542674
PolynomialTrendForecaster,validation,2022-08-09,8.324207829384912,8.203986350882971
PolynomialTrendForecaster,validation,2022-08-10,8.34527498784532,8.204243383362687
PolynomialTrendForecaster,validation,2022-08-11,8.344569264923118,8.204500330981823
PolynomialTrendForecaster,validation,2022-08-12,8.36174331187461,8.20475719374038
PolynomialTrendForecaster,validation,2022-08-15,8.365704995930844,8.205013971638353
PolynomialTrendForecaster,validation,2022-08-16,8.367578918756791,8.205270664675748
PolynomialTrendForecaster,validation,2022-08-17,8.360314803889144,8.205527272852562
PolynomialTrendForecaster,validation,2022-08-18,8.36258179349553,8.205783796168795
PolynomialTrendForecaster,validation,2022-08-19,8.34959786478249,8.206040234624446
PolynomialTrendForecaster,validation,2022-08-22,8.327965498315995,8.20629658821952
PolynomialTrendForecaster,validation,2022-08-23,8.325725127881558,8.20655285695401
PolynomialTrendForecaster,validation,2022-08-24,8.328637044580281,8.20680904082792
PolynomialTrendForecaster,validation,2022-08-25,8.342630286416389,8.20706513984125
PolynomialTrendForecaster,validation,2022-08-26,8.30836171009935,8.207321153993998
PolynomialTrendForecaster,validation,2022-08-29,8.301673034902024,8.207577083286168
PolynomialTrendForecaster,validation,2022-08-30,8.290583618409908,8.207832927717757
PolynomialTrendForecaster,validation,2022-08-31,8.282735880201754,8.208088687288763
PolynomialTrendForecaster,validation,2022-09-01,8.28572763246895,8.20834436199919
PolynomialTrendForecaster,validation,2022-09-02,8.274933079898226,8.208599951849036
PolynomialTrendForecaster,validation,2022-09-06,8.27082961520733,8.208855456838302
PolynomialTrendForecaster,validation,2022-09-07,8.2890044638735,8.209110876966987
PolynomialTrendForecaster,validation,2022-09-08,8.295593430753941,8.209366212235091
PolynomialTrendForecaster,validation,2022-09-09,8.310749445735153,8.209621462642614
PolynomialTrendForecaster,validation,2022-09-12,8.32127809721915,8.209876628189559
PolynomialTrendForecaster,validation,2022-09-13,8.277078934187175,8.21013170887592
PolynomialTrendForecaster,validation,2022-09-14,8.28046022326602,8.210386704701703
PolynomialTrendForecaster,validation,2022-09-15,8.26907795109787,8.210641615666903
PolynomialTrendForecaster,validation,2022-09-16,8.261869901322207,8.210896441771524
PolynomialTrendForecaster,validation,2022-09-19,8.268703599046912,8.211151183015565
PolynomialTrendForecaster,validation,2022-09-20,8.257367484310313,8.211405839399024
PolynomialTrendForecaster,validation,2022-09-21,8.240102810211805,8.211660410921903
PolynomialTrendForecaster,validation,2022-09-22,8.231639516381351,8.211914897584201
PolynomialTrendForecaster,validation,2022-09-23,8.214256687614022,8.212169299385918
PolynomialTrendForecaster,validation,2022-09-26,8.20386232672374,8.212423616327055
PolynomialTrendForecaster,validation,2022-09-27,8.201739715768916,8.212677848407612
PolynomialTrendForecaster,validation,2022-09-28,8.22122085995007,8.212931995627587
PolynomialTrendForecaster,validation,2022-09-29,8.19986806512697,8.21318605798698
PolynomialTrendForecaster,validation,2022-09-30,8.184686713580762,8.213440035485796
PolynomialTrendForecaster,validation,2022-10-03,8.210241291111691,8.21369392812403
PolynomialTrendForecaster,validation,2022-10-04,8.240366632528492,8.213947735901684
PolynomialTrendForecaster,validation,2022-10-05,8.238346644969553,8.214201458818756
PolynomialTrendForecaster,validation,2022-10-06,8.228048722058158,8.214455096875248
PolynomialTrendForecaster,validation,2022-10-07,8.19964552552668,8.21470865007116
PolynomialTrendForecaster,validation,2022-10-10,8.192124852393027,8.21496211840649
PolynomialTrendForecaster,validation,2022-10-11,8.185584333980703,8.21521550188124
PolynomialTrendForecaster,validation,2022-10-12,8.182288134330538,8.21546880049541
PolynomialTrendForecaster,validation,2022-10-13,8.207922393638169,8.215722014248998
PolynomialTrendForecaster,validation,2022-10-14,8.18397527289364,8.215975143142007
PolynomialTrendForecaster,validation,2022-10-17,8.210110797451202,8.216228187174435
PolynomialTrendForecaster,validation,2022-10-18,8.22147356565829,8.21648114634628
PolynomialTrendForecaster,validation,2022-10-19,8.214779110418604,8.216734020657547
PolynomialTrendForecaster,validation,2022-10-20,8.206796423679839,8.216986810108233
PolynomialTrendForecaster,validation,2022-10-21,8.230244183540286,8.217239514698338
PolynomialTrendForecaster,validation,2022-10-24,8.242056123745398,8.217492134427863
PolynomialTrendForecaster,validation,2022-10-25,8.258191893761271,8.217744669296808
PolynomialTrendForecaster,validation,2022-10-26,8.250776753362283,8.21799711930517
PolynomialTrendForecaster,validation,2022-10-27,8.244675568309098,8.218249484452954
PolynomialTrendForecaster,validation,2022-10-28,8.269003605079954,8.218501764740155
PolynomialTrendForecaster,validation,2022-10-31,8.261521278049617,8.218753960166778
PolynomialTrendForecaster,validation,2022-11-01,8.257411614329259,8.219006070732817
PolynomialTrendForecaster,validation,2022-11-02,8.232091770591776,8.219258096438278
PolynomialTrendForecaster,validation,2022-11-03,8.221449348059819,8.219510037283158
PolynomialTrendForecaster,validation,2022-11-04,8.234976171345382,8.219761893267457
PolynomialTrendForecaster,validation,2022-11-07,8.244544233024742,8.220013664391175
PolynomialTrendForecaster,validation,2022-11-08,8.250126515853502,8.220265350654312
PolynomialTrendForecaster,validation,2022-11-09,8.2291297311412,8.22051695205687
PolynomialTrendForecaster,validation,2022-11-10,8.283082246805996,8.220768468598846
PolynomialTrendForecaster,validation,2022-11-11,8.292280559110766,8.221019900280242
PolynomialTrendForecaster,validation,2022-11-14,8.283304618565849,8.221271247101058
PolynomialTrendForecaster,validation,2022-11-15,8.291979994980517,8.221522509061293
PolynomialTrendForecaster,validation,2022-11-16,8.283693711868644,8.221773686160946
PolynomialTrendForecaster,validation,2022-11-17,8.280599607224413,8.22202477840002
PolynomialTrendForecaster,validation,2022-11-18,8.285346902872572,8.222275785778512
PolynomialTrendForecaster,validation,2022-11-21,8.281455653072296,8.222526708296424
PolynomialTrendForecaster,validation,2022-11-22,8.294944259342126,8.222777545953756
PolynomialTrendForecaster,validation,2022-11-23,8.300841525383863,8.223028298750508
PolynomialTrendForecaster,validation,2022-11-25,8.30055844112166,8.223278966686678
PolynomialTrendForecaster,validation,2022-11-28,8.284993744327595,8.223529549762267
PolynomialTrendForecaster,validation,2022-11-29,8.283400610625971,8.223780047977277
PolynomialTrendForecaster,validation,2022-11-30,8.313879254147267,8.224030461331704
PolynomialTrendForecaster,validation,2022-12-01,8.31301124431766,8.224280789825553
PolynomialTrendForecaster,validation,2022-12-02,8.311815869653898,8.22453103345882
PolynomialTrendForecaster,validation,2022-12-05,8.293759620022927,8.224781192231507
PolynomialTrendForecaster,validation,2022-12-06,8.27925575059994,8.225031266143613
PolynomialTrendForecaster,validation,2022-12-07,8.277391643346558,8.225281255195139
PolynomialTrendForecaster,validation,2022-12-08,8.284885277760491,8.225531159386083
PolynomialTrendForecaster,validation,2022-12-09,8.27750855829628,8.225780978716447
PolynomialTrendForecaster,validation,2022-12-12,8.29168686559593,8.226030713186232
PolynomialTrendForecaster,validation,2022-12-13,8.298950088851386,8.226280362795434
PolynomialTrendForecaster,validation,2022-12-14,8.29287897222755,8.226529927544057
PolynomialTrendForecaster,validation,2022-12-15,8.267641494325725,8.226779407432097
PolynomialTrendForecaster,validation,2022-12-16,8.256441254379713,8.227028802459559
PolynomialTrendForecaster,validation,2022-12-19,8.247392925438609,8.22727811262644
PolynomialTrendForecaster,validation,2022-12-20,8.248429726136498,8.22752733793274
PolynomialTrendForecaster,validation,2022-12-21,8.263188274805554,8.227776478378459
PolynomialTrendForecaster,validation,2022-12-22,8.248631132307407,8.228025533963597
PolynomialTrendForecaster,validation,2022-12-23,8.254482084579323,8.228274504688155
PolynomialTrendForecaster,validation,2022-12-27,8.250424240544664,8.228523390552134
PolynomialTrendForecaster,validation,2022-12-28,8.238330770101715,8.22877219155553
PolynomialTrendForecaster,validation,2022-12-29,8.255641404416709,8.229020907698345
PolynomialTrendForecaster,validation,2022-12-30,8.253097428770598,8.229269538980581
PolynomialTrendForecaster,validation,2023-01-03,8.249088856289324,8.229518085402237
PolynomialTrendForecaster,validation,2023-01-04,8.256599550851464,8.22976654696331
PolynomialTrendForecaster,validation,2023-01-05,8.244885681715006,8.230014923663804
PolynomialTrendForecaster,validation,2023-01-06,8.267469517304038,8.230263215503717
PolynomialTrendForecaster,validation,2023-01-09,8.266701589978046,8.23051142248305
PolynomialTrendForecaster,validation,2023-01-10,8.27365558794864,8.230759544601801
PolynomialTrendForecaster,validation,2023-01-11,8.286423159140934,8.231007581859973
PolynomialTrendForecaster,validation,2023-01-12,8.289833244052977,8.231255534257564
PolynomialTrendForecaster,validation,2023-01-13,8.293822136197633,8.231503401794573
PolynomialTrendForecaster,validation,2023-01-17,8.291789580766636,8.231751184471003
PolynomialTrendForecaster,validation,2023-01-18,8.276104613788892,8.231998882286852
PolynomialTrendForecaster,validation,2023-01-19,8.26843694188708,8.23224649524212
PolynomialTrendForecaster,validation,2023-01-20,8.287178615439432,8.232494023336807
PolynomialTrendForecaster,validation,2023-01-23,8.29898993139076,8.232741466570914
PolynomialTrendForecaster,validation,2023-01-24,8.298278175026468,8.23298882494444
PolynomialTrendForecaster,validation,2023-01-25,8.298096433453003,8.233236098457386
PolynomialTrendForecaster,validation,2023-01-26,8.309044141482117,8.23348328710975
PolynomialTrendForecaster,validation,2023-01-27,8.311535875503822,8.233730390901535
PolynomialTrendForecaster,validation,2023-01-30,8.298482306188529,8.23397740983274
PolynomialTrendForecaster,validation,2023-01-31,8.313018610604948,8.234224343903362
PolynomialTrendForecaster,validation,2023-02-01,8.323416666901833,8.234471193113405
PolynomialTrendForecaster,validation,2023-02-02,8.338009051528687,8.234717957462866
PolynomialTrendForecaster,validation,2023-02-03,8.327600458891402,8.234964636951748
PolynomialTrendForecaster,validation,2023-02-06,8.321441065697462,8.235211231580049
PolynomialTrendForecaster,validation,2023-02-07,8.33423142973486,8.23545774134777
PolynomialTrendForecaster,validation,2023-02-08,8.323088856722448,8.235704166254909
PolynomialTrendForecaster,validation,2023-02-09,8.31421984689141,8.235950506301467
PolynomialTrendForecaster,validation,2023-02-10,8.316412702600628,8.236196761487445
PolynomialTrendForecaster,validation,2023-02-13,8.327796272551783,8.236442931812844
PolynomialTrendForecaster,test,2023-02-14,8.32751581869629,8.400862516918044
PolynomialTrendForecaster,test,2023-02-15,8.330285156229365,8.401271423031048
PolynomialTrendForecaster,test,2023-02-16,8.316400467024485,8.40168031771801
PolynomialTrendForecaster,test,2023-02-17,8.313629224852201,8.402089200978933
PolynomialTrendForecaster,test,2023-02-21,8.29338444087873,8.402498072813817
PolynomialTrendForecaster,test,2023-02-22,8.291809645393087,8.40290693322266
PolynomialTrendForecaster,test,2023-02-23,8.297124923656325,8.403315782205462
PolynomialTrendForecaster,test,2023-02-24,8.28653145903655,8.403724619762226
PolynomialTrendForecaster,test,2023-02-27,8.289599751576102,8.404133445892949
PolynomialTrendForecaster,test,2023-02-28,8.286559131745154,8.404542260597633
PolynomialTrendForecaster,test,2023-03-01,8.281822667541661,8.404951063876277
PolynomialTrendForecaster,test,2023-03-02,8.289376261272858,8.405359855728882
PolynomialTrendForecaster,test,2023-03-03,8.305395010449342,8.405768636155447
PolynomialTrendForecaster,test,2023-03-06,8.30608194122819,8.40617740515597
PolynomialTrendForecaster,test,2023-03-07,8.290636350748926,8.406586162730456
PolynomialTrendForecaster,test,2023-03-08,8.292050144884529,8.4069949088789
PolynomialTrendForecaster,test,2023-03-09,8.273418286939048,8.407403643601304
PolynomialTrendForecaster,test,2023-03-10,8.25883431750298,8.40781236689767
PolynomialTrendForecaster,test,2023-03-13,8.257323415662242,8.408221078767996
PolynomialTrendForecaster,test,2023-03-14,8.273665803897606,8.40862977921228
PolynomialTrendForecaster,test,2023-03-15,8.266660439968252,8.409038468230527
PolynomialTrendForecaster,test,2023-03-16,8.284070016217283,8.409447145822732
PolynomialTrendForecaster,test,2023-03-17,8.27298939494333,8.409855811988898
PolynomialTrendForecaster,test,2023-03-20,8.281868264579272,8.410264466729023
PolynomialTrendForecaster,test,2023-03-21,8.29476691209783,8.41067311004311
PolynomialTrendForecaster,test,2023-03-22,8.278166663457988,8.411081741931156
PolynomialTrendForecaster,test,2023-03-23,8.28114674732717,8.411490362393163
PolynomialTrendForecaster,test,2023-03-24,8.286770710411473,8.41189897142913
PolynomialTrendForecaster,test,2023-03-27,8.28841630997524,8.412307569039056
PolynomialTrendForecaster,test,2023-03-28,8.286841226686851,8.412716155222943
PolynomialTrendForecaster,test,2023-03-29,8.300978097461899,8.41312472998079
PolynomialTrendForecaster,test,2023-03-30,8.306677096661382,8.413533293312597
PolynomialTrendForecaster,test,2023-03-31,8.321010424443418,8.413941845218364
PolynomialTrendForecaster,test,2023-04-03,8.324702447009221,8.414350385698093
PolynomialTrendForecaster,test,2023-04-04,8.318888607264059,8.41475891475178
PolynomialTrendForecaster,test,2023-04-05,8.316393125606938,8.415167432379429
PolynomialTrendForecaster,test,2023-04-06,8.31996589873974,8.415575938581036
PolynomialTrendForecaster,test,2023-04-10,8.32096170575675,8.415984433356604
PolynomialTrendForecaster,test,2023-04-11,8.320920352423768,8.416392916706133
PolynomialTrendForecaster,test,2023-04-12,8.316776896100306,8.41680138862962
PolynomialTrendForecaster,test,2023-04-13,8.329952406598137,8.417209849127069
PolynomialTrendForecaster,test,2023-04-14,8.327880889013558,8.417618298198478
PolynomialTrendForecaster,test,2023-04-17,8.331181592596174,8.418026735843847
PolynomialTrendForecaster,test,2023-04-18,8.33203644739964,8.418435162063176
PolynomialTrendForecaster,test,2023-04-19,8.3319521818517,8.418843576856466
PolynomialTrendForecaster,test,2023-04-20,8.325981846663389,8.419251980223715
PolynomialTrendForecaster,test,2023-04-21,8.32688462792069,8.419660372164925
PolynomialTrendForecaster,test,2023-04-24,8.327735844698962,8.420068752680095
PolynomialTrendForecaster,test,2023-04-25,8.311798660880385,8.420477121769224
PolynomialTrendForecaster,test,2023-04-26,8.30795007737704,8.420885479432314
PolynomialTrendForecaster,test,2023-04-27,8.327327270779737,8.421293825669364
PolynomialTrendForecaster,test,2023-04-28,8.33554660209298,8.421702160480375
PolynomialTrendForecaster,test,2023-05-01,8.33516042104447,8.422110483865346
PolynomialTrendForecaster,test,2023-05-02,8.323506514363897,8.422518795824276
PolynomialTrendForecaster,test,2023-05-03,8.316483606309005,8.422927096357167
PolynomialTrendForecaster,test,2023-05-04,8.309238692853942,8.423335385464018
PolynomialTrendForecaster,test,2023-05-05,8.327544859235822,8.42374366314483
PolynomialTrendForecaster,test,2023-05-08,8.327996885720705,8.424151929399601
PolynomialTrendForecaster,test,2023-05-09,8.323406946771644,8.424560184228332
PolynomialTrendForecaster,test,2023-05-10,8.327880889013558,8.424968427631024
PolynomialTrendForecaster,test,2023-05-11,8.326182824123853,8.425376659607675
PolynomialTrendForecaster,test,2023-05-12,8.324598262534414,8.425784880158288
PolynomialTrendForecaster,test,2023-05-15,8.32755206021473,8.42619308928286
PolynomialTrendForecaster,test,2023-05-16,8.321153952532812,8.426601286981391
PolynomialTrendForecaster,test,2023-05-17,8.332974641154884,8.427009473253884
PolynomialTrendForecaster,test,2023-05-18,8.342375364218611,8.427417648100336
PolynomialTrendForecaster,test,2023-05-19,8.340928450337936,8.42782581152075
PolynomialTrendForecaster,test,2023-05-22,8.341083473017738,8.428233963515122
PolynomialTrendForecaster,test,2023-05-23,8.329798004249454,8.428642104083455
PolynomialTrendForecaster,test,2023-05-24,8.322452491571148,8.429050233225748
PolynomialTrendForecaster,test,2023-05-25,8.33117194765016,8.429458350942001
PolynomialTrendForecaster,test,2023-05-26,8.3441366285818,8.429866457232215
PolynomialTrendForecaster,test,2023-05-30,8.344153231712466,8.430274552096389
PolynomialTrendForecaster,test,2023-05-31,8.338025873526252,8.430682635534522
PolynomialTrendForecaster,test,2023-06-01,8.347832088612106,8.431090707546616
PolynomialTrendForecaster,test,2023-06-02,8.362261901002213,8.43149876813267
PolynomialTrendForecaster,test,2023-06-05,8.360256309511556,8.431906817292685
PolynomialTrendForecaster,test,2023-06-06,8.362607439745407,8.43231485502666
PolynomialTrendForecaster,test,2023-06-07,8.358788145818986,8.432722881334593
PolynomialTrendForecaster,test,2023-06-08,8.36495771742651,8.433130896216488
PolynomialTrendForecaster,test,2023-06-09,8.36610511844956,8.433538899672342
PolynomialTrendForecaster,test,2023-06-12,8.375383093431315,8.433946891702158
PolynomialTrendForecaster,test,2023-06-13,8.382291664157224,8.434354872305933
PolynomialTrendForecaster,test,2023-06-14,8.38311075413735,8.434762841483668
PolynomialTrendForecaster,test,2023-06-15,8.39521533463094,8.435170799235364
PolynomialTrendForecaster,test,2023-06-16,8.391536958163188,8.435578745561019
PolynomialTrendForecaster,test,2023-06-20,8.386790604327953,8.435986680460635
PolynomialTrendForecaster,test,2023-06-21,8.381531517961028,8.436394603934211
PolynomialTrendForecaster,test,2023-06-22,8.385235448348363,8.436802515981746
PolynomialTrendForecaster,test,2023-06-23,8.37754716029186,8.437210416603243
PolynomialTrendForecaster,test,2023-06-26,8.373050225928727,8.4376183057987
PolynomialTrendForecaster,test,2023-06-27,8.38444095945291,8.438026183568116
PolynomialTrendForecaster,test,2023-06-28,8.38408682006452,8.438434049911493
PolynomialTrendForecaster,test,2023-06-29,8.38855038817901,8.43884190482883
PolynomialTrendForecaster,test,2023-06-30,8.400744738440896,8.439249748320126
PolynomialTrendForecaster,test,2023-07-03,8.401914731533568,8.439657580385385
PolynomialTrendForecaster,test,2023-07-05,8.399944473435955,8.4400654010246
PolynomialTrendForecaster,test,2023-07-06,8.39199041226006,8.440473210237778
PolynomialTrendForecaster,test,2023-07-07,8.389121199464327,8.440881008024917
PolynomialTrendForecaster,test,2023-07-10,8.391523338074954,8.441288794386015
PolynomialTrendForecaster,test,2023-07-11,8.398242922073209,8.441696569321072
PolynomialTrendForecaster,test,2023-07-12,8.405626827308598,8.442104332830091
PolynomialTrendForecaster,test,2023-07-13,8.414061310298225,8.44251208491307
PolynomialTrendForecaster,test,2023-07-14,8.413036378101317,8.442919825570007
PolynomialTrendForecaster,test,2023-07-17,8.416884347675738,8.443327554800906
PolynomialTrendForecaster,test,2023-07-18,8.423976414617167,8.443735272605764
PolynomialTrendForecaster,test,2023-07-19,8.4263315494444,8.444142978984583
PolynomialTrendForecaster,test,2023-07-20,8.419551722048142,8.444550673937362
PolynomialTrendForecaster,test,2023-07-21,8.419875764062756,8.4449583574641
PolynomialTrendForecaster,test,2023-07-24,8.42390180255963,8.4453660295648
PolynomialTrendForecaster,test,2023-07-25,8.42671252213547,8.44577369023946
PolynomialTrendForecaster,test,2023-07-26,8.426557071156793,8.44618133948808
PolynomialTrendForecaster,test,2023-07-27,8.420111678101597,8.44658897731066
PolynomialTrendForecaster,test,2023-07-28,8.42994105391203,8.4469966037072
PolynomialTrendForecaster,test,2023-07-31,8.431408689348599,8.4474042186777
PolynomialTrendForecaster,test,2023-08-01,8.428740044040916,8.44781182222216
PolynomialTrendForecaster,test,2023-08-02,8.41480384340258,8.448219414340581
PolynomialTrendForecaster,test,2023-08-03,8.412252617952289,8.448626995032962
PolynomialTrendForecaster,test,2023-08-04,8.40693844857835,8.449034564299302
PolynomialTrendForecaster,test,2023-08-07,8.415922067543207,8.449442122139603
PolynomialTrendForecaster,test,2023-08-08,8.411694862443149,8.449849668553863
PolynomialTrendForecaster,test,2023-08-09,8.404631243341102,8.450257203542085
PolynomialTrendForecaster,test,2023-08-10,8.404881925862183,8.450664727104266
PolynomialTrendForecaster,test,2023-08-11,8.403811660962955,8.451072239240407
PolynomialTrendForecaster,test,2023-08-14,8.409545665842373,8.451479739950509
PolynomialTrendForecaster,test,2023-08-15,8.397927526446276,8.451887229234572
PolynomialTrendForecaster,test,2023-08-16,8.390343444653652,8.452294707092593
PolynomialTrendForecaster,test,2023-08-17,8.382600633276123,8.452702173524575
PolynomialTrendForecaster,test,2023-08-18,8.382451915392165,8.453109628530518
PolynomialTrendForecaster,test,2023-08-21,8.389307550251965,8.45351707211042
PolynomialTrendForecaster,test,2023-08-22,8.38652621920542,8.453924504264283
PolynomialTrendForecaster,test,2023-08-23,8.39751054991621,8.454331924992106
PolynomialTrendForecaster,test,2023-08-24,8.383961195932203,8.454739334293889
PolynomialTrendForecaster,test,2023-08-25,8.3906566969925,8.45514673216963
PolynomialTrendForecaster,test,2023-08-28,8.396901775586695,8.455554118619334
PolynomialTrendForecaster,test,2023-08-29,8.411305844298752,8.455961493642999
PolynomialTrendForecaster,test,2023-08-30,8.415131698479945,8.456368857240621
PolynomialTrendForecaster,test,2023-08-31,8.413533485505605,8.456776209412205
PolynomialTrendForecaster,test,2023-09-01,8.415330998271124,8.45718355015775
PolynomialTrendForecaster,test,2023-09-05,8.411128000449741,8.457590879477253
PolynomialTrendForecaster,test,2023-09-06,8.40413198595831,8.457998197370717
PolynomialTrendForecaster,test,2023-09-07,8.400915552842577,8.458405503838142
PolynomialTrendForecaster,test,2023-09-08,8.402341158904834,8.458812798879526
PolynomialTrendForecaster,test,2023-09-11,8.40904211040297,8.45922008249487
PolynomialTrendForecaster,test,2023-09-12,8.403329941379965,8.459627354684175
PolynomialTrendForecaster,test,2023-09-13,8.4045708034975,8.46003461544744
PolynomialTrendForecaster,test,2023-09-14,8.412965389031166,8.460441864784665
PolynomialTrendForecaster,test,2023-09-15,8.400731243188673,8.46084910269585
PolynomialTrendForecaster,test,2023-09-18,8.401452270882848,8.461256329180996
PolynomialTrendForecaster,test,2023-09-19,8.399298943521314,8.461663544240102
PolynomialTrendForecaster,test,2023-09-20,8.389859739315023,8.462070747873167
PolynomialTrendForecaster,test,2023-09-21,8.373322820996535,8.462477940080193
PolynomialTrendForecaster,test,2023-09-22,8.371024583593774,8.462885120861179
PolynomialTrendForecaster,test,2023-09-25,8.375039577797581,8.463292290216126
PolynomialTrendForecaster,test,2023-09-26,8.360195412315317,8.463699448145032
PolynomialTrendForecaster,test,2023-09-27,8.360424700087611,8.464106594647898
PolynomialTrendForecaster,test,2023-09-28,8.366300577230612,8.464513729724725
PolynomialTrendForecaster,test,2023-09-29,8.363587317582322,8.464920853375512
PolynomialTrendForecaster,test,2023-10-02,8.363666681988475,8.465327965600258
PolynomialTrendForecaster,test,2023-10-03,8.349827286125027,8.465735066398965
PolynomialTrendForecaster,test,2023-10-04,8.357904333732856,8.466142155771633
PolynomialTrendForecaster,test,2023-10-05,8.35659945258586,8.46654923371826
PolynomialTrendForecaster,test,2023-10-06,8.368345094679821,8.466956300238849
PolynomialTrendForecaster,test,2023-10-09,8.37462916279921,8.467363355333395
PolynomialTrendForecaster,test,2023-10-10,8.379823638899195,8.467770399001903
PolynomialTrendForecaster,test,2023-10-11,8.38410745839929,8.46817743124437
PolynomialTrendForecaster,test,2023-10-12,8.377841433458634,8.4685844520608
PolynomialTrendForecaster,test,2023-10-13,8.372809937798415,8.468991461451187
PolynomialTrendForecaster,test,2023-10-16,8.383348580101005,8.469398459415537
PolynomialTrendForecaster,test,2023-10-17,8.38325033022156,8.469805445953845
PolynomialTrendForecaster,test,2023-10-18,8.36975992197041,8.470212421066114
PolynomialTrendForecaster,test,2023-10-19,8.361240889642351,8.470619384752343
PolynomialTrendForecaster,test,2023-10-20,8.348575740446195,8.471026337012532
PolynomialTrendForecaster,test,2023-10-23,8.34688874838076,8.471433277846682
PolynomialTrendForecaster,test,2023-10-24,8.35412827190039,8.47184020725479
PolynomialTrendForecaster,test,2023-10-25,8.339684837243151,8.47224712523686
PolynomialTrendForecaster,test,2023-10-26,8.327781756037567,8.472654031792889
PolynomialTrendForecaster,test,2023-10-27,8.322969917458945,8.47306092692288
PolynomialTrendForecaster,test,2023-10-30,8.334908391759232,8.473467810626829
PolynomialTrendForecaster,test,2023-10-31,8.341362476580919,8.47387468290474
PolynomialTrendForecaster,test,2023-11-01,8.351813671571112,8.47428154375661
PolynomialTrendForecaster,test,2023-11-02,8.370496610505198,8.47468839318244
PolynomialTrendForecaster,test,2023-11-03,8.37984649404975,8.475095231182232
PolynomialTrendForecaster,test,2023-11-06,8.38159795177385,8.475502057755982
PolynomialTrendForecaster,test,2023-11-07,8.384434045175562,8.475908872903693
PolynomialTrendForecaster,test,2023-11-08,8.385438456207982,8.476315676625365
PolynomialTrendForecaster,test,2023-11-09,8.377321765508913,8.476722468920995
PolynomialTrendForecaster,test,2023-11-10,8.392817524779685,8.477129249790586
PolynomialTrendForecaster,test,2023-11-13,8.391981336338315,8.477536019234138
PolynomialTrendForecaster,test,2023-11-14,8.410876706812893,8.47794277725165
PolynomialTrendForecaster,test,2023-11-15,8.41247244502074,8.478349523843121
PolynomialTrendForecaster,test,2023-11-16,8.413662164417453,8.478756259008554
PolynomialTrendForecaster,test,2023-11-17,8.414943392354632,8.479162982747946
PolynomialTrendForecaster,test,2023-11-20,8.422306496148426,8.479569695061299
PolynomialTrendForecaster,test,2023-11-21,8.42028352021667,8.479976395948611
PolynomialTrendForecaster,test,2023-11-22,8.424336425310983,8.480383085409883
PolynomialTrendForecaster,test,2023-11-24,8.424933120920628,8.480789763445117
PolynomialTrendForecaster,test,2023-11-27,8.422977051603729,8.48119643005431
PolynomialTrendForecaster,test,2023-11-28,8.42395669013178,8.481603085237463
PolynomialTrendForecaster,test,2023-11-29,8.423009993516677,8.482009728994576
PolynomialTrendForecaster,test,2023-11-30,8.426786924781672,8.48241636132565
PolynomialTrendForecaster,test,2023-12-01,8.432643483735518,8.482822982230683
PolynomialTrendForecaster,test,2023-12-04,8.427220295671692,8.483229591709676
PolynomialTrendForecaster,test,2023-12-05,8.426651264077757,8.483636189762631
PolynomialTrendForecaster,test,2023-12-06,8.422737412132813,8.484042776389545
PolynomialTrendForecaster,test,2023-12-07,8.430674022817636,8.484449351590419
PolynomialTrendForecaster,test,2023-12-08,8.43476115696414,8.484855915365253
PolynomialTrendForecaster,test,2023-12-11,8.43867797051192,8.485262467714048
PolynomialTrendForecaster,test,2023-12-12,8.443266783307612,8.485669008636803
PolynomialTrendForecaster,test,2023-12-13,8.456825128482633,8.486075538133518
PolynomialTrendForecaster,test,2023-12-14,8.459468693667787,8.486482056204192
PolynomialTrendForecaster,test,2023-12-15,8.459392441267338,8.486888562848828
PolynomialTrendForecaster,test,2023-12-18,8.463910563530739,8.487295058067422
PolynomialTrendForecaster,test,2023-12-19,8.469759830981559,8.487701541859979
PolynomialTrendForecaster,test,2023-12-20,8.454966683016252,8.488108014226494
PolynomialTrendForecaster,test,2023-12-21,8.465215452323525,8.48851447516697
PolynomialTrendForecaster,test,2023-12-22,8.466874134476285,8.488920924681405
PolynomialTrendForecaster,test,2023-12-26,8.471096895523264,8.489327362769803
PolynomialTrendForecaster,test,2023-12-27,8.472526331139687,8.489733789432158
PolynomialTrendForecaster,test,2023-12-28,8.472896437250014,8.490140204668474
PolynomialTrendForecaster,test,2023-12-29,8.47006596021328,8.490546608478752
PolynomialTrendForecaster,test,2024-01-02,8.464389299413558,8.490953000862987
PolynomialTrendForecaster,test,2024-01-03,8.45634068108636,8.491359381821185
PolynomialTrendForecaster,test,2024-01-04,8.452906409423042,8.491765751353341
PolynomialTrendForecaster,test,2024-01-05,8.454730431062476,8.492172109459458
PolynomialTrendForecaster,test,2024-01-08,8.46874637649883,8.492578456139537
PolynomialTrendForecaster,test,2024-01-09,8.467267382646511,8.492984791393575
PolynomialTrendForecaster,test,2024-01-10,8.472917363297007,8.493391115221572
PolynomialTrendForecaster,test,2024-01-11,8.472246082460046,8.493797427623528
PolynomialTrendForecaster,test,2024-01-12,8.47299677621308,8.494203728599446
PolynomialTrendForecaster,test,2024-01-16,8.469258457160723,8.494610018149325
PolynomialTrendForecaster,test,2024-01-17,8.463625725889615,8.495016296273164
PolynomialTrendForecaster,test,2024-01-18,8.472392446615858,8.495422562970962
PolynomialTrendForecaster,test,2024-01-19,8.484630754848407,8.495828818242721
PolynomialTrendForecaster,test,2024-01-22,8.486822676035638,8.49623506208844
PolynomialTrendForecaster,test,2024-01-23,8.489739791376403,8.496641294508118
PolynomialTrendForecaster,test,2024-01-24,8.49055139035262,8.497047515501757
PolynomialTrendForecaster,test,2024-01-25,8.495797968487599,8.497453725069356
PolynomialTrendForecaster,test,2024-01-26,8.495145970732173,8.497859923210916
PolynomialTrendForecaster,test,2024-01-29,8.502674336237419,8.498266109926435
PolynomialTrendForecaster,test,2024-01-30,8.502073505840439,8.498672285215914
PolynomialTrendForecaster,test,2024-01-31,8.485836654099707,8.499078449079354
PolynomialTrendForecaster,test,2024-02-01,8.498252940213757,8.499484601516755
PolynomialTrendForecaster,test,2024-02-02,8.508880710936388,8.499890742528114
PolynomialTrendForecaster,test,2024-02-05,8.505689286227105,8.500296872113434
PolynomialTrendForecaster,test,2024-02-06,8.507997032158853,8.500702990272716
PolynomialTrendForecaster,test,2024-02-07,8.516204714752861,8.501109097005955
PolynomialTrendForecaster,test,2024-02-08,8.516775135292953,8.501515192313157
PolynomialTrendForecaster,test,2024-02-09,8.522501052421747,8.501921276194317
PolynomialTrendForecaster,test,2024-02-12,8.521551648279095,8.502327348649438
PolynomialTrendForecaster,test,2024-02-13,8.50778303885925,8.50273340967852
PolynomialTrendForecaster,test,2024-02-14,8.517317207163467,8.503139459281561
PolynomialTrendForecaster,test,2024-02-15,8.523121579837508,8.503545497458562
PolynomialTrendForecaster,test,2024-02-16,8.518306536261546,8.503951524209524
PolynomialTrendForecaster,test,2024-02-20,8.512283109795728,8.504357539534446
PolynomialTrendForecaster,test,2024-02-21,8.513546511290832,8.504763543433327
PolynomialTrendForecaster,test,2024-02-22,8.534449399957236,8.50516953590617
PolynomialTrendForecaster,test,2024-02-23,8.534797286983737,8.505575516952973
PolynomialTrendForecaster,test,2024-02-26,8.53100334773907,8.505981486573734
PolynomialTrendForecaster,test,2024-02-27,8.53270824327779,8.506387444768457
PolynomialTrendForecaster,test,2024-02-28,8.531048711956679,8.50679339153714
PolynomialTrendForecaster,test,2024-02-29,8.536264182412477,8.507199326879784
PolynomialTrendForecaster,test,2024-03-01,8.544240118845865,8.507605250796386
PolynomialTrendForecaster,test,2024-03-04,8.543046144270903,8.50801116328695
PolynomialTrendForecaster,test,2024-03-05,8.532800737994984,8.508417064351473
PolynomialTrendForecaster,test,2024-03-06,8.537928670847986,8.508822953989956
PolynomialTrendForecaster,test,2024-03-07,8.54818007313297,8.5092288322024
PolynomialTrendForecaster,test,2024-03-08,8.54163015014092,8.509634698988803
PolynomialTrendForecaster,test,2024-03-11,8.540507281872891,8.510040554349168
PolynomialTrendForecaster,test,2024-03-12,8.55164679445956,8.510446398283491
PolynomialTrendForecaster,test,2024-03-13,8.549720410457438,8.510852230791777
PolynomialTrendForecaster,test,2024-03-14,8.546845189405943,8.51125805187402
PolynomialTrendForecaster,test,2024-03-15,8.540341166546204,8.511663861530225
PolynomialTrendForecaster,test,2024-03-18,8.546639350784686,8.51206965976039
PolynomialTrendForecaster,test,2024-03-19,8.552272603829028,8.512475446564515
PolynomialTrendForecaster,test,2024-03-20,8.561137369345388,8.5128812219426
PolynomialTrendForecaster,test,2024-03-21,8.564368678439918,8.513286985894645
PolynomialTrendForecaster,test,2024-03-22,8.562965506605591,8.51369273842065
PolynomialTrendForecaster,test,2024-03-25,8.55990586622356,8.514098479520616
PolynomialTrendForecaster,test,2024-03-26,8.557102144240753,8.514504209194541
PolynomialTrendForecaster,test,2024-03-27,8.56569573982346,8.514909927442428
PolynomialTrendForecaster,test,2024-03-28,8.56681160252422,8.515315634264274
PolynomialTrendForecaster,test,2024-04-01,8.564795987997263,8.51572132966008
PolynomialTrendForecaster,test,2024-04-02,8.55753059979359,8.516127013629847
PolynomialTrendForecaster,test,2024-04-03,8.558621127316929,8.516532686173573
PolynomialTrendForecaster,test,2024-04-04,8.546210091697667,8.516938347291259
PolynomialTrendForecaster,test,2024-04-05,8.557248141833366,8.517343996982905
PolynomialTrendForecaster,test,2024-04-08,8.556873440643324,8.517749635248514
PolynomialTrendForecaster,test,2024-04-09,8.558317890116959,8.51815526208808
PolynomialTrendForecaster,test,2024-04-10,8.548815908284746,8.518560877501606
PolynomialTrendForecaster,test,2024-04-11,8.556233130268089,8.518966481489095
PolynomialTrendForecaster,test,2024-04-12,8.541575542465841,8.519372074050542
PolynomialTrendForecaster,test,2024-04-15,8.52948134667838,8.51977765518595
PolynomialTrendForecaster,test,2024-04-16,8.527422722150877,8.520183224895318
PolynomialTrendForecaster,test,2024-04-17,8.521625347074872,8.520588783178646
PolynomialTrendForecaster,test,2024-04-18,8.519414745374387,8.520994330035935
PolynomialTrendForecaster,test,2024-04-19,8.510617615720331,8.521399865467181
PolynomialTrendForecaster,test,2024-04-22,8.51931096687717,8.52180538947239
PolynomialTrendForecaster,test,2024-04-23,8.531204533444892,8.52221090205156
PolynomialTrendForecaster,test,2024-04-24,8.531417520822824,8.522616403204688
PolynomialTrendForecaster,test,2024-04-25,8.526830586552705,8.523021892931776
PolynomialTrendForecaster,test,2024-04-26,8.53698796788503,8.523427371232826
PolynomialTrendForecaster,test,2024-04-29,8.54016137596167,8.523832838107836
PolynomialTrendForecaster,test,2024-04-30,8.524305824842742,8.524238293556804
PolynomialTrendForecaster,test,2024-05-01,8.520864471357111,8.524643737579733
PolynomialTrendForecaster,test,2024-05-02,8.529951496082194,8.525049170176624
PolynomialTrendForecaster,test,2024-05-03,8.542430053741704,8.525454591347474
PolynomialTrendForecaster,test,2024-05-06,8.552703227432952,8.525860001092283
PolynomialTrendForecaster,test,2024-05-07,8.554045755661777,8.526265399411054
PolynomialTrendForecaster,test,2024-05-08,8.554039920026582,8.526670786303784
PolynomialTrendForecaster,test,2024-05-09,8.55911795266569,8.527076161770475
PolynomialTrendForecaster,test,2024-05-10,8.560765992745857,8.527481525811126
PolynomialTrendForecaster,test,2024-05-13,8.56052465957199,8.527886878425736
PolynomialTrendForecaster,test,2024-05-14,8.565350808099446,8.528292219614308
PolynomialTrendForecaster,test,2024-05-15,8.576998635886746,8.528697549376838
PolynomialTrendForecaster,test,2024-05-16,8.574914798412657,8.52910286771333
PolynomialTrendForecaster,test,2024-05-17,8.57607889410055,8.529508174623782
PolynomialTrendForecaster,test,2024-05-20,8.576994864409041,8.529913470108193
PolynomialTrendForecaster,test,2024-05-21,8.579493614175934,8.530318754166565
PolynomialTrendForecaster,test,2024-05-22,8.576783822966583,8.530724026798897
PolynomialTrendForecaster,test,2024-05-23,8.56937566068311,8.531129288005188
PolynomialTrendForecaster,test,2024-05-24,8.576352309759784,8.53153453778544
PolynomialTrendForecaster,test,2024-05-28,8.57660108066667,8.531939776139653
PolynomialTrendForecaster,test,2024-05-29,8.569206763450927,8.532345003067826
PolynomialTrendForecaster,test,2024-05-30,8.563213805915174,8.532750218569959
PolynomialTrendForecaster,test,2024-05-31,8.571209630147102,8.53315542264605
PolynomialTrendForecaster,test,2024-06-03,8.572325090370637,8.533560615296103
PolynomialTrendForecaster,test,2024-06-04,8.57382677137442,8.533965796520118
PolynomialTrendForecaster,test,2024-06-05,8.585604787224376,8.53437096631809
PolynomialTrendForecaster,test,2024-06-06,8.58540495062274,8.534776124690024
PolynomialTrendForecaster,test,2024-06-07,8.584289108572461,8.535181271635917
PolynomialTrendForecaster,test,2024-06-10,8.586866638550703,8.53558640715577
PolynomialTrendForecaster,test,2024-06-11,8.589573353405912,8.535991531249586
PolynomialTrendForecaster,test,2024-06-12,8.5980410736478,8.536396643917358
PolynomialTrendForecaster,test,2024-06-13,8.600382985084916,8.536801745159094
PolynomialTrendForecaster,test,2024-06-14,8.599989046803918,8.537206834974787
PolynomialTrendForecaster,test,2024-06-17,8.607624211176239,8.537611913364442
PolynomialTrendForecaster,test,2024-06-18,8.610142365357756,8.538016980328058
PolynomialTrendForecaster,test,2024-06-20,8.607613237962344,8.538422035865631
PolynomialTrendForecaster,test,2024-06-21,8.60604988624352,8.538827079977168
PolynomialTrendForecaster,test,2024-06-24,8.602980007087652,8.539232112662662
PolynomialTrendForecaster,test,2024-06-25,8.606905880766835,8.539637133922117
PolynomialTrendForecaster,test,2024-06-26,8.608477076991555,8.540042143755532
PolynomialTrendForecaster,test,2024-06-27,8.609383986848353,8.540447142162908
PolynomialTrendForecaster,test,2024-06-28,8.605291973385985,8.540852129144245
PolynomialTrendForecaster,test,2024-07-01,8.607963964367414,8.54125710469954
PolynomialTrendForecaster,test,2024-07-02,8.6141401701386,8.541662068828796
PolynomialTrendForecaster,test,2024-07-03,8.619211732408132,8.542067021532013
PolynomialTrendForecaster,test,2024-07-05,8.624645706769101,8.542471962809188
PolynomialTrendForecaster,test,2024-07-08,8.625661889245507,8.542876892660326
PolynomialTrendForecaster,test,2024-07-09,8.626402686723571,8.543281811085421
PolynomialTrendForecaster,test,2024-07-10,8.636559001601677,8.543686718084478
PolynomialTrendForecaster,test,2024-07-11,8.627757351632411,8.544091613657496
PolynomialTrendForecaster,test,2024-07-12,8.633259215657375,8.544496497804474
PolynomialTrendForecaster,test,2024-07-15,8.63608143208073,8.54490137052541
PolynomialTrendForecaster,test,2024-07-16,8.642450482052181,8.545306231820307
PolynomialTrendForecaster,test,2024-07-17,8.628425040528537,8.545711081689165
PolynomialTrendForecaster,test,2024-07-18,8.620577928383186,8.546115920131983
PolynomialTrendForecaster,test,2024-07-19,8.61341204915678,8.546520747148762
PolynomialTrendForecaster,test,2024-07-22,8.624146266403,8.5469255627395
PolynomialTrendForecaster,test,2024-07-23,8.622586948709055,8.547330366904198
PolynomialTrendForecaster,test,2024-07-24,8.599165706486161,8.547735159642857
PolynomialTrendForecaster,test,2024-07-25,8.594009817466445,8.548139940955474
PolynomialTrendForecaster,test,2024-07-26,8.605039237876015,8.548544710842053
PolynomialTrendForecaster,test,2024-07-29,8.605852217447843,8.548949469302592
PolynomialTrendForecaster,test,2024-07-30,8.600879703086477,8.549354216337091
PolynomialTrendForecaster,test,2024-07-31,8.616549683788394,8.54975895194555
PolynomialTrendForecaster,test,2024-08-01,8.602761559996404,8.55016367612797
PolynomialTrendForecaster,test,2024-08-02,8.58420865338785,8.550568388884349
PolynomialTrendForecaster,test,2024-08-05,8.553781611995458,8.550973090214688
PolynomialTrendForecaster,test,2024-08-06,8.564082461489058,8.551377780118989
PolynomialTrendForecaster,test,2024-08-07,8.556317746100287,8.551782458597248
PolynomialTrendForecaster,test,2024-08-08,8.579098885691186,8.552187125649468
PolynomialTrendForecaster,test,2024-08-09,8.583759684125567,8.552591781275648
PolynomialTrendForecaster,test,2024-08-12,8.583802717177289,8.55299642547579
PolynomialTrendForecaster,test,2024-08-13,8.600509950596338,8.55340105824989
PolynomialTrendForecaster,test,2024-08-14,8.604326387157537,8.55380567959795
PolynomialTrendForecaster,test,2024-08-15,8.620330877088842,8.554210289519972
PolynomialTrendForecaster,test,2024-08-16,8.622318679457237,8.554614888015951
PolynomialTrendForecaster,test,2024-08-19,8.631994006893414,8.555019475085894
PolynomialTrendForecaster,test,2024-08-20,8.630007479655806,8.555424050729794
PolynomialTrendForecaster,test,2024-08-21,8.634238194376811,8.555828614947657
PolynomialTrendForecaster,test,2024-08-22,8.625265252120155,8.556233167739478
PolynomialTrendForecaster,test,2024-08-23,8.636683189521818,8.55663770910526
PolynomialTrendForecaster,test,2024-08-26,8.633524479352213,8.557042239045002
PolynomialTrendForecaster,test,2024-08-27,8.635118404464937,8.557446757558704
PolynomialTrendForecaster,test,2024-08-28,8.629124503670202,8.557851264646366
PolynomialTrendForecaster,test,2024-08-29,8.629085123826764,8.558255760307988
PolynomialTrendForecaster,test,2024-08-30,8.639127580905908,8.55866024454357
PolynomialTrendForecaster,test,2024-09-03,8.61774961753351,8.559064717353113
PolynomialTrendForecaster,test,2024-09-04,8.61614578850613,8.559469178736617
PolynomialTrendForecaster,test,2024-09-05,8.613123207491455,8.55987362869408
PolynomialTrendForecaster,test,2024-09-06,8.595712262984032,8.560278067225504
PolynomialTrendForecaster,test,2024-09-09,8.607225797419849,8.560682494330887
PolynomialTrendForecaster,test,2024-09-10,8.611688497397644,8.56108691001023
PolynomialTrendForecaster,test,2024-09-11,8.622297053047486,8.561491314263534
PolynomialTrendForecaster,test,2024-09-12,8.62976440520429,8.561895707090798
PolynomialTrendForecaster,test,2024-09-13,8.635157547438645,8.562300088492021
PolynomialTrendForecaster,test,2024-09-16,8.636413388305956,8.562704458467206
PolynomialTrendForecaster,test,2024-09-17,8.636677903399852,8.56310881701635
PolynomialTrendForecaster,test,2024-09-18,8.633777244691538,8.563513164139454
PolynomialTrendForecaster,test,2024-09-19,8.650611601584265,8.563917499836519
PolynomialTrendForecaster,test,2024-09-20,8.648668687954249,8.564321824107545
PolynomialTrendForecaster,test,2024-09-23,8.651474022379961,8.564726136952528
PolynomialTrendForecaster,test,2024-09-24,8.653982053483308,8.565130438371474
PolynomialTrendForecaster,test,2024-09-25,8.652119070277095,8.565534728364378
PolynomialTrendForecaster,test,2024-09-26,8.656149612435295,8.565939006931245
PolynomialTrendForecaster,test,2024-09-27,8.654895609535222,8.56634327407207
PolynomialTrendForecaster,test,2024-09-30,8.659123213193663,8.566747529786856
PolynomialTrendForecaster,test,2024-10-01,8.649755364499208,8.567151774075601
PolynomialTrendForecaster,test,2024-10-02,8.649893745826196,8.567556006938307
PolynomialTrendForecaster,test,2024-10-03,8.648210917171737,8.567960228374973
PolynomialTrendForecaster,test,2024-10-04,8.657141172870922,8.5683644383856
PolynomialTrendForecaster,test,2024-10-07,8.647508909041534,8.568768636970185
PolynomialTrendForecaster,test,2024-10-08,8.657151615846228,8.569172824128733
PolynomialTrendForecaster,test,2024-10-09,8.664239846863223,8.569576999861239
PolynomialTrendForecaster,test,2024-10-10,8.662167578357241,8.569981164167707
PolynomialTrendForecaster,test,2024-10-11,8.66820118706454,8.570385317048133
PolynomialTrendForecaster,test,2024-10-14,8.675879301639133,8.57078945850252
PolynomialTrendForecaster,test,2024-10-15,8.66824073560162,8.571193588530868
PolynomialTrendForecaster,test,2024-10-16,8.6729089683844,8.571597707133176
PolynomialTrendForecaster,test,2024-10-17,8.672737793255862,8.572001814309443
PolynomialTrendForecaster,test,2024-10-18,8.676701480198636,8.572405910059672
PolynomialTrendForecaster,test,2024-10-21,8.674877047442218,8.57280999438386
PolynomialTrendForecaster,test,2024-10-22,8.674402080775021,8.573214067282008
PolynomialTrendForecaster,test,2024-10-23,8.665168256507341,8.573618128754116
PolynomialTrendForecaster,test,2024-10-24,8.667311729637898,8.574022178800185
PolynomialTrendForecaster,test,2024-10-25,8.667012237624713,8.574426217420212
PolynomialTrendForecaster,test,2024-10-28,8.669660172251445,8.574830244614201
PolynomialTrendForecaster,test,2024-10-29,8.671272998196347,8.57523426038215
PolynomialTrendForecaster,test,2024-10-30,8.667967306523858,8.57563826472406
PolynomialTrendForecaster,test,2024-10-31,8.649177171595113,8.576042257639928
PolynomialTrendForecaster,test,2024-11-01,8.653261329599639,8.576446239129758
PolynomialTrendForecaster,test,2024-11-04,8.650445284786448,8.576850209193548
PolynomialTrendForecaster,test,2024-11-05,8.66263631581601,8.577254167831297
PolynomialTrendForecaster,test,2024-11-06,8.687617596773197,8.577658115043008
PolynomialTrendForecaster,test,2024-11-07,8.695021350947194,8.578062050828677
PolynomialTrendForecaster,test,2024-11-08,8.698771144982912,8.578465975188308
PolynomialTrendForecaster,test,2024-11-11,8.699739739173868,8.578869888121899
PolynomialTrendForecaster,test,2024-11-12,8.696842887696931,8.579273789629449
PolynomialTrendForecaster,test,2024-11-13,8.697075088461073,8.57967767971096
PolynomialTrendForecaster,test,2024-11-14,8.691006979878829,8.58008155836643
PolynomialTrendForecaster,test,2024-11-15,8.677715549012035,8.58048542559586
PolynomialTrendForecaster,test,2024-11-18,8.681625708758242,8.580889281399251
PolynomialTrendForecaster,test,2024-11-19,8.685581459278838,8.581293125776604
PolynomialTrendForecaster,test,2024-11-20,8.685603409900173,8.581696958727914
PolynomialTrendForecaster,test,2024-11-21,8.69092966174446,8.582100780253185
PolynomialTrendForecaster,test,2024-11-22,8.694391621335997,8.582504590352418
PolynomialTrendForecaster,test,2024-11-25,8.697407549156123,8.58290838902561
PolynomialTrendForecaster,test,2024-11-26,8.703113246311386,8.583312176272763
PolynomialTrendForecaster,test,2024-11-27,8.699304765227808,8.583715952093874
PolynomialTrendForecaster,test,2024-11-29,8.70489688562461,8.584119716488946
PolynomialTrendForecaster,test,2024-12-02,8.707342349505192,8.584523469457979
PolynomialTrendForecaster,test,2024-12-03,8.707793696747213,8.584927211000972
PolynomialTrendForecaster,test,2024-12-04,8.71382687837535,8.585330941117924
PolynomialTrendForecaster,test,2024-12-05,8.711955352535968,8.585734659808837
PolynomialTrendForecaster,test,2024-12-06,8.714447697903505,8.58613836707371
PolynomialTrendForecaster,test,2024-12-09,8.708284530618279,8.586542062912544
PolynomialTrendForecaster,test,2024-12-10,8.705316246304,8.586945747325338
PolynomialTrendForecaster,test,2024-12-11,8.713448872715368,8.58734942031209
PolynomialTrendForecaster,test,2024-12-12,8.708020141253904,8.587753081872805
PolynomialTrendForecaster,test,2024-12-13,8.707993674264532,8.588156732007478
PolynomialTrendForecaster,test,2024-12-16,8.711785829273317,8.588560370716113
PolynomialTrendForecaster,test,2024-12-17,8.707914349792661,8.588963997998707
PolynomialTrendForecaster,test,2024-12-18,8.677977844488144,8.589367613855261
PolynomialTrendForecaster,test,2024-12-19,8.677112357737606,8.589771218285776
PolynomialTrendForecaster,test,2024-12-20,8.687922837140004,8.59017481129025
PolynomialTrendForecaster,test,2024-12-23,8.69518368672562,8.590578392868686
PolynomialTrendForecaster,test,2024-12-24,8.706165919890747,8.59098196302108
PolynomialTrendForecaster,test,2024-12-26,8.705760178802489,8.591385521747435
PolynomialTrendForecaster,test,2024-12-27,8.694642873837577,8.591789069047751
PolynomialTrendForecaster,test,2024-12-30,8.683883199895847,8.592192604922026
PolynomialTrendForecaster,test,2024-12-31,8.679589193436865,8.592596129370262
PolynomialTrendForecaster,test,2025-01-02,8.677362830287416,8.592999642392456
PolynomialTrendForecaster,test,2025-01-03,8.689880186995241,8.593403143988613
PolynomialTrendForecaster,test,2025-01-06,8.69540295349206,8.59380663415873
PolynomialTrendForecaster,test,2025-01-07,8.684236931975423,8.594210112902806
PolynomialTrendForecaster,test,2025-01-08,8.685796076069254,8.594613580220841
PolynomialTrendForecaster,test,2025-01-10,8.670264438419022,8.59501703611284
PolynomialTrendForecaster,test,2025-01-13,8.671838642797075,8.595420480578795
PolynomialTrendForecaster,test,2025-01-14,8.67298426613124,8.595823913618712
PolynomialTrendForecaster,test,2025-01-15,8.691131398635756,8.596227335232589
PolynomialTrendForecaster,test,2025-01-16,8.68901647429489,8.596630745420427
PolynomialTrendForecaster,test,2025-01-17,8.698957952603283,8.597034144182224
PolynomialTrendForecaster,test,2025-01-21,8.70768796204388,8.597437531517981
PolynomialTrendForecaster,test,2025-01-22,8.713807143130873,8.597840907427699
PolynomialTrendForecaster,test,2025-01-23,8.719106562590403,8.598244271911376
PolynomialTrendForecaster,test,2025-01-24,8.716247346605936,8.598647624969015
PolynomialTrendForecaster,test,2025-01-27,8.701559287573824,8.599050966600613
PolynomialTrendForecaster,test,2025-01-28,8.71073493175154,8.59945429680617
PolynomialTrendForecaster,test,2025-01-29,8.70604505569462,8.59985761558569
PolynomialTrendForecaster,test,2025-01-30,8.7113066038468,8.600260922939167
PolynomialTrendForecaster,test,2025-01-31,8.706246999856534,8.600664218866607
PolynomialTrendForecaster,test,2025-02-03,8.698609309127038,8.601067503368006
PolynomialTrendForecaster,test,2025-02-04,8.705808216530068,8.601470776443364
PolynomialTrendForecaster,test,2025-02-05,8.709709270445682,8.601874038092683
PolynomialTrendForecaster,test,2025-02-06,8.713346944800948,8.602277288315962
PolynomialTrendForecaster,test,2025-02-07,8.703837099107288,8.602680527113202
PolynomialTrendForecaster,test,2025-02-10,8.710527211402741,8.603083754484402
PolynomialTrendForecaster,test,2025-02-11,8.710866736546416,8.603486970429561
PolynomialTrendForecaster,test,2025-02-12,8.708139153356768,8.603890174948681
PolynomialTrendForecaster,test,2025-02-13,8.718511466571004,8.604293368041763
PolynomialTrendForecaster,test,2025-02-14,8.71843952017543,8.604696549708802
PolynomialTrendForecaster,test,2025-02-18,8.72088152383098,8.605099719949802
PolynomialTrendForecaster,test,2025-02-19,8.723255672697805,8.605502878764764
PolynomialTrendForecaster,test,2025-02-20,8.718912067813516,8.605906026153683
PolynomialTrendForecaster,test,2025-02-21,8.701700671140976,8.606309162116563
PolynomialTrendForecaster,test,2025-02-24,8.696719177574725,8.606712286653405
PolynomialTrendForecaster,test,2025-02-25,8.692028462436328,8.607115399764206
PolynomialTrendForecaster,test,2025-02-26,8.692164477465912,8.607518501448968
PolynomialTrendForecaster,test,2025-02-27,8.676172734787388,8.60792159170769
PolynomialTrendForecaster,test,2025-02-28,8.691902515208051,8.608324670540371
PolynomialTrendForecaster,test,2025-03-03,8.674149112559741,8.608727737947014
PolynomialTrendForecaster,test,2025-03-04,8.661838824328235,8.609130793927616
PolynomialTrendForecaster,test,2025-03-05,8.672936296856971,8.609533838482177
PolynomialTrendForecaster,test,2025-03-06,8.654956619749516,8.6099368716107
PolynomialTrendForecaster,test,2025-03-07,8.660462054794971,8.610339893313181
PolynomialTrendForecaster,test,2025-03-10,8.633118513006542,8.610742903589625
PolynomialTrendForecaster,test,2025-03-11,8.625521866088006,8.611145902440027
PolynomialTrendForecaster,test,2025-03-12,8.630396834028497,8.61154888986439
PolynomialTrendForecaster,test,2025-03-13,8.616408467222032,8.611951865862713
PolynomialTrendForecaster,test,2025-03-14,8.63745137317523,8.612354830434995
PolynomialTrendForecaster,test,2025-03-17,8.643847008149836,8.61275778358124
PolynomialTrendForecaster,test,2025-03-18,8.633136341075515,8.613160725301443
PolynomialTrendForecaster,test,2025-03-19,8.643876949248469,8.613563655595607
PolynomialTrendForecaster,test,2025-03-20,8.641689665734686,8.613966574463731
PolynomialTrendForecaster,test,2025-03-21,8.64251397934252,8.614369481905815
PolynomialTrendForecaster,test,2025-03-24,8.660006096471157,8.61477237792186
PolynomialTrendForecaster,test,2025-03-25,8.661579191961811,8.615175262511862
PolynomialTrendForecaster,test,2025-03-26,8.650359551604213,8.615578135675827
PolynomialTrendForecaster,test,2025-03-27,8.64704709059708,8.615980997413752
PolynomialTrendForecaster,test,2025-03-28,8.627112489470228,8.616383847725636
PolynomialTrendForecaster,test,2025-03-31,8.632635729827873,8.616786686611482
PolynomialTrendForecaster,test,2025-04-01,8.636409834383086,8.617189514071287
PolynomialTrendForecaster,test,2025-04-02,8.64311549581257,8.617592330105051
PolynomialTrendForecaster,test,2025-04-03,8.593509583983574,8.617995134712777
PolynomialTrendForecaster,test,2025-04-04,8.531900522085342,8.618397927894463
PolynomialTrendForecaster,test,2025-04-07,8.52956632747938,8.618800709650108
PolynomialTrendForecaster,test,2025-04-08,8.513741244202324,8.619203479979713
PolynomialTrendForecaster,test,2025-04-09,8.60463612403536,8.61960623888328
PolynomialTrendForecaster,test,2025-04-10,8.56941551701125,8.620008986360807
PolynomialTrendForecaster,test,2025-04-11,8.587345897847026,8.620411722412292
PolynomialTrendForecaster,test,2025-04-14,8.59525921717337,8.62081444703774
PolynomialTrendForecaster,test,2025-04-15,8.593529941948068,8.621217160237146
PolynomialTrendForecaster,test,2025-04-16,8.570866687983166,8.621619862010512
PolynomialTrendForecaster,test,2025-04-17,8.57219264660694,8.622022552357839
PolynomialTrendForecaster,test,2025-04-21,8.54834299827292,8.622425231279127
PolynomialTrendForecaster,test,2025-04-22,8.57314995039837,8.622827898774373
PolynomialTrendForecaster,test,2025-04-23,8.58967381476525,8.62323055484358
PolynomialTrendForecaster,test,2025-04-24,8.609730442847834,8.623633199486749
PolynomialTrendForecaster,test,2025-04-25,8.617076527643535,8.624035832703877
PolynomialTrendForecaster,test,2025-04-28,8.617717029182536,8.624438454494964
PolynomialTrendForecaster,test,2025-04-29,8.623502670728094,8.624841064860012
PolynomialTrendForecaster,test,2025-04-30,8.624981567980026,8.62524366379902
PolynomialTrendForecaster,test,2025-05-01,8.631260913696478,8.625646251311988
PolynomialTrendForecaster,test,2025-05-02,8.645880104805592,8.626048827398916
PolynomialTrendForecaster,test,2025-05-05,8.639478057776273,8.626451392059806
PolynomialTrendForecaster,test,2025-05-06,8.631755072497882,8.626853945294654
PolynomialTrendForecaster,test,2025-05-07,8.63609201060459,8.627256487103462
PolynomialTrendForecaster,test,2025-05-08,8.641875031752058,8.627659017486232
PolynomialTrendForecaster,test,2025-05-09,8.641163297617181,8.628061536442962
PolynomialTrendForecaster,test,2025-05-12,8.6732032742942,8.62846404397365
PolynomialTrendForecaster,test,2025-05-13,8.680425333314448,8.6288665400783
PolynomialTrendForecaster,test,2025-05-14,8.681449224556724,8.62926902475691
PolynomialTrendForecaster,test,2025-05-15,8.68557304199548,8.62967149800948
PolynomialTrendForecaster,test,2025-05-16,8.69255389136358,8.630073959836011
PolynomialTrendForecaster,test,2025-05-19,8.69342962092963,8.6304764102365
PolynomialTrendForecaster,test,2025-05-20,8.689541843860058,8.630878849210951
PolynomialTrendForecaster,test,2025-05-21,8.673275124592298,8.631281276759362
PolynomialTrendForecaster,test,2025-05-22,8.672830154569876,8.631683692881731
PolynomialTrendForecaster,test,2025-05-23,8.666099254978404,8.632086097578062
PolynomialTrendForecaster,test,2025-05-27,8.686351835780588,8.632488490848354
PolynomialTrendForecaster,test,2025-05-28,8.680765033204143,8.632890872692604
PolynomialTrendForecaster,test,2025-05-29,8.684768204074775,8.633293243110815
PolynomialTrendForecaster,test,2025-05-30,8.68468701561778,8.633695602102987
PolynomialTrendForecaster,test,2025-06-02,8.688780667108405,8.634097949669119
PolynomialTrendForecaster,test,2025-06-03,8.694564200643775,8.63450028580921
PolynomialTrendForecaster,test,2025-06-04,8.694637885388493,8.634902610523262
PolynomialTrendForecaster,test,2025-06-05,8.689346527409796,8.635304923811274
PolynomialTrendForecaster,test,2025-06-06,8.699574723625172,8.635707225673247
PolynomialTrendForecaster,test,2025-06-09,8.700494248811564,8.63610951610918
PolynomialTrendForecaster,test,2025-06-10,8.70596226135321,8.636511795119072
PolynomialTrendForecaster,test,2025-06-11,8.703214601034924,8.636914062702925
PolynomialTrendForecaster,test,2025-06-12,8.7070297341066,8.637316318860737
PolynomialTrendForecaster,test,2025-06-13,8.695669065516498,8.637718563592511
PolynomialTrendForecaster,test,2025-06-16,8.705017888664687,8.638120796898242
PolynomialTrendForecaster,test,2025-06-17,8.696630628941042,8.638523018777937
PolynomialTrendForecaster,test,2025-06-18,8.696321340906323,8.63892522923159
PolynomialTrendForecaster,test,2025-06-20,8.694140305690734,8.639327428259204
PolynomialTrendForecaster,test,2025-06-23,8.703700960761994,8.639729615860777
PolynomialTrendForecaster,test,2025-06-24,8.714761289378952,8.64013179203631
PolynomialTrendForecaster,test,2025-06-25,8.714758003270603,8.640533956785806
PolynomialTrendForecaster,test,2025-06-26,8.72274613430312,8.640936110109259
PolynomialTrendForecaster,test,2025-06-27,8.72795153355927,8.641338252006674
PolynomialTrendForecaster,test,2025-06-30,8.7331026710654,8.641740382478048
PolynomialTrendForecaster,test,2025-07-01,8.73198351395552,8.642142501523383
PolynomialTrendForecaster,test,2025-07-02,8.73671738826201,8.642544609142679
PolynomialTrendForecaster,test,2025-07-03,8.745021766472675,8.642946705335932
PolynomialTrendForecaster,test,2025-07-07,8.73712839836843,8.643348790103147
PolynomialTrendForecaster,test,2025-07-08,8.73641225511796,8.643750863444323
PolynomialTrendForecaster,test,2025-07-09,8.74245605789474,8.644152925359458
PolynomialTrendForecaster,test,2025-07-10,8.745198498967666,8.644554975848553
PolynomialTrendForecaster,test,2025-07-11,8.74189552719444,8.64495701491161
PolynomialTrendForecaster,test,2025-07-14,8.743301951525376,8.645359042548625
PolynomialTrendForecaster,test,2025-07-15,8.739337806459705,8.645761058759602
PolynomialTrendForecaster,test,2025-07-16,8.742526374985088,8.646163063544538
PolynomialTrendForecaster,test,2025-07-17,8.7478857552251,8.646565056903434
PolynomialTrendForecaster,test,2025-07-18,8.747795264922292,8.64696703883629
PolynomialTrendForecaster,test,2025-07-21,8.749193421927965,8.647369009343107
PolynomialTrendForecaster,test,2025-07-22,8.749830750424632,8.647770968423885
PolynomialTrendForecaster,test,2025-07-23,8.757612282570335,8.648172916078622
PolynomialTrendForecaster,test,2025-07-24,8.758310262567267,8.648574852307318
PolynomialTrendForecaster,test,2025-07-25,8.762276713568948,8.648976777109976
PolynomialTrendForecaster,test,2025-07-28,8.762453556040215,8.649378690486593
PolynomialTrendForecaster,test,2025-07-29,8.759489725842748,8.649780592437171
PolynomialTrendForecaster,test,2025-07-30,8.758239511904238,8.650182482961709
PolynomialTrendForecaster,test,2025-07-31,8.754537849857863,8.650584362060206
PolynomialTrendForecaster,test,2025-08-01,8.738416462672294,8.650986229732665
PolynomialTrendForecaster,test,2025-08-04,8.753046027163709,8.651388085979082
PolynomialTrendForecaster,test,2025-08-05,8.748176323383246,8.651789930799461
PolynomialTrendForecaster,test,2025-08-06,8.7554318456031,8.6521917641938
PolynomialTrendForecaster,test,2025-08-07,8.754634047431272,8.652593586162098
PolynomialTrendForecaster,test,2025-08-08,8.762403502247661,8.652995396704357
PolynomialTrendForecaster,test,2025-08-11,8.759896233853777,8.653397195820578
PolynomialTrendForecaster,test,2025-08-12,8.771177792928947,8.653798983510756
PolynomialTrendForecaster,test,2025-08-13,8.774402666312993,8.654200759774895
PolynomialTrendForecaster,test,2025-08-14,8.774705711191547,8.654602524612994
PolynomialTrendForecaster,test,2025-08-15,8.771804371275183,8.655004278025054
PolynomialTrendForecaster,test,2025-08-18,8.771703603017446,8.655406020011075
PolynomialTrendForecaster,test,2025-08-19,8.765828273905239,8.655807750571054
PolynomialTrendForecaster,test,2025-08-20,8.763393643272975,8.656209469704994
PolynomialTrendForecaster,test,2025-08-21,8.759381423544024,8.656611177412895
PolynomialTrendForecaster,test,2025-08-22,8.774453708702803,8.657012873694754
PolynomialTrendForecaster,test,2025-08-25,8.770178196163156,8.657414558550576
PolynomialTrendForecaster,test,2025-08-26,8.774303669873273,8.657816231980355
PolynomialTrendForecaster,test,2025-08-27,8.776691800326576,8.658217893984096
PolynomialTrendForecaster,test,2025-08-28,8.779843547768042,8.658619544561798
PolynomialTrendForecaster,test,2025-08-29,8.77342480736525,8.65902118371346
PolynomialTrendForecaster,test,2025-09-02,8.766478457304219,8.65942281143908
PolynomialTrendForecaster,test,2025-09-03,8.77156556960716,8.659824427738661
PolynomialTrendForecaster,test,2025-09-04,8.779877416710034,8.660226032612204
PolynomialTrendForecaster,test,2025-09-05,8.776707244040098,8.660627626059705
PolynomialTrendForecaster,test,2025-09-08,8.778811008490987,8.661029208081167
PolynomialTrendForecaster,test,2025-09-09,8.78149555552106,8.66143077867659
PolynomialTrendForecaster,test,2025-09-10,8.784474583750457,8.661832337845972
PolynomialTrendForecaster,test,2025-09-11,8.792924671373552,8.662233885589314
PolynomialTrendForecaster,test,2025-09-12,8.792441793492124,8.662635421906616
PolynomialTrendForecaster,test,2025-09-15,8.797137371218684,8.66303694679788
PolynomialTrendForecaster,test,2025-09-16,8.795848610785352,8.663438460263102
PolynomialTrendForecaster,test,2025-09-17,8.794877971707107,8.663839962302285
PolynomialTrendForecaster,test,2025-09-18,8.799655659543815,8.664241452915428
PolynomialTrendForecaster,test,2025-09-19,8.804529183481296,8.664642932102531
PolynomialTrendForecaster,test,2025-09-22,8.808929534196059,8.665044399863595
PolynomialTrendForecaster,test,2025-09-23,8.80341218236732,8.66544585619862
PolynomialTrendForecaster,test,2025-09-24,8.800561505202024,8.665847301107602
PolynomialTrendForecaster,test,2025-09-25,8.795539856459497,8.666248734590546
PolynomialTrendForecaster,test,2025-09-26,8.801424345589911,8.666650156647451
PolynomialTrendForecaster,test,2025-09-29,8.804056422849824,8.667051567278314
PolynomialTrendForecaster,test,2025-09-30,8.808138926463332,8.66745296648314
PolynomialTrendForecaster,test,2025-10-01,8.811533080634556,8.667854354261923
PolynomialTrendForecaster,test,2025-10-02,8.812151244255938,8.66825573061467
PolynomialTrendForecaster,test,2025-10-03,8.812216754912805,8.668657095541374
PolynomialTrendForecaster,test,2025-10-06,8.815856714195567,8.669058449042039
PolynomialTrendForecaster,test,2025-10-07,8.812038026488715,8.669459791116664
PolynomialTrendForecaster,test,2025-10-08,8.817848774982902,8.66986112176525
PolynomialTrendForecaster,test,2025-10-09,8.815089401002624,8.670262440987795
PolynomialTrendForecaster,test,2025-10-10,8.787603425562724,8.6706637487843
PolynomialTrendForecaster,test,2025-10-13,8.803081688599658,8.671065045154766
PolynomialTrendForecaster,test,2025-10-14,8.801516137102714,8.671466330099193
PolynomialTrendForecaster,test,2025-10-15,8.805534055606143,8.671867603617578
PolynomialTrendForecaster,test,2025-10-16,8.799219775331,8.672268865709924
PolynomialTrendForecaster,test,2025-10-17,8.804476649275527,8.672670116376231
PolynomialTrendForecaster,test,2025-10-20,8.815092373411671,8.673071355616498
PolynomialTrendForecaster,test,2025-10-21,8.815125069328088,8.673472583430724
PolynomialTrendForecaster,test,2025-10-22,8.809773234553345,8.673873799818912
PolynomialTrendForecaster,test,2025-10-23,8.815583714415359,8.674275004781059
PolynomialTrendForecaster,test,2025-10-24,8.823455076390603,8.674676198317165
PolynomialTrendForecaster,test,2025-10-27,8.835670217717983,8.675077380427233
PolynomialTrendForecaster,test,2025-10-28,8.837955548220213,8.675478551111262
PolynomialTrendForecaster,test,2025-10-29,8.83791196901548,8.675879710369248
PolynomialTrendForecaster,test,2025-10-30,8.827957777590944,8.676280858201196
PolynomialTrendForecaster,test,2025-10-31,8.830572278508829,8.676681994607105
PolynomialTrendForecaster,test,2025-11-03,8.832291512505746,8.677083119586973
PolynomialTrendForecaster,test,2025-11-04,8.820485262113419,8.6774842331408
PolynomialTrendForecaster,test,2025-11-05,8.824132159789107,8.67788533526859
PolynomialTrendForecaster,test,2025-11-06,8.812891025274384,8.678286425970338
PolynomialTrendForecaster,test,2025-11-07,8.814152071621878,8.678687505246046
PolynomialTrendForecaster,test,2025-11-10,8.82943569832538,8.679088573095715
PolynomialTrendForecaster,test,2025-11-11,8.831508898277772,8.679489629519345
PolynomialTrendForecaster,test,2025-11-12,8.832138217403717,8.679890674516933
PolynomialTrendForecaster,test,2025-11-13,8.815442765772788,8.680291708088482
PolynomialTrendForecaster,test,2025-11-14,8.814940914301516,8.680692730233993
PolynomialTrendForecaster,test,2025-11-17,8.805736416407212,8.681093740953463
PolynomialTrendForecaster,test,2025-11-18,8.797445706563042,8.681494740246892
PolynomialTrendForecaster,test,2025-11-19,8.801192514300308,8.681895728114283
PolynomialTrendForecaster,test,2025-11-20,8.785502788183992,8.682296704555633
PolynomialTrendForecaster,test,2025-11-21,8.795277891225584,8.682697669570942
PolynomialTrendForecaster,test,2025-11-24,8.810626710124666,8.683098623160213
PolynomialTrendForecaster,test,2025-11-25,8.819647596125499,8.683499565323444
PolynomialTrendForecaster,test,2025-11-26,8.826530565561649,8.683900496060634
PolynomialTrendForecaster,test,2025-11-28,8.831871052902786,8.684301415371785
PolynomialTrendForecaster,test,2025-12-01,8.82653350415673,8.684702323256897
PolynomialTrendForecaster,test,2025-12-02,8.828987725352667,8.685103219715968
PolynomialTrendForecaster,test,2025-12-03,8.831963085873753,8.685504104748999
PolynomialTrendForecaster,test,2025-12-04,8.833042824585727,8.68590497835599
PolynomialTrendForecaster,test,2025-12-05,8.834977593470406,8.686305840536942
PolynomialTrendForecaster,test,2025-12-08,8.831494278138758,8.686706691291855
PolynomialTrendForecaster,test,2025-12-09,8.830617534977744,8.687107530620727
PolynomialTrendForecaster,test,2025-12-10,8.837344415636885,8.687508358523559
PolynomialTrendForecaster,test,2025-12-11,8.839421607620602,8.687909175000351
PolynomialTrendForecaster,test,2025-12-12,8.828700694162047,8.688309980051104
PolynomialTrendForecaster,test,2025-12-15,8.82710285527021,8.688710773675815
PolynomialTrendForecaster,test,2025-12-16,8.82471609126177,8.689111555874488
PolynomialTrendForecaster,test,2025-12-17,8.8130562346504,8.689512326647122
PolynomialTrendForecaster,test,2025-12-18,8.820959186170878,8.689913085993714
PolynomialTrendForecaster,test,2025-12-19,8.829738593592708,8.690313833914269
PolynomialTrendForecaster,test,2025-12-22,8.836154464168269,8.690714570408781
PolynomialTrendForecaster,test,2025-12-23,8.840694531215059,8.691115295477255
PolynomialTrendForecaster,test,2025-12-24,8.84391083555976,8.691516009119688
PolynomialTrendForecaster,test,2025-12-26,8.84360642568265,8.691916711336082
PolynomialTrendForecaster,test,2025-12-29,8.840108262758713,8.692317402126436
PolynomialTrendForecaster,test,2025-12-30,8.838731648508059,8.692718081490751
PolynomialTrendForecaster,test,2025-12-31,8.83134678107381,8.693118749429026
PolynomialTrendForecaster,test,2026-01-02,8.833239695099927,8.69351940594126
PolynomialTrendForecaster,test,2026-01-05,8.839573719610978,8.693920051027455
PolynomialTrendForecaster,test,2026-01-06,8.84575131161487,8.694320684687609
PolynomialTrendForecaster,test,2026-01-07,8.842305458043862,8.694721306921725
PolynomialTrendForecaster,test,2026-01-08,8.842382003373285,8.6951219177298
PolynomialTrendForecaster,test,2026-01-09,8.848836614511605,8.695522517111835
PolynomialTrendForecaster,test,2026-01-12,8.850413004570786,8.69592310506783
PolynomialTrendForecaster,test,2026-01-13,8.848471998982578,8.696323681597786
PolynomialTrendForecaster,test,2026-01-14,8.843124365398443,8.696724246701702
PolynomialTrendForecaster,test,2026-01-15,8.845700969318887,8.697124800379576
PolynomialTrendForecaster,test,2026-01-16,8.845058460650437,8.697525342631414
PolynomialTrendForecaster,test,2026-01-20,8.824215999697175,8.69792587345721
PolynomialTrendForecaster,test,2026-01-21,8.835737117330735,8.698326392856966
PolynomialTrendForecaster,test,2026-01-22,8.841209618038638,8.698726900830682
PolynomialTrendForecaster,test,2026-01-23,8.84153643446612,8.699127397378358
PolynomialTrendForecaster,test,2026-01-26,8.84653002872628,8.699527882499996
PolynomialTrendForecaster,test,2026-01-27,8.85060361656672,8.699928356195594
PolynomialTrendForecaster,test,2026-01-28,8.85052189017502,8.70032881846515
PolynomialTrendForecaster,test,2026-01-29,8.849228422732558,8.700729269308667
PolynomialTrendForecaster,test,2026-01-30,8.8449172433181,8.701129708726144
PolynomialTrendForecaster,test,2026-02-02,8.850294028595464,8.701530136717583
PolynomialTrendForecaster,test,2026-02-03,8.8418545330048,8.701930553282981
PolynomialTrendForecaster,test,2026-02-04,8.836769232849786,8.702330958422339
PolynomialTrendForecaster,test,2026-02-05,8.824442554995954,8.702731352135656
PolynomialTrendForecaster,test,2026-02-06,8.843946899278155,8.703131734422934
PolynomialTrendForecaster,test,2026-02-09,8.848627017138277,8.703532105284173
PolynomialTrendForecaster,test,2026-02-10,8.845317834853768,8.703932464719372
PolynomialTrendForecaster,test,2026-02-11,8.845268877583818,8.70433281272853
PolynomialTrendForecaster,test,2026-02-12,8.8294839361977,8.704733149311648
PolynomialTrendForecaster,test,2026-02-13,8.829982900842147,8.705133474468727
PolynomialTrendForecaster,test,2026-02-17,8.831013691472803,8.705533788199768
PolynomialTrendForecaster,test,2026-02-18,8.836564328293939,8.705934090504766
PolynomialTrendForecaster,test,2026-02-19,8.833738212902404,8.706334381383726
PolynomialTrendForecaster,test,2026-02-20,8.840653968604578,8.706734660836645
PolynomialTrendForecaster,test,2026-02-23,8.830214009133122,8.707134928863525
PolynomialTrendForecaster,test,2026-02-24,8.837836498095506,8.707535185464366
PolynomialTrendForecaster,test,2026-02-25,8.845939932065635,8.707935430639166
PolynomialTrendForecaster,test,2026-02-26,8.840559905070068,8.708335664387926
PolynomialTrendForecaster,test,2026-02-27,8.836211109942031,8.708735886710645
PolynomialTrendForecaster,test,2026-03-02,8.836609385355166,8.709136097607328
PolynomialTrendForecaster,test,2026-03-03,8.827120476623854,8.709536297077968
PolynomialTrendForecaster,test,2026-03-04,8.834846602364003,8.709936485122569
PolynomialTrendForecaster,test,2026-03-05,8.8291838945913,8.71033666174113
PolynomialTrendForecaster,test,2026-03-06,8.815818174158803,8.710736826933651
PolynomialTrendForecaster,test,2026-03-09,8.824088045824192,8.711136980700132
PolynomialTrendForecaster,test,2026-03-10,8.821950643318305,8.711537123040573
PolynomialTrendForecaster,test,2026-03-11,8.821112691132669,8.711937253954975
PolynomialTrendForecaster,test,2026-03-12,8.805767882943176,8.712337373443336
PolynomialTrendForecaster,test,2026-03-13,8.799690336544673,8.712737481505659
PolynomialTrendForecaster,test,2026-03-16,8.809770246291492,8.713137578141941
PolynomialTrendForecaster,test,2026-03-17,8.812261395676446,8.713537663352183
PolynomialTrendForecaster,test,2026-03-18,8.798560396292714,8.713937737136385
PolynomialTrendForecaster,test,2026-03-19,8.795807813668816,8.714337799494547
PolynomialTrendForecaster,test,2026-03-20,8.780553879361046,8.71473785042667
PolynomialTrendForecaster,test,2026-03-23,8.791941988456118,8.715137889932754
PolynomialTrendForecaster,test,2026-03-24,8.788192392996798,8.715537918012796
PolynomialTrendForecaster,test,2026-03-25,8.793596886756747,8.7159379346668
PolynomialTrendForecaster,test,2026-03-26,8.776037445795538,8.716337939894764
PolynomialTrendForecaster,test,2026-03-27,8.759174213849487,8.716737933696686
PolynomialTrendForecaster,test,2026-03-30,8.75522066001613,8.71713791607257
PolynomialTrendForecaster,test,2026-03-31,8.78393555332593,8.717537887022413
PolynomialTrendForecaster,test,2026-04-01,8.79107849832969,8.717937846546217
PolynomialTrendForecaster,test,2026-04-02,8.792198746465926,8.718337794643983
PolynomialTrendForecaster,test,2026-04-06,8.79661575959753,8.718737731315706
PolynomialTrendForecaster,test,2026-04-07,8.797374719630659,8.71913765656139
PolynomialTrendForecaster,test,2026-04-08,8.822146757987843,8.719537570381036
PolynomialTrendForecaster,test,2026-04-09,8.828297824857357,8.71993747277464
PolynomialTrendForecaster,test,2026-04-10,8.827158655158216,8.720337363742205
PolynomialTrendForecaster,test,2026-04-13,8.837280530651958,8.72073724328373
PolynomialTrendForecaster,test,2026-04-14,8.848994519568102,8.721137111399216
PolynomialTrendForecaster,test,2026-04-15,8.856938664479667,8.72153696808866
PolynomialTrendForecaster,test,2026-04-16,8.859545220294953,8.721936813352066
PolynomialTrendForecaster,test,2026-04-17,8.87151377422369,8.722336647189431
PolynomialTrendForecaster,test,2026-04-20,8.869136578313439,8.722736469600758
PolynomialTrendForecaster,test,2026-04-21,8.862768124732586,8.723136280586044
PolynomialTrendForecaster,test,2026-04-22,8.873173880744122,8.723536080145289
PolynomialTrendForecaster,test,2026-04-23,8.869032448573183,8.723935868278495
PolynomialTrendForecaster,test,2026-04-24,8.876974516490815,8.724335644985663
PolynomialTrendForecaster,test,2026-04-27,8.878206134491366,8.724735410266788
PolynomialTrendForecaster,test,2026-04-28,8.87329994662257,8.725135164121875
PolynomialTrendForecaster,test,2026-04-29,8.872900694879057,8.725534906550923
PolynomialTrendForecaster,test,2026-04-30,8.883086879047163,8.72593463755393
PolynomialTrendForecaster,test,2026-05-01,8.886010928733684,8.726334357130897
PolynomialTrendForecaster,test,2026-05-04,8.881940466245842,8.726734065281825
PolynomialTrendForecaster,test,2026-05-05,8.890027693626418,8.727133762006712
PolynomialTrendForecaster,test,2026-05-06,8.904510637954164,8.727533447305559
PolynomialTrendForecaster,test,2026-05-07,8.900700292471486,8.727933121178367
PolynomialTrendForecaster,test,2026-05-08,8.909090697900519,8.728332783625135
PolynomialTrendForecaster,test,2026-05-11,8.910968889641193,8.728732434645863
PolynomialTrendForecaster,test,2026-05-12,8.909364995229785,8.729132074240551
PolynomialTrendForecaster,test,2026-05-13,8.91519720129278,8.7295317024092
PolynomialTrendForecaster,test,2026-05-14,8.92282365043652,8.72993131915181
PolynomialTrendForecaster,test,2026-05-15,8.91038326864879,8.730330924468378
PolynomialTrendForecaster,test,2026-05-18,8.909647330056224,8.730730518358907
PolynomialTrendForecaster,test,2026-05-19,8.902946609499553,8.731130100823396
PolynomialTrendForecaster,test,2026-05-20,8.91368081756588,8.731529671861844
PolynomialTrendForecaster,test,2026-05-21,8.915394678497545,8.731929231474254
PolynomialTrendForecaster,test,2026-05-22,8.919114723781886,8.732328779660623
PolynomialTrendForecaster,test,2026-05-26,8.925204404405033,8.732728316420953
PolynomialTrendForecaster,test,2026-05-27,8.925369269958653,8.733127841755243
PolynomialTrendForecaster,test,2026-05-28,8.93110649717087,8.733527355663494
PolynomialTrendForecaster,test,2026-05-29,8.933276401902356,8.733926858145704
PolynomialTrendForecaster,test,2026-06-01,8.935898257962847,8.734326349201874
PolynomialTrendForecaster,test,2026-06-02,8.937189512875436,8.734725828832005
